组别,文献序号,添加剂,作用活性层,单/双添加剂（1/2）,添加剂类型,器件结构,SMILES,Voc,Jsc ,FF%,PCE,分子偶极矩/debye,MaxAbsEStateIndex,MaxEStateIndex,MinAbsEStateIndex,MinEStateIndex,qed,SPS,MolWt,HeavyAtomMolWt,ExactMolWt,NumValenceElectrons,NumRadicalElectrons,MaxPartialCharge,MinPartialCharge,MaxAbsPartialCharge,MinAbsPartialCharge,BCUT2D_MWHI,BCUT2D_MWLOW,BCUT2D_CHGHI,BCUT2D_CHGLO,BCUT2D_LOGPHI,BCUT2D_LOGPLOW,BCUT2D_MRHI,BCUT2D_MRLOW,AvgIpc,BalabanJ,BertzCT,Chi0,Chi0n,Chi0v,Chi1,Chi1n,Chi1v,Chi2n,Chi2v,Chi3n,Chi3v,Chi4n,Chi4v,HallKierAlpha,Ipc,Kappa1,Kappa2,Kappa3,LabuteASA,PEOE_VSA1,PEOE_VSA10,PEOE_VSA11,PEOE_VSA12,PEOE_VSA13,PEOE_VSA14,PEOE_VSA2,PEOE_VSA3,PEOE_VSA4,PEOE_VSA5,PEOE_VSA6,PEOE_VSA7,PEOE_VSA8,PEOE_VSA9,SMR_VSA1,SMR_VSA10,SMR_VSA2,SMR_VSA3,SMR_VSA4,SMR_VSA5,SMR_VSA6,SMR_VSA7,SMR_VSA8,SMR_VSA9,SlogP_VSA1,SlogP_VSA10,SlogP_VSA11,SlogP_VSA12,SlogP_VSA2,SlogP_VSA3,SlogP_VSA4,SlogP_VSA5,SlogP_VSA6,SlogP_VSA7,SlogP_VSA8,SlogP_VSA9,TPSA,EState_VSA1,EState_VSA10,EState_VSA11,EState_VSA2,EState_VSA3,EState_VSA4,EState_VSA5,EState_VSA6,EState_VSA7,EState_VSA8,EState_VSA9,VSA_EState1,VSA_EState10,VSA_EState2,VSA_EState3,VSA_EState4,VSA_EState5,VSA_EState6,VSA_EState7,VSA_EState8,VSA_EState9,FractionCSP3,HeavyAtomCount,NHOHCount,NOCount,NumAliphaticCarbocycles,NumAliphaticHeterocycles,NumAliphaticRings,NumAromaticCarbocycles,NumAromaticHeterocycles,NumAromaticRings,NumHAcceptors,NumHDonors,NumHeteroatoms,NumRotatableBonds,NumSaturatedCarbocycles,NumSaturatedHeterocycles,NumSaturatedRings,RingCount,MolLogP,MolMR,fr_Al_COO,fr_Al_OH,fr_Al_OH_noTert,fr_ArN,fr_Ar_COO,fr_Ar_N,fr_Ar_NH,fr_Ar_OH,fr_COO,fr_COO2,fr_C_O,fr_C_O_noCOO,fr_C_S,fr_HOCCN,fr_Imine,fr_NH0,fr_NH1,fr_NH2,fr_N_O,fr_Ndealkylation1,fr_Ndealkylation2,fr_Nhpyrrole,fr_SH,fr_aldehyde,fr_alkyl_carbamate,fr_alkyl_halide,fr_allylic_oxid,fr_amide,fr_amidine,fr_aniline,fr_aryl_methyl,fr_azide,fr_azo,fr_barbitur,fr_benzene,fr_benzodiazepine,fr_bicyclic,fr_diazo,fr_dihydropyridine,fr_epoxide,fr_ester,fr_ether,fr_furan,fr_guanido,fr_halogen,fr_hdrzine,fr_hdrzone,fr_imidazole,fr_imide,fr_isocyan,fr_isothiocyan,fr_ketone,fr_ketone_Topliss,fr_lactam,fr_lactone,fr_methoxy,fr_morpholine,fr_nitrile,fr_nitro,fr_nitro_arom,fr_nitro_arom_nonortho,fr_nitroso,fr_oxazole,fr_oxime,fr_para_hydroxylation,fr_phenol,fr_phenol_noOrthoHbond,fr_phos_acid,fr_phos_ester,fr_piperdine,fr_piperzine,fr_priamide,fr_prisulfonamd,fr_pyridine,fr_quatN,fr_sulfide,fr_sulfonamd,fr_sulfone,fr_term_acetylene,fr_tetrazole,fr_thiazole,fr_thiocyan,fr_thiophene,fr_unbrch_alkane,fr_urea,FpDensityMorgan1,FpDensityMorgan2,FpDensityMorgan3,fr_hdrzine,fr_hdrzone
A,1,TCB,PM6:Y6,1,卤代挥发性固体添加剂,ITO/ PEDOT:PSS/PM6:Y6/PDIN/Ag,ClC1=CC(Cl)=CC(Cl)=C1 ,0.82,26.9,78.6,16.9,1.46085927,5.581358025,5.581358025,0.5625,0.5625,0.573089121,9.666666667,181.449,178.425,179.9300331,48,0,0.04351141,-0.084233321,0.084233321,0.04351141,35.49797714,10.35900073,1.921952586,-1.912755073,2.211839171,-1.652252581,6.377248408,1.704714412,1.588091448,3.16567031,169.0651777,6.853371151,4.365944227,6.633731065,4.18154055,2.298997517,3.432890936,1.587666373,2.896973714,0.827326835,1.481980506,0.520178761,1.393014894,0.09,85.75693819,7.200011001,2.782200282,2.052723741,68.3412018,0,0,0,0,0,0,0,0,0,0,34.80281967,18.19910121,15.06789994,0,0,34.80281967,0,0,0,0,0,33.26700115,0,0,0,0,0,34.80281967,0,0,0,0,18.19910121,15.06789994,0,0,0,0,0,0,0,15.06789994,0,0,18.19910121,0,0,34.80281967,0,16.74407407,0,1.6875,0,0,4.901759259,0,0,0,0,9,0,0,0,0,0,1,0,1,0,0,3,0,0,0,0,1,3.6468,41.472,0,0,0,0,0,0,0,0,0,0,0,0,0,0,0,0,0,0,0,0,0,0,0,0,0,0,0,0,0,0,0,0,0,0,1,0,0,0,0,0,0,0,0,0,3,0,0,0,0,0,0,0,0,0,0,0,0,0,0,0,0,0,0,0,0,0,0,0,0,0,0,0,0,0,0,0,0,0,0,0,0,0,0,0,0,0.666666667,0.888888889,1.111111111,0,0
A,1,TBB,PM6:Y6,1,卤代挥发性固体添加剂,ITO/ PEDOT:PSS/PM6:Y6/PDIN/Ag,BrC1=CC(Br)=CC(Br)=C1,0.837,27.3,78.3,17.9,1.30635082,3.352916667,3.352916667,1.072916667,1.072916667,0.679431348,9.666666667,314.802,311.778,311.7784864,48,0,0.019719819,-0.050756148,0.050756148,0.019719819,79.92079564,10.37181456,1.911007289,-1.922916515,2.225176642,-1.662625367,9.112945151,1.558148535,1.588091448,3.16567031,169.0651777,6.853371151,4.365944227,9.123933844,4.18154055,2.298997517,4.677992326,1.587666373,4.334692959,0.827326835,2.200840129,0.520178761,2.921509924,0.66,85.75693819,7.763519669,3.170355912,2.396618674,79.03404594,0,0,0,0,0,0,0,0,0,0,47.78983169,18.19910121,13.41815855,0,0,47.78983169,0,0,0,0,0,31.61725975,0,0,0,0,0,47.78983169,0,0,0,0,31.61725975,0,0,0,0,0,0,0,0,0,13.41815855,0,0,18.19910121,47.78983169,0,3.21875,10.05875,0,0,0,0,5.9725,0,0,0,0,9,0,0,0,0,0,1,0,1,0,0,3,0,0,0,0,1,3.9741,49.542,0,0,0,0,0,0,0,0,0,0,0,0,0,0,0,0,0,0,0,0,0,0,0,0,0,0,0,0,0,0,0,0,0,0,1,0,0,0,0,0,0,0,0,0,3,0,0,0,0,0,0,0,0,0,0,0,0,0,0,0,0,0,0,0,0,0,0,0,0,0,0,0,0,0,0,0,0,0,0,0,0,0,0,0,0,0.666666667,0.888888889,1.111111111,0,0
A,1,TIB,PM6:Y6,1,卤代挥发性固体添加剂,ITO/ PEDOT:PSS/PM6:Y6/PDIN/Ag,IC1=CC(I)=CC(I)=C1,0.836,26.5,77.6,17.2,1.14286446,2.321466667,2.321466667,1.309166667,1.309166667,0.525405495,9.666666667,455.802,452.778,455.7368941,48,0,0.015085684,-0.044237567,0.044237567,0.015085684,126.9147405,10.37471904,1.908906556,-1.92492926,2.146988702,-1.763104251,14.11538309,1.54687223,1.588091448,3.16567031,169.0651777,6.853371151,4.365944227,10.8384391,4.18154055,2.298997517,5.535244954,1.587666373,5.32456303,0.827326835,2.695775164,0.520178761,4.320722033,1.41,85.75693819,8.506061479,3.70104239,2.873217373,95.21691748,0,0,0,0,0,0,0,0,0,0,0,85.97171309,10.71054681,0,0,67.77261188,0,0,0,0,0,28.90964802,0,0,0,0,0,67.77261188,0,0,10.71054681,0,18.19910121,0,0,0,0,0,0,0,0,0,0,10.71054681,0,0,85.97171309,0,3.9275,6.9644,0,0,0,0,6.4681,0,0,0,0,9,0,0,0,0,0,1,0,1,0,0,3,0,0,0,0,1,3.5004,64.593,0,0,0,0,0,0,0,0,0,0,0,0,0,0,0,0,0,0,0,0,0,0,0,0,0,0,0,0,0,0,0,0,0,0,1,0,0,0,0,0,0,0,0,0,3,0,0,0,0,0,0,0,0,0,0,0,0,0,0,0,0,0,0,0,0,0,0,0,0,0,0,0,0,0,0,0,0,0,0,0,0,0,0,0,0,0.666666667,0.888888889,1.111111111,0,0
A,1,TCB,PM6:BTP-eC9,1,卤代挥发性固体添加剂,ITO/ PEDOT:PSS/PM6:BTP-eC9/PDIN/Ag,ClC1=CC(Cl)=CC(Cl)=C1 ,0.82,26.9,78.6,16.9,1.46085927,5.581358025,5.581358025,0.5625,0.5625,0.573089121,9.666666667,181.449,178.425,179.9300331,48,0,0.04351141,-0.084233321,0.084233321,0.04351141,35.49797714,10.35900073,1.921952586,-1.912755073,2.211839171,-1.652252581,6.377248408,1.704714412,1.588091448,3.16567031,169.0651777,6.853371151,4.365944227,6.633731065,4.18154055,2.298997517,3.432890936,1.587666373,2.896973714,0.827326835,1.481980506,0.520178761,1.393014894,0.09,85.75693819,7.200011001,2.782200282,2.052723741,68.3412018,0,0,0,0,0,0,0,0,0,0,34.80281967,18.19910121,15.06789994,0,0,34.80281967,0,0,0,0,0,33.26700115,0,0,0,0,0,34.80281967,0,0,0,0,18.19910121,15.06789994,0,0,0,0,0,0,0,15.06789994,0,0,18.19910121,0,0,34.80281967,0,16.74407407,0,1.6875,0,0,4.901759259,0,0,0,0,9,0,0,0,0,0,1,0,1,0,0,3,0,0,0,0,1,3.6468,41.472,0,0,0,0,0,0,0,0,0,0,0,0,0,0,0,0,0,0,0,0,0,0,0,0,0,0,0,0,0,0,0,0,0,0,1,0,0,0,0,0,0,0,0,0,3,0,0,0,0,0,0,0,0,0,0,0,0,0,0,0,0,0,0,0,0,0,0,0,0,0,0,0,0,0,0,0,0,0,0,0,0,0,0,0,0,0.666666667,0.888888889,1.111111111,0,0
A,1,TBB,PM6:BTP-eC9,1,卤代挥发性固体添加剂,ITO/ PEDOT:PSS/PM6:BTP-eC9/PDIN/Ag,BrC1=CC(Br)=CC(Br)=C1,0.837,27.3,78.3,17.9,1.30635082,3.352916667,3.352916667,1.072916667,1.072916667,0.679431348,9.666666667,314.802,311.778,311.7784864,48,0,0.019719819,-0.050756148,0.050756148,0.019719819,79.92079564,10.37181456,1.911007289,-1.922916515,2.225176642,-1.662625367,9.112945151,1.558148535,1.588091448,3.16567031,169.0651777,6.853371151,4.365944227,9.123933844,4.18154055,2.298997517,4.677992326,1.587666373,4.334692959,0.827326835,2.200840129,0.520178761,2.921509924,0.66,85.75693819,7.763519669,3.170355912,2.396618674,79.03404594,0,0,0,0,0,0,0,0,0,0,47.78983169,18.19910121,13.41815855,0,0,47.78983169,0,0,0,0,0,31.61725975,0,0,0,0,0,47.78983169,0,0,0,0,31.61725975,0,0,0,0,0,0,0,0,0,13.41815855,0,0,18.19910121,47.78983169,0,3.21875,10.05875,0,0,0,0,5.9725,0,0,0,0,9,0,0,0,0,0,1,0,1,0,0,3,0,0,0,0,1,3.9741,49.542,0,0,0,0,0,0,0,0,0,0,0,0,0,0,0,0,0,0,0,0,0,0,0,0,0,0,0,0,0,0,0,0,0,0,1,0,0,0,0,0,0,0,0,0,3,0,0,0,0,0,0,0,0,0,0,0,0,0,0,0,0,0,0,0,0,0,0,0,0,0,0,0,0,0,0,0,0,0,0,0,0,0,0,0,0,0.666666667,0.888888889,1.111111111,0,0
A,1,TIB,PM6:BTP-eC9,1,卤代挥发性固体添加剂,ITO/ PEDOT:PSS/PM6:BTP-eC9/PDIN/Ag,IC1=CC(I)=CC(I)=C1,0.836,26.5,77.6,17.2,1.14286446,2.321466667,2.321466667,1.309166667,1.309166667,0.525405495,9.666666667,455.802,452.778,455.7368941,48,0,0.015085684,-0.044237567,0.044237567,0.015085684,126.9147405,10.37471904,1.908906556,-1.92492926,2.146988702,-1.763104251,14.11538309,1.54687223,1.588091448,3.16567031,169.0651777,6.853371151,4.365944227,10.8384391,4.18154055,2.298997517,5.535244954,1.587666373,5.32456303,0.827326835,2.695775164,0.520178761,4.320722033,1.41,85.75693819,8.506061479,3.70104239,2.873217373,95.21691748,0,0,0,0,0,0,0,0,0,0,0,85.97171309,10.71054681,0,0,67.77261188,0,0,0,0,0,28.90964802,0,0,0,0,0,67.77261188,0,0,10.71054681,0,18.19910121,0,0,0,0,0,0,0,0,0,0,10.71054681,0,0,85.97171309,0,3.9275,6.9644,0,0,0,0,6.4681,0,0,0,0,9,0,0,0,0,0,1,0,1,0,0,3,0,0,0,0,1,3.5004,64.593,0,0,0,0,0,0,0,0,0,0,0,0,0,0,0,0,0,0,0,0,0,0,0,0,0,0,0,0,0,0,0,0,0,0,1,0,0,0,0,0,0,0,0,0,3,0,0,0,0,0,0,0,0,0,0,0,0,0,0,0,0,0,0,0,0,0,0,0,0,0,0,0,0,0,0,0,0,0,0,0,0,0,0,0,0,0.666666667,0.888888889,1.111111111,0,0
A,1,TCB,PM6:L8-BO,1,卤代挥发性固体添加剂,ITO/ PEDOT:PSS/PM6:L8-BO/PDIN/Ag,ClC1=CC(Cl)=CC(Cl)=C1 ,0.82,26.9,78.6,16.9,1.46085927,5.581358025,5.581358025,0.5625,0.5625,0.573089121,9.666666667,181.449,178.425,179.9300331,48,0,0.04351141,-0.084233321,0.084233321,0.04351141,35.49797714,10.35900073,1.921952586,-1.912755073,2.211839171,-1.652252581,6.377248408,1.704714412,1.588091448,3.16567031,169.0651777,6.853371151,4.365944227,6.633731065,4.18154055,2.298997517,3.432890936,1.587666373,2.896973714,0.827326835,1.481980506,0.520178761,1.393014894,0.09,85.75693819,7.200011001,2.782200282,2.052723741,68.3412018,0,0,0,0,0,0,0,0,0,0,34.80281967,18.19910121,15.06789994,0,0,34.80281967,0,0,0,0,0,33.26700115,0,0,0,0,0,34.80281967,0,0,0,0,18.19910121,15.06789994,0,0,0,0,0,0,0,15.06789994,0,0,18.19910121,0,0,34.80281967,0,16.74407407,0,1.6875,0,0,4.901759259,0,0,0,0,9,0,0,0,0,0,1,0,1,0,0,3,0,0,0,0,1,3.6468,41.472,0,0,0,0,0,0,0,0,0,0,0,0,0,0,0,0,0,0,0,0,0,0,0,0,0,0,0,0,0,0,0,0,0,0,1,0,0,0,0,0,0,0,0,0,3,0,0,0,0,0,0,0,0,0,0,0,0,0,0,0,0,0,0,0,0,0,0,0,0,0,0,0,0,0,0,0,0,0,0,0,0,0,0,0,0,0.666666667,0.888888889,1.111111111,0,0
A,1,TBB,PM6:L8-BO,1,卤代挥发性固体添加剂,ITO/ PEDOT:PSS/PM6:L8-BO/PDIN/Ag,BrC1=CC(Br)=CC(Br)=C1,0.837,27.3,78.3,17.9,1.30635082,3.352916667,3.352916667,1.072916667,1.072916667,0.679431348,9.666666667,314.802,311.778,311.7784864,48,0,0.019719819,-0.050756148,0.050756148,0.019719819,79.92079564,10.37181456,1.911007289,-1.922916515,2.225176642,-1.662625367,9.112945151,1.558148535,1.588091448,3.16567031,169.0651777,6.853371151,4.365944227,9.123933844,4.18154055,2.298997517,4.677992326,1.587666373,4.334692959,0.827326835,2.200840129,0.520178761,2.921509924,0.66,85.75693819,7.763519669,3.170355912,2.396618674,79.03404594,0,0,0,0,0,0,0,0,0,0,47.78983169,18.19910121,13.41815855,0,0,47.78983169,0,0,0,0,0,31.61725975,0,0,0,0,0,47.78983169,0,0,0,0,31.61725975,0,0,0,0,0,0,0,0,0,13.41815855,0,0,18.19910121,47.78983169,0,3.21875,10.05875,0,0,0,0,5.9725,0,0,0,0,9,0,0,0,0,0,1,0,1,0,0,3,0,0,0,0,1,3.9741,49.542,0,0,0,0,0,0,0,0,0,0,0,0,0,0,0,0,0,0,0,0,0,0,0,0,0,0,0,0,0,0,0,0,0,0,1,0,0,0,0,0,0,0,0,0,3,0,0,0,0,0,0,0,0,0,0,0,0,0,0,0,0,0,0,0,0,0,0,0,0,0,0,0,0,0,0,0,0,0,0,0,0,0,0,0,0,0.666666667,0.888888889,1.111111111,0,0
A,1,TIB,PM6:L8-BO,1,卤代挥发性固体添加剂,ITO/ PEDOT:PSS/PM6:L8-BO/PDIN/Ag,IC1=CC(I)=CC(I)=C1,0.836,26.5,77.6,17.2,1.14286446,2.321466667,2.321466667,1.309166667,1.309166667,0.525405495,9.666666667,455.802,452.778,455.7368941,48,0,0.015085684,-0.044237567,0.044237567,0.015085684,126.9147405,10.37471904,1.908906556,-1.92492926,2.146988702,-1.763104251,14.11538309,1.54687223,1.588091448,3.16567031,169.0651777,6.853371151,4.365944227,10.8384391,4.18154055,2.298997517,5.535244954,1.587666373,5.32456303,0.827326835,2.695775164,0.520178761,4.320722033,1.41,85.75693819,8.506061479,3.70104239,2.873217373,95.21691748,0,0,0,0,0,0,0,0,0,0,0,85.97171309,10.71054681,0,0,67.77261188,0,0,0,0,0,28.90964802,0,0,0,0,0,67.77261188,0,0,10.71054681,0,18.19910121,0,0,0,0,0,0,0,0,0,0,10.71054681,0,0,85.97171309,0,3.9275,6.9644,0,0,0,0,6.4681,0,0,0,0,9,0,0,0,0,0,1,0,1,0,0,3,0,0,0,0,1,3.5004,64.593,0,0,0,0,0,0,0,0,0,0,0,0,0,0,0,0,0,0,0,0,0,0,0,0,0,0,0,0,0,0,0,0,0,0,1,0,0,0,0,0,0,0,0,0,3,0,0,0,0,0,0,0,0,0,0,0,0,0,0,0,0,0,0,0,0,0,0,0,0,0,0,0,0,0,0,0,0,0,0,0,0,0,0,0,0,0.666666667,0.888888889,1.111111111,0,0
A,2,ODBB,PM6:L8-BO,1,溶液添加剂,ITO/PEDOT:PSS/PM6:L8-BO/PDINN/Ag,BrC1=C(Br)C=CC=C1,0.88,25.57,79.2,17.82,1.27799364,3.348287037,3.348287037,1.097222222,1.097222222,0.648140806,9.25,235.906,231.874,233.8679743,42,0,0.031694731,-0.061066711,0.061066711,0.031694731,79.91993767,10.37417526,1.876573109,-1.889248657,2.202972399,-1.627585713,9.128018225,1.593179307,1.768177215,3.134861511,162.6383389,5.983127663,4.065330023,7.237323101,3.804530453,2.205314742,3.791311281,1.414108774,3.122782572,0.824372589,2.739447295,0.439294576,1.008852509,0.18,72.49526583,6.302249389,2.646097475,1.326674518,65.16649833,0,0,0,0,0,0,0,0,0,0,12.13273414,43.99262193,8.945439032,0,0,31.8598878,0,0,0,0,0,33.21090731,0,0,0,0,0,31.8598878,0,0,0,0,33.21090731,0,0,0,0,0,0,0,0,0,8.945439032,0,0,24.26546827,31.8598878,0,2.194444444,6.696574074,0,0,0,0,7.942314815,0,0,0,0,8,0,0,0,0,0,1,0,1,0,0,2,0,0,0,0,1,3.2116,41.842,0,0,0,0,0,0,0,0,0,0,0,0,0,0,0,0,0,0,0,0,0,0,0,0,0,0,0,0,0,0,0,0,0,0,1,0,0,0,0,0,0,0,0,0,2,0,0,0,0,0,0,0,0,0,0,0,0,0,0,0,0,0,0,0,0,0,0,0,0,0,0,0,0,0,0,0,0,0,0,0,0,0,0,0,0,0.875,1.25,1.5,0,0
A,2,MDBB,PM6:L8-BO,1,溶液添加剂,ITO/PEDOT:PSS/PM6:L8-BO/PDINN/Ag,BrC1=CC(Br)=CC=C1,0.89,25.72,79.38,18.17,1.03544714,3.332083333,3.332083333,1.103587963,1.103587963,0.648140806,9.25,235.906,231.874,233.8679743,42,0,0.018597542,-0.060024281,0.060024281,0.018597542,79.91976328,10.37419654,1.836239414,-1.869254487,2.149693892,-1.61306045,9.107979303,1.603918045,1.642371449,3.077660438,166.3883389,5.983127663,4.065330023,7.237323101,3.7876937,2.199331678,3.785328217,1.439890104,3.271241162,0.786663949,1.773167226,0.459914229,1.565583126,0.18,64.0524865,6.302249389,2.646097475,1.600119577,65.16649833,0,0,0,0,0,0,0,0,0,0,37.92625486,18.19910121,8.945439032,0,0,31.8598878,0,0,0,0,0,33.21090731,0,0,0,0,0,31.8598878,0,0,0,0,33.21090731,0,0,0,0,0,0,0,0,0,8.945439032,0,0,24.26546827,31.8598878,0,2.207175926,6.664166667,0,0,0,0,7.961990741,0,0,0,0,8,0,0,0,0,0,1,0,1,0,0,2,0,0,0,0,1,3.2116,41.842,0,0,0,0,0,0,0,0,0,0,0,0,0,0,0,0,0,0,0,0,0,0,0,0,0,0,0,0,0,0,0,0,0,0,1,0,0,0,0,0,0,0,0,0,2,0,0,0,0,0,0,0,0,0,0,0,0,0,0,0,0,0,0,0,0,0,0,0,0,0,0,0,0,0,0,0,0,0,0,0,0,0,0,0,0,1,1.5,1.75,0,0
A,2,PDBB,PM6:L8-BO,1,固体添加剂,ITO/PEDOT:PSS/PM6:L8-BO/PDINN/Ag,BrC1=CC=C(Br)C=C1,0.89,25.81,80.2,18.42,0.95194345,3.324583333,3.324583333,1.111759259,1.111759259,0.648140806,9.25,235.906,231.874,233.8679743,42,0,0.017554065,-0.05083833,0.05083833,0.017554065,79.91976121,10.37420349,1.825086283,-1.863764668,2.134975779,-1.608974955,9.105464505,1.607024494,1.769973094,3.032455532,145.3883389,5.983127663,4.065330023,7.237323101,3.7876937,2.199331678,3.785328217,1.43643578,3.267786838,0.803543161,1.860874188,0.429549359,0.958214872,0.18,70.79892376,6.302249389,2.646097475,1.600119577,65.16649833,0,0,0,0,0,0,0,0,0,0,31.8598878,24.26546827,8.945439032,0,0,31.8598878,0,0,0,0,0,33.21090731,0,0,0,0,0,31.8598878,0,0,0,0,33.21090731,0,0,0,0,0,0,0,0,0,8.945439032,0,0,24.26546827,31.8598878,0,2.223518519,6.649166667,0,0,0,0,7.960648148,0,0,0,0,8,0,0,0,0,0,1,0,1,0,0,2,0,0,0,0,1,3.2116,41.842,0,0,0,0,0,0,0,0,0,0,0,0,0,0,0,0,0,0,0,0,0,0,0,0,0,0,0,0,0,0,0,0,0,0,1,0,0,0,0,0,0,0,0,0,2,0,0,0,0,0,0,0,0,0,0,0,0,0,0,0,0,0,0,0,0,0,0,0,0,0,0,0,0,0,0,0,0,0,0,0,0,0,0,0,0,0.75,1,1.25,0,0
A,2,ODBB,PM6:BTP-eC9,1,溶液添加剂,ITO/PEDOT:PSS/PM6:BTP-eC9/PDINN/Ag,BrC1=C(Br)C=CC=C1,0.88,25.57,79.2,17.82,1.27799364,3.348287037,3.348287037,1.097222222,1.097222222,0.648140806,9.25,235.906,231.874,233.8679743,42,0,0.031694731,-0.061066711,0.061066711,0.031694731,79.91993767,10.37417526,1.876573109,-1.889248657,2.202972399,-1.627585713,9.128018225,1.593179307,1.768177215,3.134861511,162.6383389,5.983127663,4.065330023,7.237323101,3.804530453,2.205314742,3.791311281,1.414108774,3.122782572,0.824372589,2.739447295,0.439294576,1.008852509,0.18,72.49526583,6.302249389,2.646097475,1.326674518,65.16649833,0,0,0,0,0,0,0,0,0,0,12.13273414,43.99262193,8.945439032,0,0,31.8598878,0,0,0,0,0,33.21090731,0,0,0,0,0,31.8598878,0,0,0,0,33.21090731,0,0,0,0,0,0,0,0,0,8.945439032,0,0,24.26546827,31.8598878,0,2.194444444,6.696574074,0,0,0,0,7.942314815,0,0,0,0,8,0,0,0,0,0,1,0,1,0,0,2,0,0,0,0,1,3.2116,41.842,0,0,0,0,0,0,0,0,0,0,0,0,0,0,0,0,0,0,0,0,0,0,0,0,0,0,0,0,0,0,0,0,0,0,1,0,0,0,0,0,0,0,0,0,2,0,0,0,0,0,0,0,0,0,0,0,0,0,0,0,0,0,0,0,0,0,0,0,0,0,0,0,0,0,0,0,0,0,0,0,0,0,0,0,0,0.875,1.25,1.5,0,0
A,2,MDBB,PM6:BTP-eC9,1,溶液添加剂,ITO/PEDOT:PSS/PM6:BTP-eC9/PDINN/Ag,BrC1=CC(Br)=CC=C1,0.89,25.72,79.38,18.17,1.03544714,3.332083333,3.332083333,1.103587963,1.103587963,0.648140806,9.25,235.906,231.874,233.8679743,42,0,0.018597542,-0.060024281,0.060024281,0.018597542,79.91976328,10.37419654,1.836239414,-1.869254487,2.149693892,-1.61306045,9.107979303,1.603918045,1.642371449,3.077660438,166.3883389,5.983127663,4.065330023,7.237323101,3.7876937,2.199331678,3.785328217,1.439890104,3.271241162,0.786663949,1.773167226,0.459914229,1.565583126,0.18,64.0524865,6.302249389,2.646097475,1.600119577,65.16649833,0,0,0,0,0,0,0,0,0,0,37.92625486,18.19910121,8.945439032,0,0,31.8598878,0,0,0,0,0,33.21090731,0,0,0,0,0,31.8598878,0,0,0,0,33.21090731,0,0,0,0,0,0,0,0,0,8.945439032,0,0,24.26546827,31.8598878,0,2.207175926,6.664166667,0,0,0,0,7.961990741,0,0,0,0,8,0,0,0,0,0,1,0,1,0,0,2,0,0,0,0,1,3.2116,41.842,0,0,0,0,0,0,0,0,0,0,0,0,0,0,0,0,0,0,0,0,0,0,0,0,0,0,0,0,0,0,0,0,0,0,1,0,0,0,0,0,0,0,0,0,2,0,0,0,0,0,0,0,0,0,0,0,0,0,0,0,0,0,0,0,0,0,0,0,0,0,0,0,0,0,0,0,0,0,0,0,0,0,0,0,0,1,1.5,1.75,0,0
A,2,PDBB,PM6:BTP-eC9,1,固体添加剂,ITO/PEDOT:PSS/PM6:BTP-eC9/PDINN/Ag,BrC1=CC=C(Br)C=C1,0.89,25.81,80.2,18.42,0.95194345,3.324583333,3.324583333,1.111759259,1.111759259,0.648140806,9.25,235.906,231.874,233.8679743,42,0,0.017554065,-0.05083833,0.05083833,0.017554065,79.91976121,10.37420349,1.825086283,-1.863764668,2.134975779,-1.608974955,9.105464505,1.607024494,1.769973094,3.032455532,145.3883389,5.983127663,4.065330023,7.237323101,3.7876937,2.199331678,3.785328217,1.43643578,3.267786838,0.803543161,1.860874188,0.429549359,0.958214872,0.18,70.79892376,6.302249389,2.646097475,1.600119577,65.16649833,0,0,0,0,0,0,0,0,0,0,31.8598878,24.26546827,8.945439032,0,0,31.8598878,0,0,0,0,0,33.21090731,0,0,0,0,0,31.8598878,0,0,0,0,33.21090731,0,0,0,0,0,0,0,0,0,8.945439032,0,0,24.26546827,31.8598878,0,2.223518519,6.649166667,0,0,0,0,7.960648148,0,0,0,0,8,0,0,0,0,0,1,0,1,0,0,2,0,0,0,0,1,3.2116,41.842,0,0,0,0,0,0,0,0,0,0,0,0,0,0,0,0,0,0,0,0,0,0,0,0,0,0,0,0,0,0,0,0,0,0,1,0,0,0,0,0,0,0,0,0,2,0,0,0,0,0,0,0,0,0,0,0,0,0,0,0,0,0,0,0,0,0,0,0,0,0,0,0,0,0,0,0,0,0,0,0,0,0,0,0,0,0.75,1,1.25,0,0
A,2,ODBB,PM6:Y6,1,溶液添加剂,ITO/PEDOT:PSS/PM6:Y6/PDINN/Ag,BrC1=C(Br)C=CC=C1,0.88,25.57,79.2,17.82,1.27799364,3.348287037,3.348287037,1.097222222,1.097222222,0.648140806,9.25,235.906,231.874,233.8679743,42,0,0.031694731,-0.061066711,0.061066711,0.031694731,79.91993767,10.37417526,1.876573109,-1.889248657,2.202972399,-1.627585713,9.128018225,1.593179307,1.768177215,3.134861511,162.6383389,5.983127663,4.065330023,7.237323101,3.804530453,2.205314742,3.791311281,1.414108774,3.122782572,0.824372589,2.739447295,0.439294576,1.008852509,0.18,72.49526583,6.302249389,2.646097475,1.326674518,65.16649833,0,0,0,0,0,0,0,0,0,0,12.13273414,43.99262193,8.945439032,0,0,31.8598878,0,0,0,0,0,33.21090731,0,0,0,0,0,31.8598878,0,0,0,0,33.21090731,0,0,0,0,0,0,0,0,0,8.945439032,0,0,24.26546827,31.8598878,0,2.194444444,6.696574074,0,0,0,0,7.942314815,0,0,0,0,8,0,0,0,0,0,1,0,1,0,0,2,0,0,0,0,1,3.2116,41.842,0,0,0,0,0,0,0,0,0,0,0,0,0,0,0,0,0,0,0,0,0,0,0,0,0,0,0,0,0,0,0,0,0,0,1,0,0,0,0,0,0,0,0,0,2,0,0,0,0,0,0,0,0,0,0,0,0,0,0,0,0,0,0,0,0,0,0,0,0,0,0,0,0,0,0,0,0,0,0,0,0,0,0,0,0,0.875,1.25,1.5,0,0
A,2,MDBB,PM6:Y6,1,溶液添加剂,ITO/PEDOT:PSS/PM6:Y6/PDINN/Ag,BrC1=CC(Br)=CC=C1,0.89,25.72,79.38,18.17,1.03544714,3.332083333,3.332083333,1.103587963,1.103587963,0.648140806,9.25,235.906,231.874,233.8679743,42,0,0.018597542,-0.060024281,0.060024281,0.018597542,79.91976328,10.37419654,1.836239414,-1.869254487,2.149693892,-1.61306045,9.107979303,1.603918045,1.642371449,3.077660438,166.3883389,5.983127663,4.065330023,7.237323101,3.7876937,2.199331678,3.785328217,1.439890104,3.271241162,0.786663949,1.773167226,0.459914229,1.565583126,0.18,64.0524865,6.302249389,2.646097475,1.600119577,65.16649833,0,0,0,0,0,0,0,0,0,0,37.92625486,18.19910121,8.945439032,0,0,31.8598878,0,0,0,0,0,33.21090731,0,0,0,0,0,31.8598878,0,0,0,0,33.21090731,0,0,0,0,0,0,0,0,0,8.945439032,0,0,24.26546827,31.8598878,0,2.207175926,6.664166667,0,0,0,0,7.961990741,0,0,0,0,8,0,0,0,0,0,1,0,1,0,0,2,0,0,0,0,1,3.2116,41.842,0,0,0,0,0,0,0,0,0,0,0,0,0,0,0,0,0,0,0,0,0,0,0,0,0,0,0,0,0,0,0,0,0,0,1,0,0,0,0,0,0,0,0,0,2,0,0,0,0,0,0,0,0,0,0,0,0,0,0,0,0,0,0,0,0,0,0,0,0,0,0,0,0,0,0,0,0,0,0,0,0,0,0,0,0,1,1.5,1.75,0,0
A,2,PDBB,PM6:Y6,1,固体添加剂,ITO/PEDOT:PSS/PM6:Y6/PDINN/Ag,BrC1=CC=C(Br)C=C1,0.89,25.81,80.2,18.42,0.95194345,3.324583333,3.324583333,1.111759259,1.111759259,0.648140806,9.25,235.906,231.874,233.8679743,42,0,0.017554065,-0.05083833,0.05083833,0.017554065,79.91976121,10.37420349,1.825086283,-1.863764668,2.134975779,-1.608974955,9.105464505,1.607024494,1.769973094,3.032455532,145.3883389,5.983127663,4.065330023,7.237323101,3.7876937,2.199331678,3.785328217,1.43643578,3.267786838,0.803543161,1.860874188,0.429549359,0.958214872,0.18,70.79892376,6.302249389,2.646097475,1.600119577,65.16649833,0,0,0,0,0,0,0,0,0,0,31.8598878,24.26546827,8.945439032,0,0,31.8598878,0,0,0,0,0,33.21090731,0,0,0,0,0,31.8598878,0,0,0,0,33.21090731,0,0,0,0,0,0,0,0,0,8.945439032,0,0,24.26546827,31.8598878,0,2.223518519,6.649166667,0,0,0,0,7.960648148,0,0,0,0,8,0,0,0,0,0,1,0,1,0,0,2,0,0,0,0,1,3.2116,41.842,0,0,0,0,0,0,0,0,0,0,0,0,0,0,0,0,0,0,0,0,0,0,0,0,0,0,0,0,0,0,0,0,0,0,1,0,0,0,0,0,0,0,0,0,2,0,0,0,0,0,0,0,0,0,0,0,0,0,0,0,0,0,0,0,0,0,0,0,0,0,0,0,0,0,0,0,0,0,0,0,0,0,0,0,0,0.75,1,1.25,0,0
A,3,CBX5,PM6:Y6,1,固体添加剂,ITO/PEDOT:PSS/PM6:Y6/PDINN/Ag,ClC1=CC=C(OC=N2)C2=C1,0.854,26.6,71,16.1,1.6037471,5.693919753,5.693919753,0.681851852,0.681851852,0.581309825,10.5,153.568,149.536,152.9981414,50,0,0.181478935,-0.443479495,0.443479495,0.181478935,35.49569083,10.31762007,1.957261732,-1.850839434,2.163369719,-1.652562771,6.306967792,0.601937568,2.333875817,2.860781632,355.1335934,6.974691495,5.042827436,5.798756382,4.860173345,2.848648201,3.226612674,1.964406469,2.40084225,1.292447175,1.527544278,0.830988049,0.997331604,-1.02,357.083,5.741442725,1.989295929,0.772108646,62.43031112,4.417150937,5.516700718,11.97665964,0,0,0,0,4.983978521,0,0,11.60093989,18.19910121,5.022633314,0,4.417150937,22.70066075,0,4.983978521,0,0,0,29.61537402,0,0,0,0,0,11.60093989,4.983978521,0,0,0,29.00989164,5.022633314,11.09972086,0,26.03,0,0,0,0,5.022633314,11.09972086,6.393639499,18.19910121,0,4.983978521,16.01809083,5.003117284,5.693919753,3.928425926,0.681851852,1.566574074,0,5.33345679,1.403765432,0,0,0,10,0,2,0,0,0,1,1,2,2,0,3,0,0,0,0,2,2.4812,39.019,0,0,0,0,0,1,0,0,0,0,0,0,0,0,0,1,0,0,0,0,0,0,0,0,0,0,0,0,0,0,0,0,0,0,1,0,1,0,0,0,0,0,0,0,1,0,0,0,0,0,0,0,0,0,0,0,0,0,0,0,0,0,1,0,0,0,0,0,0,0,0,0,0,0,0,0,0,0,0,0,0,0,0,0,0,1.4,2.3,3.2,0,0
A,4,o-BrCN,PM6：L8-BO,1,卤化固体添加剂,ITO/PEDOT:PSS/PM6：L8-BO/PDIN/Ag,ClC1=C(Br)C=CC2=CC=CC=C21,0.879,26.12,0.779,17.89,1.36213961,6.079143519,6.079143519,0.785277778,0.785277778,0.646532063,10.5,241.515,235.467,239.93414,60,0,0.062591415,-0.082426005,0.082426005,0.062591415,79.91873101,10.12765574,2.002611226,-2.004506701,2.29871849,-1.738584019,9.10341314,1.700444104,2.121216487,2.907774507,423.1081353,8.552041764,6.220030561,8.561956046,5.7876937,3.615998345,4.786961087,2.582503649,3.814805021,1.81616152,3.112469183,1.20698785,1.787835556,-0.53,770.0015849,8.085816371,3.0765277,1.233362161,84.28388148,0,0,0,0,0,0,0,0,0,0,41.93277523,27.38253518,9.85894373,5.022633314,0,38.30333222,0,0,0,0,0,45.89355524,0,0,0,0,0,27.53088379,0,0,0,0,40.87092193,5.022633314,10.77244843,0,0,0,0,0,0,0,14.88157704,5.386224214,0,36.39820241,15.9299439,11.60093989,0.947098765,9.463500567,0,3.048464506,0,0,12.06871394,0,0,0,0,12,0,0,0,0,0,2,0,2,0,0,2,0,0,0,0,2,4.2557,56.658,0,0,0,0,0,0,0,0,0,0,0,0,0,0,0,0,0,0,0,0,0,0,0,0,0,0,0,0,0,0,0,0,0,0,2,0,1,0,0,0,0,0,0,0,2,0,0,0,0,0,0,0,0,0,0,0,0,0,0,0,0,0,0,0,0,0,0,0,0,0,0,0,0,0,0,0,0,0,0,0,0,0,0,0,0,1,1.75,2.583333333,0,0
A,4,m-BrCN,PM6：L8-BO,1,卤化固体添加剂,ITO/PEDOT:PSS/PM6：L8-BO/PDIN/Ag,ClC1=CC(Br)=CC2=CC=CC=C21,0.879,25.55,0.774,17.39,0.94540618,6.032314815,6.032314815,0.791643519,0.791643519,0.646532063,10.5,241.515,235.467,239.93414,60,0,0.049511543,-0.083622118,0.083622118,0.049511543,79.918731,10.12767416,1.980320078,-1.99623124,2.268946086,-1.732121603,9.103031181,1.70118505,2.036777585,2.892065045,423.1081353,8.552041764,6.220030561,8.561956046,5.770856948,3.610015281,4.780978023,2.608747771,3.931623426,1.776093613,2.546640386,1.229401201,2.126392484,-0.53,698.6147118,8.085816371,3.0765277,1.345583506,84.28388148,0,0,0,0,0,0,0,0,0,0,51.79635206,17.51895835,14.88157704,0,0,38.30333222,0,0,0,0,0,45.89355524,0,0,0,0,0,27.53088379,0,0,0,0,40.87092193,5.022633314,10.77244843,0,0,0,0,0,0,0,20.26780126,0,0,30.33183534,21.99631097,11.60093989,1.01962963,9.431093159,0,3.054830247,0,0,12.02222474,0,0,0,0,12,0,0,0,0,0,2,0,2,0,0,2,0,0,0,0,2,4.2557,56.658,0,0,0,0,0,0,0,0,0,0,0,0,0,0,0,0,0,0,0,0,0,0,0,0,0,0,0,0,0,0,0,0,0,0,2,0,1,0,0,0,0,0,0,0,2,0,0,0,0,0,0,0,0,0,0,0,0,0,0,0,0,0,0,0,0,0,0,0,0,0,0,0,0,0,0,0,0,0,0,0,0,0,0,0,0,1.083333333,1.833333333,2.666666667,0,0
A,4,p-BrCN,PM6：L8-BO,1,卤化固体添加剂,ITO/PEDOT:PSS/PM6：L8-BO/PDIN/Ag,ClC1=CC=C(Br)C2=CC=CC=C21,0.881,26.35,0.783,18.18,0.10869996,6.008179012,6.008179012,0.799814815,0.799814815,0.646532063,10.5,241.515,235.467,239.93414,60,0,0.04846897,-0.083662853,0.083662853,0.04846897,79.91873101,10.12715367,1.995301367,-2.006676578,2.28705327,-1.740658029,9.103936793,1.707761363,2.122552293,2.946471325,382.6081353,8.552041764,6.220030561,8.561956046,5.7876937,3.615998345,4.786961087,2.574792377,3.836329403,1.81765789,2.838747317,1.225526642,1.931231812,-0.53,768.3639299,8.085816371,3.0765277,1.233362161,84.28388148,0,0,0,0,0,0,0,0,0,0,51.79635206,17.51895835,14.88157704,0,0,38.30333222,0,0,0,0,0,45.89355524,0,0,0,0,0,27.53088379,0,0,0,0,40.87092193,5.022633314,10.77244843,0,0,0,0,0,0,0,20.26780126,0,0,36.39820241,15.9299439,11.60093989,1.085648148,9.480532407,0,3.048464506,0,0,11.91313272,0,0,0,0,12,0,0,0,0,0,2,0,2,0,0,2,0,0,0,0,2,4.2557,56.658,0,0,0,0,0,0,0,0,0,0,0,0,0,0,0,0,0,0,0,0,0,0,0,0,0,0,0,0,0,0,0,0,0,0,2,0,1,0,0,0,0,0,0,0,2,0,0,0,0,0,0,0,0,0,0,0,0,0,0,0,0,0,0,0,0,0,0,0,0,0,0,0,0,0,0,0,0,0,0,0,0,0,0,0,0,0.916666667,1.583333333,2.25,0,0
A,6,PDFN-H,D18：L8-BO,1,共轭聚合物添加剂,ITO/Ph-4PACz/D18：L8-BO/ PNDIT-F3N/Ag,FC(C(F)=C(C1=CC(CC(CC)CCCC)=CS1)N=C2)=C2C(S3)=CC(CC(CC)CCCC)=C3C4=CC5=C(S4)C(C6=CC=C(CC(CC)CCCC)S6)=C7C(SC=C7)=C5C8=CC=C(CC(CC)CCCC)S8,0.935,26.7,80.36,20.07,0.71912541,16.78815404,16.78815404,0.117660299,-0.849169254,0.04553882,13.75,1080.73,1001.098,1079.450484,386,0,0.186060646,-0.251399793,0.251399793,0.186060646,32.14013802,9.913458119,2.273333478,-2.140953957,2.541926023,-2.029652826,7.282493856,0.449434679,4.274498396,1.255117356,2844.265408,50.72646415,44.45502195,49.35400143,35.14148641,27.84524018,32.87053213,20.71393684,26.98233742,15.53721681,22.24813592,10.87523671,17.84059356,-3.05,1.25E+16,55.18964954,26.62741739,12.77950247,455.1512493,0,5.693927995,11.63444168,0,0,0,4.983978521,8.780830095,0,68.02071527,158.1230436,119.7728757,77.19951666,4.877147194,8.780830095,88.19300353,0,4.983978521,23.67162418,183.8063301,0,98.00354471,0,51.64716563,0,8.780830095,0,68.02071527,4.983978521,25.68328649,35.30606587,179.0042409,65.48790566,0,71.81945389,0,12.89,11.63444168,0,8.780830095,11.25737949,28.54877138,56.24372018,160.0756227,17.53362945,51.41351058,108.6145926,4.983978521,35.97776866,10.86118871,14.20926329,7.062932903,5.508363599,0.865562796,18.678978,25.11309107,18.38951764,0,0.507936508,72,0,1,0,0,0,1,7,8,7,0,9,29,0,0,0,8,23.4058,321.647,0,0,0,0,0,1,0,0,0,0,0,0,0,0,0,1,0,0,0,0,0,0,0,0,0,0,0,0,0,0,0,0,0,0,1,0,2,0,0,0,0,0,0,0,2,0,0,0,0,0,0,0,0,0,0,0,0,0,0,0,0,0,0,0,0,0,0,0,0,0,0,0,0,1,0,0,0,0,0,0,0,0,6,4,0,0.486111111,1.041666667,1.611111111,0,0
A,6,PDFN-S,D18：L8-BO,1,共轭聚合物添加剂,ITO/Ph-4PACz/D18：L8-BO/ PNDIT-F3N/Ag,FC(C(F)=C(C1=CC(CC(CC)CCCC)=CS1)N=C2)=C2C(S3)=CC(CC(CC)CCCC)=C3C4=CC5=C(S4)C(C6=CC=C(SCC(CC)CCCC)S6)=C7C(SC=C7)=C5C8=CC=C(SCC(CC)CCCC)S8,0.935,26.26,78.92,19.38,0.75499719,16.80705936,16.80705936,0.115623235,-0.851546085,0.040211197,13.7027027,1144.864,1065.232,1143.394626,398,0,0.186060646,-0.251399793,0.251399793,0.186060646,32.19727791,9.913491232,2.272863258,-2.140940054,2.548195023,-2.029651691,8.010263564,0.449434778,4.300346019,1.23309497,2885.371868,52.14067771,45.27151853,51.80349117,36.14148641,28.12373196,35.12022102,20.63314252,29.37294762,15.31946287,24.89949045,10.43594128,19.98331712,-2.35,3.34E+16,57.81533856,28.50605611,13.90391406,475.3974693,0,5.693927995,11.63444168,0,0,0,4.983978521,8.780830095,0,91.54448517,145.2814003,119.7728757,78.95092949,13.29550555,8.780830095,111.7167734,0,4.983978521,23.67162418,179.3830452,11.50570721,88.24925033,0,51.64716563,0,8.780830095,0,91.54448517,16.48968573,12.84164325,35.30606587,169.2499465,73.90626402,0,71.81945389,0,12.89,11.63444168,0,8.780830095,11.25737949,16.71295929,66.74359624,158.7396867,17.53362945,74.93728048,108.6145926,4.983978521,38.76579861,14.82919573,11.19012769,7.028095118,5.46412184,3.24262152,18.5330977,22.91363773,18.3666374,0,0.507936508,74,0,1,0,0,0,1,7,8,9,0,11,31,0,0,0,8,24.505,335.687,0,0,0,0,0,1,0,0,0,0,0,0,0,0,0,1,0,0,0,0,0,0,0,0,0,0,0,0,0,0,0,0,0,0,1,0,2,0,0,0,0,0,0,0,2,0,0,0,0,0,0,0,0,0,0,0,0,0,0,0,0,0,0,0,0,0,0,0,0,0,0,0,0,1,0,2,0,0,0,0,0,0,6,4,0,0.513513514,1.081081081,1.662162162,0,0
A,6,PDFN-F,D18：L8-BO,1,共轭聚合物添加剂,ITO/Ph-4PACz/D18：L8-BO/ PNDIT-F3N/Ag,FC(C(F)=C(C1=CC(CC(CC)CCCC)=CS1)N=C2)=C2C(S3)=CC(CC(CC)CCCC)=C3C4=CC5=C(S4)C(C6=CC(F)=C(CC(CC)CCCC)S6)=C7C(SC=C7)=C5C8=CC(F)=C(CC(CC)CCCC)S8,0.936,26.38,79.07,19.52,0.77236569,16.79209881,16.79209881,0.064765364,-0.909850331,0.042597329,13.72972973,1116.71,1039.094,1115.43164,398,0,0.186060646,-0.251399793,0.251399793,0.186060646,32.14013983,9.913440088,2.286083906,-2.140947647,2.546565032,-2.029654089,7.282548192,0.444207956,4.292716902,1.282808932,2953.187915,52.46695112,45.05625035,49.95522984,35.96285361,28.05653799,33.08182993,20.94554755,27.1507919,15.6970413,22.45775911,10.92441608,17.94906446,-3.19,2.67E+16,56.99792424,26.91924307,12.86742178,463.4823201,0,17.32836968,11.63444168,0,0,0,4.983978521,17.56166019,0,68.02071527,158.1230436,107.6401416,77.19951666,4.877147194,17.56166019,88.19300353,0,4.983978521,23.67162418,183.8063301,0,97.50525226,0,51.64716563,0,17.56166019,0,68.02071527,4.983978521,25.68328649,46.94050755,179.0042409,53.35517152,0,71.81945389,0,12.89,11.63444168,0,17.56166019,22.89182117,33.42591857,187.2637666,41.71205857,57.47987765,6.066367068,89.33310286,0,68.15857138,9.481866907,11.48506997,6.289138045,4.568480058,-0.228323148,12.06155896,22.39112793,17.7925099,0,0.507936508,74,0,1,0,0,0,1,7,8,7,0,11,29,0,0,0,8,23.684,321.563,0,0,0,0,0,1,0,0,0,0,0,0,0,0,0,1,0,0,0,0,0,0,0,0,0,0,0,0,0,0,0,0,0,0,1,0,2,0,0,0,0,0,0,0,4,0,0,0,0,0,0,0,0,0,0,0,0,0,0,0,0,0,0,0,0,0,0,0,0,0,0,0,0,1,0,0,0,0,0,0,0,0,6,4,0,0.486486486,1.027027027,1.581081081,0,0
A,7,BCTA-3,PM6:Y6,1,溶液添加剂,ITO/ZnO/PM6:Y6/MoO3/Ag,ClC(S1)=CC=C1CCCC2=CC=C(Cl)S2,0.81,24.51,67.2,13.38,1.61502467,5.862795869,5.862795869,0.878859311,0.878859311,0.711755504,10.8,277.241,267.161,275.9600977,80,0,0.093069612,-0.128462172,0.128462172,0.093069612,35.4971296,10.17392588,2.00392623,-1.953854117,2.25064491,-1.835814187,7.160786952,0.842072312,2.762596861,1.798416259,390.9847219,10.67336211,8.003146947,11.147998,7.237183443,4.72293504,7.111857148,3.265193389,6.86446357,2.104066785,4.6859155,1.409062263,3.667714288,-0.02,4146.657888,11.46496165,5.351131069,3.489172573,107.4705827,0,0,0,0,0,0,0,0,0,22.67357176,23.20187978,43.52793314,9.754294387,8.672658031,0,45.87545154,0,0,0,19.26246487,0,42.69242069,0,0,0,0,0,45.87545154,0,12.84164325,0,16.17511601,24.26546827,8.672658031,0,0,0,0,0,0,0,0,27.9351229,9.754294387,22.67357176,12.13273414,12.13273414,23.20187978,1.757718621,15.06730068,2.727135299,0,0,0,8.134853465,3.368547493,0,0,0.272727273,15,0,0,0,0,0,0,2,2,2,0,4,4,0,0,0,2,5.2917,70.683,0,0,0,0,0,0,0,0,0,0,0,0,0,0,0,0,0,0,0,0,0,0,0,0,0,0,0,0,0,0,2,0,0,0,0,0,0,0,0,0,0,0,0,0,2,0,0,0,0,0,0,0,0,0,0,0,0,0,0,0,0,0,0,0,0,0,0,0,0,0,0,0,0,0,0,0,0,0,0,0,0,0,2,0,0,0.8,1.266666667,1.6,0,0
A,7,BCTA-4,PM6:Y6,1,溶液添加剂,ITO/ZnO/PM6:Y6/MoO3/Ag,ClC1=CC=C(CCCCC2=CC=C(Cl)S2)S1,0.81,26.45,71.3,15.27,0.31330026,5.877377102,5.877377102,0.888924649,0.888924649,0.621431224,10.875,291.268,279.172,289.9757477,86,0,0.09306961,-0.128462372,0.128462372,0.09306961,35.4971297,10.14057144,2.000293731,-1.97039714,2.247347086,-1.839267485,7.160350118,0.746315966,2.828503797,1.689022747,403.0682904,11.38046889,8.710253728,11.85510478,7.737183443,5.22293504,7.611857148,3.618746779,7.218016961,2.354066785,4.9359155,1.570673916,3.82932594,-0.02,6884.578242,12.43726907,6.059974267,3.774606542,113.8355248,0,0,0,0,0,0,0,0,0,22.67357176,23.20187978,49.94875477,9.754294387,8.672658031,0,45.87545154,0,0,0,25.68328649,0,42.69242069,0,0,0,0,0,45.87545154,0,12.84164325,0,22.59593763,24.26546827,8.672658031,0,0,0,0,0,0,0,0,21.51430128,22.59593763,22.67357176,12.13273414,12.13273414,23.20187978,1.777849298,15.12480538,2.767059258,0,0,0,8.185731861,4.700109757,0,0,0.333333333,16,0,0,0,0,0,0,2,2,2,0,4,5,0,0,0,2,5.6818,75.3,0,0,0,0,0,0,0,0,0,0,0,0,0,0,0,0,0,0,0,0,0,0,0,0,0,0,0,0,0,0,2,0,0,0,0,0,0,0,0,0,0,0,0,0,2,0,0,0,0,0,0,0,0,0,0,0,0,0,0,0,0,0,0,0,0,0,0,0,0,0,0,0,0,0,0,0,0,0,0,0,0,0,2,1,0,0.75,1.1875,1.5,0,0
A,7,BCTA-5,PM6:Y6,1,溶液添加剂,ITO/ZnO/PM6:Y6/MoO3/Ag,ClC1=CC=C(CCCCCC2=CC=C(Cl)S2)S1,0.805,25.18,69.3,14.05,0.78075557,5.890248663,5.890248663,0.896506879,0.896506879,0.567958566,10.94117647,305.295,291.183,303.9913978,92,0,0.09306961,-0.128462373,0.128462373,0.09306961,35.49712981,10.1162527,1.997742272,-1.983069904,2.244927813,-1.841652989,7.160253644,0.685787301,2.876397448,1.604083863,417.1900217,12.08757567,9.41736051,12.56221156,8.237183443,5.72293504,8.111857148,3.97230017,7.571570351,2.604066785,5.1859155,1.747450611,4.006102636,-0.02,11318.62396,13.41256566,6.790478101,4.627141966,120.2004669,0,0,0,0,0,0,0,0,0,22.67357176,29.6227014,49.94875477,9.754294387,8.672658031,0,45.87545154,0,0,0,32.10410811,0,42.69242069,0,0,0,0,0,45.87545154,0,12.84164325,0,29.01675926,24.26546827,8.672658031,0,0,0,0,0,0,0,0,21.51430128,29.01675926,22.67357176,12.13273414,12.13273414,23.20187978,1.793013758,15.171559,2.794755658,0,0,0,8.224695459,6.07153168,0,0,0.384615385,17,0,0,0,0,0,0,2,2,2,0,4,6,0,0,0,2,6.0719,79.917,0,0,0,0,0,0,0,0,0,0,0,0,0,0,0,0,0,0,0,0,0,0,0,0,0,0,0,0,0,0,2,0,0,0,0,0,0,0,0,0,0,0,0,0,2,0,0,0,0,0,0,0,0,0,0,0,0,0,0,0,0,0,0,0,0,0,0,0,0,0,0,0,0,0,0,0,0,0,0,0,0,0,2,2,0,0.705882353,1.176470588,1.529411765,0,0
A,7,BCTA-6,PM6:Y6,1,溶液添加剂,ITO/ZnO/PM6:Y6/MoO3/Ag,ClC1=CC=C(CCCCCCC2=CC=C(Cl)S2)S1,0.801,23.38,62.5,11.71,1.64E-06,5.901644083,5.901644083,0.902383407,0.902383407,0.513559792,11,319.322,303.194,318.0070479,98,0,0.09306961,-0.128462373,0.128462373,0.09306961,35.49712991,10.09809195,1.99594248,-1.993123293,2.243170172,-1.843466052,7.160233879,0.645250618,2.92769282,1.536541836,429.3523004,12.79468245,10.12446729,13.26931834,8.737183443,6.22293504,8.611857148,4.32585356,7.925123742,2.854066785,5.4359155,1.924227306,4.182879331,-0.02,18646.47557,14.39039262,7.540373845,4.926250716,126.565409,0,0,0,0,0,0,0,0,0,22.67357176,36.04352303,49.94875477,9.754294387,8.672658031,0,45.87545154,0,0,0,38.52492974,0,42.69242069,0,0,0,0,0,45.87545154,0,12.84164325,0,35.43758088,24.26546827,8.672658031,0,0,0,0,0,0,0,0,8.672658031,48.27922412,22.67357176,12.13273414,12.13273414,23.20187978,1.804766815,15.21046871,2.814886335,0,0,0,8.25542953,7.470004164,0,0,0.428571429,18,0,0,0,0,0,0,2,2,2,0,4,7,0,0,0,2,6.462,84.534,0,0,0,0,0,0,0,0,0,0,0,0,0,0,0,0,0,0,0,0,0,0,0,0,0,0,0,0,0,0,2,0,0,0,0,0,0,0,0,0,0,0,0,0,2,0,0,0,0,0,0,0,0,0,0,0,0,0,0,0,0,0,0,0,0,0,0,0,0,0,0,0,0,0,0,0,0,0,0,0,0,0,2,3,0,0.666666667,1.111111111,1.444444444,0,0
A,8,DBN,D18:L8-BO,1,固体添加剂,ITO/PEDOT:PSS/D18:L8-BO/PDIN/Ag,BrC1=C2C(C=CC=C2Br)=CC=C1,0.908,26.45,79.94,19.2,1.47344103,3.517662037,3.517662037,1.131921296,1.131921296,0.674443745,10.5,285.966,279.918,283.8836244,60,0,0.026457989,-0.060505622,0.060505622,0.026457989,79.91976341,10.1294899,1.99675924,-2.010857905,2.296808955,-1.74443012,9.10978536,1.675502761,2.044086343,2.960941512,384.3581353,8.552041764,6.220030561,9.392023639,5.7876937,3.615998345,5.201994884,2.577783909,4.286457707,1.803004266,3.124668048,1.251268325,2.707535862,-0.34,719.5183928,8.266954521,3.189554733,1.294146463,87.84816286,0,0,0,0,0,0,0,0,0,0,56.12535607,17.51895835,14.33166325,0,0,42.63233622,0,0,0,0,0,45.34364144,0,0,0,0,0,31.8598878,0,0,0,0,45.34364144,0,10.77244843,0,0,0,0,0,0,0,8.945439032,10.77244843,0,24.26546827,43.99262193,0,2.263842593,7.035324074,0,2.484953704,0,0,12.3825463,0,0,0,0,12,0,0,0,0,0,2,0,2,0,0,2,0,0,0,0,2,4.3648,59.348,0,0,0,0,0,0,0,0,0,0,0,0,0,0,0,0,0,0,0,0,0,0,0,0,0,0,0,0,0,0,0,0,0,0,2,0,1,0,0,0,0,0,0,0,2,0,0,0,0,0,0,0,0,0,0,0,0,0,0,0,0,0,0,0,0,0,0,0,0,0,0,0,0,0,0,0,0,0,0,0,0,0,0,0,0,0.75,1.25,1.666666667,0,0
A,8,DBN,PM6:Y6,1,固体添加剂,ITO/PEDOT:PSS/PM6:Y6/PDIN/Ag,BrC1=C2C(C=CC=C2Br)=CC=C1,0.838,26.56,74.6,16.6,1.47344261,3.517662037,3.517662037,1.131921296,1.131921296,0.674443745,10.5,285.966,279.918,283.8836244,60,0,0.026457989,-0.060505622,0.060505622,0.026457989,79.91976341,10.1294899,1.99675924,-2.010857905,2.296808955,-1.74443012,9.10978536,1.675502761,2.044086343,2.960941512,384.3581353,8.552041764,6.220030561,9.392023639,5.7876937,3.615998345,5.201994884,2.577783909,4.286457707,1.803004266,3.124668048,1.251268325,2.707535862,-0.34,719.5183928,8.266954521,3.189554733,1.294146463,87.84816286,0,0,0,0,0,0,0,0,0,0,56.12535607,17.51895835,14.33166325,0,0,42.63233622,0,0,0,0,0,45.34364144,0,0,0,0,0,31.8598878,0,0,0,0,45.34364144,0,10.77244843,0,0,0,0,0,0,0,8.945439032,10.77244843,0,24.26546827,43.99262193,0,2.263842593,7.035324074,0,2.484953704,0,0,12.3825463,0,0,0,0,12,0,0,0,0,0,2,0,2,0,0,2,0,0,0,0,2,4.3648,59.348,0,0,0,0,0,0,0,0,0,0,0,0,0,0,0,0,0,0,0,0,0,0,0,0,0,0,0,0,0,0,0,0,0,0,2,0,1,0,0,0,0,0,0,0,2,0,0,0,0,0,0,0,0,0,0,0,0,0,0,0,0,0,0,0,0,0,0,0,0,0,0,0,0,0,0,0,0,0,0,0,0,0,0,0,0,0.75,1.25,1.666666667,0,0
A,11,IC-BDTBr,PM6:Y6,1,固体添加剂,ITO/PEDOT:PSS/PM6:Y6/PDIN/Ag,O=C(C1=CSC=C1C/2=C(C#N)/C#N)C2=C/C3=CC4=C(S3)C(OCC(CCCCCC)CCCCCCCC)=C5C(SC(Br)=C5)=C4OCC(CCCCCC)CCCCCCCC,0.848,26.62,73.13,16.6,3.88818484,13.91135587,13.91135587,0.03522794,-0.142791855,0.028503502,14.14516129,960.267,888.699,958.3810192,336,0,0.194735078,-0.49110616,0.49110616,0.194735078,79.91873285,9.945807756,2.336665529,-2.208515485,2.516982424,-2.136454902,9.108658185,0.103975686,4.068814357,1.535319672,2053.684863,44.10766199,38.1481096,42.18359588,30.37880362,24.20113758,27.56993806,17.56861981,21.82740319,12.59538449,16.05660766,8.975021471,12.51593528,-2.95,5.55292E+13,50.05577252,27.39266258,14.02380129,393.661941,9.473725908,29.21057082,5.783244946,0,0,0,4.794537184,0,21.86056899,22.67357176,156.1113813,77.0378595,43.30277044,26.40001898,14.26826309,87.54495938,10.52378311,0,11.83581209,181.7946677,13.21376393,53.82953413,0,23.63746629,9.473725908,0,11.49902367,49.94030153,18.99700888,0,34.49803783,202.5932551,37.82548396,0,31.8214129,0,83.11,0,15.31832029,0,11.35634948,47.32268806,40.33487434,165.4365048,22.67357176,16.83614565,67.89606946,9.473725908,17.37380557,8.599488742,14.7888694,25.75460943,2.039680993,2.610414287,8.496066047,32.13401508,10.45305045,0,0.603773585,62,0,5,1,0,1,1,3,4,8,0,9,31,0,0,0,5,18.45266,271.1545,0,0,0,0,0,0,0,0,0,0,1,1,0,0,0,2,0,0,0,0,0,0,0,0,0,0,3,0,0,0,0,0,0,0,1,0,3,0,0,0,0,2,0,0,1,0,0,0,0,0,0,1,1,0,0,0,0,2,0,0,0,0,0,0,0,0,0,0,0,0,0,0,0,0,0,0,0,0,0,0,0,0,3,16,0,0.629032258,1.064516129,1.564516129,0,0
A,14,CN*,PM6:Y6,1,溶液添加剂,ITO/ZnO/PM6:Y6/MoO3/Ag,ClC1=CC=CC2=CC=CC=C21,0.842,25.35,72.09,15.39,0.83984914,5.957037037,5.957037037,0.822314815,0.822314815,0.55644797,10.27272727,162.619,155.563,162.0236279,54,0,0.048389036,-0.083664219,0.083664219,0.048389036,35.49569104,10.12844457,1.934419766,-1.966428521,2.214722752,-1.704476637,6.349799888,1.748124801,2.05595014,2.913161164,374.0344904,7.681798276,5.919416357,6.675345303,5.377010098,3.510349442,3.888313915,2.460971502,2.868171629,1.736428508,2.066016729,1.185882541,1.430724861,-1.01,505.7637346,6.684816447,2.554171088,1.099229702,70.41633388,0,0,0,0,0,0,0,0,0,0,47.9991423,11.45259128,10.40885753,0,0,22.37338832,0,0,0,0,0,47.48720279,0,0,0,0,0,11.60093989,0,0,0,0,42.46456948,5.022633314,10.77244843,0,0,0,0,0,0,0,10.40885753,5.386224214,0,30.33183534,12.13273414,11.60093989,0,5.957037037,0,3.13867284,0,0,14.01540123,0,0,0,0,11,0,0,0,0,0,2,0,2,0,0,1,0,0,0,0,2,3.4932,48.958,0,0,0,0,0,0,0,0,0,0,0,0,0,0,0,0,0,0,0,0,0,0,0,0,0,0,0,0,0,0,0,0,0,0,2,0,1,0,0,0,0,0,0,0,1,0,0,0,0,0,0,0,0,0,0,0,0,0,0,0,0,0,0,0,0,0,0,0,0,0,0,0,0,0,0,0,0,0,0,0,0,0,0,0,0,0.818181818,1.545454545,2.363636364,0,0
A,14,TT,PM6:Y6,1,固体添加剂,ITO/ZnO/PM6:Y6/MoO3/Ag,C1(C=CS2)=C2C=CS1,0.845,25.01,72.43,15.31,0.0433999,2.157407407,2.157407407,1.412037037,1.412037037,0.527461214,10.5,140.232,136.2,139.9754421,40,0,0.045001368,-0.142903986,0.142903986,0.045001368,32.13607061,10.53508825,1.902762696,-1.634514629,2.245361889,-1.326792338,7.254271145,2.235624148,2.150348863,3.062247833,227.8603611,5.397341225,4.125897658,5.75889082,3.966326495,2.373669747,4.13297537,1.569702661,3.465091047,1.071699981,2.965099943,0.697234872,2.521262994,-0.34,141.9230249,4.530451066,1.569314512,0.501192714,55.39379419,0,0,0,0,0,0,0,0,0,22.67357176,0,22.89285968,9.399839833,0,0,32.07341159,0,0,0,0,0,22.89285968,0,0,0,0,0,22.67357176,0,0,0,0,22.89285968,0,9.399839833,0,0,0,0,0,0,0,0,9.399839833,22.67357176,0,22.89285968,0,2.824074074,3.608796296,0,4.252314815,0,0,4.314814815,0,0,0,0,8,0,0,0,0,0,0,2,2,2,0,2,0,0,0,0,2,2.9628,39.702,0,0,0,0,0,0,0,0,0,0,0,0,0,0,0,0,0,0,0,0,0,0,0,0,0,0,0,0,0,0,0,0,0,0,0,0,1,0,0,0,0,0,0,0,0,0,0,0,0,0,0,0,0,0,0,0,0,0,0,0,0,0,0,0,0,0,0,0,0,0,0,0,0,0,0,0,0,0,0,0,0,0,2,0,0,0.875,1.375,1.875,0,0
A,18,BIT,PM6:Y6,1,溶液添加剂,ITO/PEDOT:PSS/PM6:Y6/PDINN/Ag,IC1=CC=C(Br)S1,0.846,26.43,77.9,17.43,0.22343203,3.345801852,3.345801852,1.205462963,1.205462963,0.64369908,9.428571429,288.935,286.919,287.8105312,38,0,0.070927359,-0.122195025,0.122195025,0.070927359,126.9127044,10.68730236,1.875499662,-1.672150851,2.221571928,-1.378346135,14.11216089,1.92870251,1.866819311,3.042002767,143.9783335,5.276020882,3.318877775,7.878869186,3.2876937,1.696896366,4.385140362,1.043618907,5.400821194,0.54040706,2.972700526,0.29222137,3.205325197,0.91,46.67048278,6.03642225,2.457568887,1.696265084,68.20115212,0,0,0,0,0,0,0,0,0,11.33678588,0,50.65354866,0,6.670293191,0,49.8576004,0,0,0,0,0,18.80302733,0,0,0,0,0,49.8576004,0,0,2.883877973,0,15.91914935,0,0,0,0,0,0,0,0,0,0,6.670293191,11.33678588,6.066367068,44.58718159,0,2.529050926,7.38087963,0,0,0,0,4.126736111,0,0,0,0,7,0,0,0,0,0,0,1,1,1,0,3,0,0,0,0,1,3.1152,44.736,0,0,0,0,0,0,0,0,0,0,0,0,0,0,0,0,0,0,0,0,0,0,0,0,0,0,0,0,0,0,0,0,0,0,0,0,0,0,0,0,0,0,0,0,2,0,0,0,0,0,0,0,0,0,0,0,0,0,0,0,0,0,0,0,0,0,0,0,0,0,0,0,0,0,0,0,0,0,0,0,0,0,1,0,0,1.571428571,2.285714286,2.428571429,0,0
A,18,DBT,PM6:Y6,1,溶液添加剂,ITO/PEDOT:PSS/PM6:Y6/PDINN/Ag,BrC1=CC=C(Br)S1,0.851,25.79,74.56,16.36,0.22869925,3.320601852,3.320601852,1.166087963,1.166087963,0.654327183,9.428571429,241.935,239.919,239.8243953,38,0,0.07100281,-0.121246021,0.121246021,0.07100281,79.91976537,10.68649075,1.876406048,-1.671341504,2.254695359,-1.301723886,9.119102765,1.931539864,1.866819311,3.042002767,141.9783335,5.276020882,3.318877775,7.307367434,3.2876937,1.696896366,4.099389486,1.043618907,4.885870929,0.54040706,2.702464274,0.29222137,2.713006256,0.66,46.67048278,5.790548303,2.286403302,1.549857644,62.8068616,0,0,0,0,0,0,0,0,0,11.33678588,0,43.99262193,0,7.572830436,0,43.19667367,0,0,0,0,0,19.70556457,0,0,0,0,0,43.19667367,0,0,0,0,19.70556457,0,0,0,0,0,0,0,0,0,0,7.572830436,11.33678588,12.13273414,31.8598878,0,2.332175926,8.31712963,0,0,0,0,4.017361111,0,0,0,0,7,0,0,0,0,0,0,1,1,1,0,3,0,0,0,0,1,3.2731,39.719,0,0,0,0,0,0,0,0,0,0,0,0,0,0,0,0,0,0,0,0,0,0,0,0,0,0,0,0,0,0,0,0,0,0,0,0,0,0,0,0,0,0,0,0,2,0,0,0,0,0,0,0,0,0,0,0,0,0,0,0,0,0,0,0,0,0,0,0,0,0,0,0,0,0,0,0,0,0,0,0,0,0,1,0,0,1.142857143,1.571428571,1.714285714,0,0
A,18,DIT,PM6:Y6,1,溶液添加剂,ITO/PEDOT:PSS/PM6:Y6/PDINN/Ag,IC1=CC=C(I)S1,0.844,25.96,76.18,16.69,0.18597095,2.314351852,2.314351852,1.362962963,1.362962963,0.639435195,9.428571429,335.935,333.919,335.7966671,38,0,0.066426385,-0.123144053,0.123144053,0.066426385,126.9137226,10.68811717,1.874592496,-1.672957618,2.18462398,-1.385120592,14.11417472,1.925918718,1.866819311,3.042002767,141.9783335,5.276020882,3.318877775,8.450370938,3.2876937,1.696896366,4.670891238,1.043618907,5.915771459,0.54040706,3.242936778,0.29222137,3.797648919,1.16,46.67048278,6.28254902,2.632006944,1.846821874,73.59544263,0,0,0,0,0,0,0,0,0,11.33678588,0,57.31447539,0,5.767755946,0,56.51852713,0,0,0,0,0,17.90049008,0,0,0,0,0,56.51852713,0,0,5.767755946,0,12.13273414,0,0,0,0,0,0,0,0,0,0,5.767755946,0,11.33678588,57.31447539,0,2.725925926,6.44462963,0,0,0,0,4.236111111,0,0,0,0,7,0,0,0,0,0,0,1,1,1,0,3,0,0,0,0,1,2.9573,49.753,0,0,0,0,0,0,0,0,0,0,0,0,0,0,0,0,0,0,0,0,0,0,0,0,0,0,0,0,0,0,0,0,0,0,0,0,0,0,0,0,0,0,0,0,2,0,0,0,0,0,0,0,0,0,0,0,0,0,0,0,0,0,0,0,0,0,0,0,0,0,0,0,0,0,0,0,0,0,0,0,0,0,1,0,0,1.142857143,1.571428571,1.714285714,0,0
A,18,BIT,PM6:L8-BO,1,溶液添加剂,ITO/PEDOT:PSS/PM6:L8-BO/PDINN/Ag,IC1=CC=C(Br)S1,0.888,26.53,78.88,18.53,0.22343203,3.345801852,3.345801852,1.205462963,1.205462963,0.64369908,9.428571429,288.935,286.919,287.8105312,38,0,0.070927359,-0.122195025,0.122195025,0.070927359,126.9127044,10.68730236,1.875499662,-1.672150851,2.221571928,-1.378346135,14.11216089,1.92870251,1.866819311,3.042002767,143.9783335,5.276020882,3.318877775,7.878869186,3.2876937,1.696896366,4.385140362,1.043618907,5.400821194,0.54040706,2.972700526,0.29222137,3.205325197,0.91,46.67048278,6.03642225,2.457568887,1.696265084,68.20115212,0,0,0,0,0,0,0,0,0,11.33678588,0,50.65354866,0,6.670293191,0,49.8576004,0,0,0,0,0,18.80302733,0,0,0,0,0,49.8576004,0,0,2.883877973,0,15.91914935,0,0,0,0,0,0,0,0,0,0,6.670293191,11.33678588,6.066367068,44.58718159,0,2.529050926,7.38087963,0,0,0,0,4.126736111,0,0,0,0,7,0,0,0,0,0,0,1,1,1,0,3,0,0,0,0,1,3.1152,44.736,0,0,0,0,0,0,0,0,0,0,0,0,0,0,0,0,0,0,0,0,0,0,0,0,0,0,0,0,0,0,0,0,0,0,0,0,0,0,0,0,0,0,0,0,2,0,0,0,0,0,0,0,0,0,0,0,0,0,0,0,0,0,0,0,0,0,0,0,0,0,0,0,0,0,0,0,0,0,0,0,0,0,1,0,0,1.571428571,2.285714286,2.428571429,0,0
A,18,DBT,PM6:L8-BO,1,溶液添加剂,ITO/PEDOT:PSS/PM6:L8-BO/PDINN/Ag,BrC1=CC=C(Br)S1,0.895,25.68,75.07,17.23,0.22869925,3.320601852,3.320601852,1.166087963,1.166087963,0.654327183,9.428571429,241.935,239.919,239.8243953,38,0,0.07100281,-0.121246021,0.121246021,0.07100281,79.91976537,10.68649075,1.876406048,-1.671341504,2.254695359,-1.301723886,9.119102765,1.931539864,1.866819311,3.042002767,141.9783335,5.276020882,3.318877775,7.307367434,3.2876937,1.696896366,4.099389486,1.043618907,4.885870929,0.54040706,2.702464274,0.29222137,2.713006256,0.66,46.67048278,5.790548303,2.286403302,1.549857644,62.8068616,0,0,0,0,0,0,0,0,0,11.33678588,0,43.99262193,0,7.572830436,0,43.19667367,0,0,0,0,0,19.70556457,0,0,0,0,0,43.19667367,0,0,0,0,19.70556457,0,0,0,0,0,0,0,0,0,0,7.572830436,11.33678588,12.13273414,31.8598878,0,2.332175926,8.31712963,0,0,0,0,4.017361111,0,0,0,0,7,0,0,0,0,0,0,1,1,1,0,3,0,0,0,0,1,3.2731,39.719,0,0,0,0,0,0,0,0,0,0,0,0,0,0,0,0,0,0,0,0,0,0,0,0,0,0,0,0,0,0,0,0,0,0,0,0,0,0,0,0,0,0,0,0,2,0,0,0,0,0,0,0,0,0,0,0,0,0,0,0,0,0,0,0,0,0,0,0,0,0,0,0,0,0,0,0,0,0,0,0,0,0,1,0,0,1.142857143,1.571428571,1.714285714,0,0
A,18,DIT,PM6:L8-BO,1,溶液添加剂,ITO/PEDOT:PSS/PM6:L8-BO/PDINN/Ag,IC1=CC=C(I)S1,0.892,25.53,77.29,17.6,0.18597095,2.314351852,2.314351852,1.362962963,1.362962963,0.639435195,9.428571429,335.935,333.919,335.7966671,38,0,0.066426385,-0.123144053,0.123144053,0.066426385,126.9137226,10.68811717,1.874592496,-1.672957618,2.18462398,-1.385120592,14.11417472,1.925918718,1.866819311,3.042002767,141.9783335,5.276020882,3.318877775,8.450370938,3.2876937,1.696896366,4.670891238,1.043618907,5.915771459,0.54040706,3.242936778,0.29222137,3.797648919,1.16,46.67048278,6.28254902,2.632006944,1.846821874,73.59544263,0,0,0,0,0,0,0,0,0,11.33678588,0,57.31447539,0,5.767755946,0,56.51852713,0,0,0,0,0,17.90049008,0,0,0,0,0,56.51852713,0,0,5.767755946,0,12.13273414,0,0,0,0,0,0,0,0,0,0,5.767755946,0,11.33678588,57.31447539,0,2.725925926,6.44462963,0,0,0,0,4.236111111,0,0,0,0,7,0,0,0,0,0,0,1,1,1,0,3,0,0,0,0,1,2.9573,49.753,0,0,0,0,0,0,0,0,0,0,0,0,0,0,0,0,0,0,0,0,0,0,0,0,0,0,0,0,0,0,0,0,0,0,0,0,0,0,0,0,0,0,0,0,2,0,0,0,0,0,0,0,0,0,0,0,0,0,0,0,0,0,0,0,0,0,0,0,0,0,0,0,0,0,0,0,0,0,0,0,0,0,1,0,0,1.142857143,1.571428571,1.714285714,0,0
A,18,BIT,PM6:Y6-BO,1,溶液添加剂,ITO/PEDOT:PSS/PM6:Y6-BO/PDINN/Ag,IC1=CC=C(Br)S1,0.863,25.86,75.6,16.88,0.22343203,3.345801852,3.345801852,1.205462963,1.205462963,0.64369908,9.428571429,288.935,286.919,287.8105312,38,0,0.070927359,-0.122195025,0.122195025,0.070927359,126.9127044,10.68730236,1.875499662,-1.672150851,2.221571928,-1.378346135,14.11216089,1.92870251,1.866819311,3.042002767,143.9783335,5.276020882,3.318877775,7.878869186,3.2876937,1.696896366,4.385140362,1.043618907,5.400821194,0.54040706,2.972700526,0.29222137,3.205325197,0.91,46.67048278,6.03642225,2.457568887,1.696265084,68.20115212,0,0,0,0,0,0,0,0,0,11.33678588,0,50.65354866,0,6.670293191,0,49.8576004,0,0,0,0,0,18.80302733,0,0,0,0,0,49.8576004,0,0,2.883877973,0,15.91914935,0,0,0,0,0,0,0,0,0,0,6.670293191,11.33678588,6.066367068,44.58718159,0,2.529050926,7.38087963,0,0,0,0,4.126736111,0,0,0,0,7,0,0,0,0,0,0,1,1,1,0,3,0,0,0,0,1,3.1152,44.736,0,0,0,0,0,0,0,0,0,0,0,0,0,0,0,0,0,0,0,0,0,0,0,0,0,0,0,0,0,0,0,0,0,0,0,0,0,0,0,0,0,0,0,0,2,0,0,0,0,0,0,0,0,0,0,0,0,0,0,0,0,0,0,0,0,0,0,0,0,0,0,0,0,0,0,0,0,0,0,0,0,0,1,0,0,1.571428571,2.285714286,2.428571429,0,0
A,18,DBT,PM6:Y6-BO,1,溶液添加剂,ITO/PEDOT:PSS/PM6:Y6-BO/PDINN/Ag,BrC1=CC=C(Br)S1,0.864,25.2,74.43,16.21,0.22869925,3.320601852,3.320601852,1.166087963,1.166087963,0.654327183,9.428571429,241.935,239.919,239.8243953,38,0,0.07100281,-0.121246021,0.121246021,0.07100281,79.91976537,10.68649075,1.876406048,-1.671341504,2.254695359,-1.301723886,9.119102765,1.931539864,1.866819311,3.042002767,141.9783335,5.276020882,3.318877775,7.307367434,3.2876937,1.696896366,4.099389486,1.043618907,4.885870929,0.54040706,2.702464274,0.29222137,2.713006256,0.66,46.67048278,5.790548303,2.286403302,1.549857644,62.8068616,0,0,0,0,0,0,0,0,0,11.33678588,0,43.99262193,0,7.572830436,0,43.19667367,0,0,0,0,0,19.70556457,0,0,0,0,0,43.19667367,0,0,0,0,19.70556457,0,0,0,0,0,0,0,0,0,0,7.572830436,11.33678588,12.13273414,31.8598878,0,2.332175926,8.31712963,0,0,0,0,4.017361111,0,0,0,0,7,0,0,0,0,0,0,1,1,1,0,3,0,0,0,0,1,3.2731,39.719,0,0,0,0,0,0,0,0,0,0,0,0,0,0,0,0,0,0,0,0,0,0,0,0,0,0,0,0,0,0,0,0,0,0,0,0,0,0,0,0,0,0,0,0,2,0,0,0,0,0,0,0,0,0,0,0,0,0,0,0,0,0,0,0,0,0,0,0,0,0,0,0,0,0,0,0,0,0,0,0,0,0,1,0,0,1.142857143,1.571428571,1.714285714,0,0
A,18,DIT,PM6:Y6-BO,1,溶液添加剂,ITO/PEDOT:PSS/PM6:Y6-BO/PDINN/Ag,IC1=CC=C(I)S1,0.859,25.74,74.45,16.47,0.18597095,2.314351852,2.314351852,1.362962963,1.362962963,0.639435195,9.428571429,335.935,333.919,335.7966671,38,0,0.066426385,-0.123144053,0.123144053,0.066426385,126.9137226,10.68811717,1.874592496,-1.672957618,2.18462398,-1.385120592,14.11417472,1.925918718,1.866819311,3.042002767,141.9783335,5.276020882,3.318877775,8.450370938,3.2876937,1.696896366,4.670891238,1.043618907,5.915771459,0.54040706,3.242936778,0.29222137,3.797648919,1.16,46.67048278,6.28254902,2.632006944,1.846821874,73.59544263,0,0,0,0,0,0,0,0,0,11.33678588,0,57.31447539,0,5.767755946,0,56.51852713,0,0,0,0,0,17.90049008,0,0,0,0,0,56.51852713,0,0,5.767755946,0,12.13273414,0,0,0,0,0,0,0,0,0,0,5.767755946,0,11.33678588,57.31447539,0,2.725925926,6.44462963,0,0,0,0,4.236111111,0,0,0,0,7,0,0,0,0,0,0,1,1,1,0,3,0,0,0,0,1,2.9573,49.753,0,0,0,0,0,0,0,0,0,0,0,0,0,0,0,0,0,0,0,0,0,0,0,0,0,0,0,0,0,0,0,0,0,0,0,0,0,0,0,0,0,0,0,0,2,0,0,0,0,0,0,0,0,0,0,0,0,0,0,0,0,0,0,0,0,0,0,0,0,0,0,0,0,0,0,0,0,0,0,0,0,0,1,0,0,1.142857143,1.571428571,1.714285714,0,0
A,19,BNS-H1,PM6:Y6,1,固体添加剂,ITO/PEDOT:PSS/PM6:Y6/PDINN/Ag,C1(SC2=CC=CC=C2N3C4=C5C(N6C7=C8C=CC=C7)=CC=C4)=C3C(B5C9=C6C(C8(C%10=CC=CC=C%10)C%11=CC=CC=C%11)=CC=C9)=CC=C1,0.845,27,76.3,17.4,1.16008551,2.582251276,2.582251276,0.11015852,-0.484444754,0.179674552,15.19148936,614.582,587.366,614.1988003,218,0,0.251701355,-0.310772191,0.310772191,0.251701355,32.16658257,9.32617187,2.519533753,-2.514819859,2.591988358,-2.623758946,7.994064175,0.731862769,3.141977708,1.293585495,2382.478268,30.69129472,25.46848302,26.2849796,23.35333985,16.32403303,17.14052961,12.82014906,13.90392601,10.68988604,11.80436536,9.029631082,10.12948263,-5.445064935,2.67664E+11,25.71399413,9.310199386,3.140217027,278.581161,9.799819462,0,0,0,6.712752285,0,0,0,0,0,139.1555934,75.04041816,26.85312578,22.47714929,0,68.98736466,0,0,0,15.20595742,9.799819462,186.0457168,0,0,26.18822924,34.12431765,0,11.76188495,6.712752285,5.414990469,0,22.25380597,173.5828778,0,0,0,6.48,5.414990469,0,0,6.712752285,0,0,82.55750035,0,11.76188495,173.5917303,0,0,1.892682389,7.732859442,0,16.50418197,0,61.17678435,0,0.11015852,0,0.023255814,47,0,2,0,4,4,7,0,7,3,0,4,2,0,0,0,11,8.9299,196.455,0,0,0,0,0,0,0,0,0,0,0,0,0,0,0,2,0,0,0,0,0,0,0,0,0,0,0,0,0,6,0,0,0,0,7,0,8,0,0,0,0,0,0,0,0,0,0,0,0,0,0,0,0,0,0,0,0,0,0,0,0,0,0,0,4,0,0,0,0,0,0,0,0,0,0,0,0,0,0,0,0,0,0,0,0,0.404255319,0.914893617,1.659574468,0,0
A,19,BNS-H1,PM6:BTP-eC9,1,固体添加剂,ITO/PEDOT:PSS/PM6:BTP-eC9/PDINN/Ag,C1(SC2=CC=CC=C2N3C4=C5C(N6C7=C8C=CC=C7)=CC=C4)=C3C(B5C9=C6C(C8(C%10=CC=CC=C%10)C%11=CC=CC=C%11)=CC=C9)=CC=C1,0.848,27.7,79.8,18.8,1.16008551,2.582251276,2.582251276,0.11015852,-0.484444754,0.179674552,15.19148936,614.582,587.366,614.1988003,218,0,0.251701355,-0.310772191,0.310772191,0.251701355,32.16658257,9.32617187,2.519533753,-2.514819859,2.591988358,-2.623758946,7.994064175,0.731862769,3.141977708,1.293585495,2382.478268,30.69129472,25.46848302,26.2849796,23.35333985,16.32403303,17.14052961,12.82014906,13.90392601,10.68988604,11.80436536,9.029631082,10.12948263,-5.445064935,2.67664E+11,25.71399413,9.310199386,3.140217027,278.581161,9.799819462,0,0,0,6.712752285,0,0,0,0,0,139.1555934,75.04041816,26.85312578,22.47714929,0,68.98736466,0,0,0,15.20595742,9.799819462,186.0457168,0,0,26.18822924,34.12431765,0,11.76188495,6.712752285,5.414990469,0,22.25380597,173.5828778,0,0,0,6.48,5.414990469,0,0,6.712752285,0,0,82.55750035,0,11.76188495,173.5917303,0,0,1.892682389,7.732859442,0,16.50418197,0,61.17678435,0,0.11015852,0,0.023255814,47,0,2,0,4,4,7,0,7,3,0,4,2,0,0,0,11,8.9299,196.455,0,0,0,0,0,0,0,0,0,0,0,0,0,0,0,2,0,0,0,0,0,0,0,0,0,0,0,0,0,6,0,0,0,0,7,0,8,0,0,0,0,0,0,0,0,0,0,0,0,0,0,0,0,0,0,0,0,0,0,0,0,0,0,0,4,0,0,0,0,0,0,0,0,0,0,0,0,0,0,0,0,0,0,0,0,0.404255319,0.914893617,1.659574468,0,0
A,20,CN*,PBz-ET:Y6,1,溶液添加剂,ITO/PEDOT:PSS/PBz-ET:Y6/MoO3/Ag,ClC1=CC=CC2=CC=CC=C21,0.71,98.86,69,15.8,0.83984914,5.957037037,5.957037037,0.822314815,0.822314815,0.55644797,10.27272727,162.619,155.563,162.0236279,54,0,0.048389036,-0.083664219,0.083664219,0.048389036,35.49569104,10.12844457,1.934419766,-1.966428521,2.214722752,-1.704476637,6.349799888,1.748124801,2.05595014,2.913161164,374.0344904,7.681798276,5.919416357,6.675345303,5.377010098,3.510349442,3.888313915,2.460971502,2.868171629,1.736428508,2.066016729,1.185882541,1.430724861,-1.01,505.7637346,6.684816447,2.554171088,1.099229702,70.41633388,0,0,0,0,0,0,0,0,0,0,47.9991423,11.45259128,10.40885753,0,0,22.37338832,0,0,0,0,0,47.48720279,0,0,0,0,0,11.60093989,0,0,0,0,42.46456948,5.022633314,10.77244843,0,0,0,0,0,0,0,10.40885753,5.386224214,0,30.33183534,12.13273414,11.60093989,0,5.957037037,0,3.13867284,0,0,14.01540123,0,0,0,0,11,0,0,0,0,0,2,0,2,0,0,1,0,0,0,0,2,3.4932,48.958,0,0,0,0,0,0,0,0,0,0,0,0,0,0,0,0,0,0,0,0,0,0,0,0,0,0,0,0,0,0,0,0,0,0,2,0,1,0,0,0,0,0,0,0,1,0,0,0,0,0,0,0,0,0,0,0,0,0,0,0,0,0,0,0,0,0,0,0,0,0,0,0,0,0,0,0,0,0,0,0,0,0,0,0,0,0.818181818,1.545454545,2.363636364,0,0
A,20,DPE,PBz-ET:Y6,1,溶液添加剂,ITO/PEDOT:PSS/PBz-ET:Y6/MoO3/Ag,C1(OC2=CC=CC=C2)=CC=CC=C1,0.65,97.98,65,13.5,1.67085466,5.578333333,5.578333333,0.869166667,0.869166667,0.670036385,9.538461538,170.211,160.131,170.0731649,64,0,0.126927749,-0.457384598,0.457384598,0.126927749,16.48049519,10.30635327,1.919851315,-2.031129692,2.188761331,-1.809828901,5.29659759,0.482496726,2.207941986,2.161475751,315.8986487,8.932875131,7.181750982,7.181750982,6.449489743,4.229615496,4.229615496,2.728167132,2.728167132,1.722112591,1.722112591,1.113155983,1.113155983,-1.76,1589.71823,7.866895638,3.764211048,2.089799938,77.60204256,4.736862954,11.49902367,0,0,0,0,0,0,0,0,36.39820241,24.26546827,0,0,4.736862954,0,0,0,0,0,0,60.66367068,0,11.49902367,4.736862954,0,11.49902367,0,0,0,0,0,60.66367068,0,0,0,9.23,0,0,0,0,0,11.49902367,0,0,60.66367068,0,4.736862954,5.578333333,0,0,0,0,1.738333333,19.51666667,0,0,0,0,13,0,1,0,0,0,2,0,2,1,0,1,2,0,0,0,2,3.4789,52.958,0,0,0,0,0,0,0,0,0,0,0,0,0,0,0,0,0,0,0,0,0,0,0,0,0,0,0,0,0,0,0,0,0,0,2,0,0,0,0,0,0,1,0,0,0,0,0,0,0,0,0,0,0,0,0,0,0,0,0,0,0,0,0,0,2,0,0,0,0,0,0,0,0,0,0,0,0,0,0,0,0,0,0,0,0,0.538461538,0.923076923,1.307692308,0,0
A,21,TeCB,D18-Cl:N3,1,固体添加剂,ITO/PEDOT: PSS/D18-Cl:N3/H75/Ag,ClC1=CC(Cl)=CC(Cl)=C1Cl,0.844,27.79,78.6,18.44,1.32549966,5.627098765,5.627098765,0.340493827,0.340493827,0.447415117,10,215.894,213.878,213.8910608,54,0,0.077903066,-0.084231473,0.084231473,0.077903066,35.50069414,10.35230304,2.027210376,-1.972466887,2.32081581,-1.706712044,6.485946514,1.700364336,1.823590004,3.310532875,232.9198834,7.723614639,4.66655843,7.690274214,4.609060905,2.410629484,3.922487376,1.683417189,3.312217696,0.948588326,2.363652805,0.524589395,1.45067597,0.38,153.1815603,8.476339114,3.18546695,1.701096486,78.64446803,0,0,0,0,0,0,0,0,0,0,46.40375956,12.13273414,5.022633314,15.06789994,0,46.40375956,0,0,0,0,0,32.22326739,0,0,0,0,0,46.40375956,0,0,0,0,12.13273414,20.09053325,0,0,0,0,0,0,0,20.09053325,0,12.13273414,0,0,0,46.40375956,0,22.45858025,0,1.574506173,0,0,3.078024691,0,0,0,0,10,0,0,0,0,0,1,0,1,0,0,4,0,0,0,0,1,4.3002,46.482,0,0,0,0,0,0,0,0,0,0,0,0,0,0,0,0,0,0,0,0,0,0,0,0,0,0,0,0,0,0,0,0,0,0,1,0,0,0,0,0,0,0,0,0,4,0,0,0,0,0,0,0,0,0,0,0,0,0,0,0,0,0,0,0,0,0,0,0,0,0,0,0,0,0,0,0,0,0,0,0,0,0,0,0,0,0.8,1.2,1.6,0,0
A,21,TeCB,PM6:Y6,1,固体添加剂,ITO/PEDOT: PSS/PM6:Y6/H75/Ag,ClC1=CC(Cl)=CC(Cl)=C1Cl,0.822,27.18,77.93,17.42,1.32549966,5.627098765,5.627098765,0.340493827,0.340493827,0.447415117,10,215.894,213.878,213.8910608,54,0,0.077903066,-0.084231473,0.084231473,0.077903066,35.50069414,10.35230304,2.027210376,-1.972466887,2.32081581,-1.706712044,6.485946514,1.700364336,1.823590004,3.310532875,232.9198834,7.723614639,4.66655843,7.690274214,4.609060905,2.410629484,3.922487376,1.683417189,3.312217696,0.948588326,2.363652805,0.524589395,1.45067597,0.38,153.1815603,8.476339114,3.18546695,1.701096486,78.64446803,0,0,0,0,0,0,0,0,0,0,46.40375956,12.13273414,5.022633314,15.06789994,0,46.40375956,0,0,0,0,0,32.22326739,0,0,0,0,0,46.40375956,0,0,0,0,12.13273414,20.09053325,0,0,0,0,0,0,0,20.09053325,0,12.13273414,0,0,0,46.40375956,0,22.45858025,0,1.574506173,0,0,3.078024691,0,0,0,0,10,0,0,0,0,0,1,0,1,0,0,4,0,0,0,0,1,4.3002,46.482,0,0,0,0,0,0,0,0,0,0,0,0,0,0,0,0,0,0,0,0,0,0,0,0,0,0,0,0,0,0,0,0,0,0,1,0,0,0,0,0,0,0,0,0,4,0,0,0,0,0,0,0,0,0,0,0,0,0,0,0,0,0,0,0,0,0,0,0,0,0,0,0,0,0,0,0,0,0,0,0,0,0,0,0,0,0.8,1.2,1.6,0,0
A,21,TeCB,D18:L8-BO,1,固体添加剂,ITO/PEDOT: PSS/D18:L8-BO/H75/Ag,ClC1=CC(Cl)=CC(Cl)=C1Cl,0.87,27.79,80.67,19.16,1.32549966,5.627098765,5.627098765,0.340493827,0.340493827,0.447415117,10,215.894,213.878,213.8910608,54,0,0.077903066,-0.084231473,0.084231473,0.077903066,35.50069414,10.35230304,2.027210376,-1.972466887,2.32081581,-1.706712044,6.485946514,1.700364336,1.823590004,3.310532875,232.9198834,7.723614639,4.66655843,7.690274214,4.609060905,2.410629484,3.922487376,1.683417189,3.312217696,0.948588326,2.363652805,0.524589395,1.45067597,0.38,153.1815603,8.476339114,3.18546695,1.701096486,78.64446803,0,0,0,0,0,0,0,0,0,0,46.40375956,12.13273414,5.022633314,15.06789994,0,46.40375956,0,0,0,0,0,32.22326739,0,0,0,0,0,46.40375956,0,0,0,0,12.13273414,20.09053325,0,0,0,0,0,0,0,20.09053325,0,12.13273414,0,0,0,46.40375956,0,22.45858025,0,1.574506173,0,0,3.078024691,0,0,0,0,10,0,0,0,0,0,1,0,1,0,0,4,0,0,0,0,1,4.3002,46.482,0,0,0,0,0,0,0,0,0,0,0,0,0,0,0,0,0,0,0,0,0,0,0,0,0,0,0,0,0,0,0,0,0,0,1,0,0,0,0,0,0,0,0,0,4,0,0,0,0,0,0,0,0,0,0,0,0,0,0,0,0,0,0,0,0,0,0,0,0,0,0,0,0,0,0,0,0,0,0,0,0,0,0,0,0,0.8,1.2,1.6,0,0
A,22,p-IBrPh,PM6:Y6,1,固体添加剂,ITO/PEDOT:PSS/PM6:Y6/PDINN/Ag,IC1=CC=C(Br)C=C1,0.847,25.74,77.52,16.89,0.08651126,3.342083333,3.342083333,1.136959259,1.136959259,0.641842915,9.25,282.906,278.874,281.8541102,42,0,0.017549116,-0.050838414,0.050838414,0.017549116,126.9127043,10.37517255,1.824335842,-1.864481338,2.106390088,-1.65044114,14.11191555,1.603059237,1.769973094,3.032455532,147.3883389,5.983127663,4.065330023,7.808824853,3.7876937,2.199331678,4.071079093,1.43643578,3.597743528,0.803543161,2.051374772,0.429549359,1.053465164,0.43,70.79892376,6.548623962,2.823853375,1.742777784,70.56078885,0,0,0,0,0,0,0,0,0,0,15.9299439,46.8563389,8.042901787,0,0,38.52081453,0,0,0,0,0,32.30837006,0,0,0,0,0,38.52081453,0,0,3.570182271,0,28.73818779,0,0,0,0,0,0,0,0,0,4.472719516,3.570182271,0,12.13273414,50.65354866,0,2.406218519,5.617716667,0,0,0,0,8.179398148,0,0,0,0,8,0,0,0,0,0,1,0,1,0,0,2,0,0,0,0,1,3.0537,46.859,0,0,0,0,0,0,0,0,0,0,0,0,0,0,0,0,0,0,0,0,0,0,0,0,0,0,0,0,0,0,0,0,0,0,1,0,0,0,0,0,0,0,0,0,2,0,0,0,0,0,0,0,0,0,0,0,0,0,0,0,0,0,0,0,0,0,0,0,0,0,0,0,0,0,0,0,0,0,0,0,0,0,0,0,0,1.125,1.625,2,0,0
A,22,p-IBrPh-d4,PM6:Y6,1,固体添加剂,ITO/PEDOT:PSS/PM6:Y6/PDINN/Ag,IC1=C([2H])C([2H])=C(Br)C([2H])=C1[2H],0.845,26.43,78.17,17.46,0.07286715,7.394074074,7.394074074,0.003217593,-0.027407407,0.643280785,16.25,286.9304071,278.874,285.8792172,42,0,0.063496886,-0.050838414,0.063496886,0.050838414,126.9127043,1.9041333,2.098587833,-2.123310165,2.319677546,-1.938290401,14.11192637,0.430187902,2.081571824,3.603567451,233.8128652,9.464101615,7.755928946,7.499423776,5.464101615,3.877964473,3.749711888,1.127964473,2.999711888,0.563982237,1.499855944,0.281991118,0.749927972,0.43,416.3143648,3.012055326,2.823853375,1.742777784,76.18067085,0,0,0,0,0,0,0,0,0,0,15.9299439,46.76054546,8.042901787,5.483034225,5.483034225,38.52081453,0,0,0,0,0,32.21257662,0,0,0,0,0,38.52081453,0,0,3.570182271,5.483034225,28.64239435,0,0,0,0,0,0,0,28.64239435,3.570182271,0,0,22.59087063,0,15.9299439,5.483034225,30.12083148,4.797548148,0,0,0,0,-0.04837963,0,0,0,0,8,0,0,0,0,0,1,0,1,0,0,2,0,0,0,0,1,3.0537,46.859,0,0,0,0,0,0,0,0,0,0,0,0,0,0,0,0,0,0,0,0,0,0,0,0,0,0,0,0,0,0,0,0,0,0,1,0,0,0,0,0,0,0,0,0,2,0,0,0,0,0,0,0,0,0,0,0,0,0,0,0,0,0,0,0,0,0,0,0,0,0,0,0,0,0,0,0,0,0,0,0,0,0,0,0,0,1.375,1.875,2.375,0,0
A,22,p-IBrPh-d4,PM6:L8-BO,1,固体添加剂,ITO/PEDOT:PSS/PM6:L8-BO/PDINN/Ag,IC1=C([2H])C([2H])=C(Br)C([2H])=C1[2H],0.885,26.53,79.5,18.67,0.07286715,7.394074074,7.394074074,0.003217593,-0.027407407,0.643280785,16.25,286.9304071,278.874,285.8792172,42,0,0.063496886,-0.050838414,0.063496886,0.050838414,126.9127043,1.9041333,2.098587833,-2.123310165,2.319677546,-1.938290401,14.11192637,0.430187902,2.081571824,3.603567451,233.8128652,9.464101615,7.755928946,7.499423776,5.464101615,3.877964473,3.749711888,1.127964473,2.999711888,0.563982237,1.499855944,0.281991118,0.749927972,0.43,416.3143648,3.012055326,2.823853375,1.742777784,76.18067085,0,0,0,0,0,0,0,0,0,0,15.9299439,46.76054546,8.042901787,5.483034225,5.483034225,38.52081453,0,0,0,0,0,32.21257662,0,0,0,0,0,38.52081453,0,0,3.570182271,5.483034225,28.64239435,0,0,0,0,0,0,0,28.64239435,3.570182271,0,0,22.59087063,0,15.9299439,5.483034225,30.12083148,4.797548148,0,0,0,0,-0.04837963,0,0,0,0,8,0,0,0,0,0,1,0,1,0,0,2,0,0,0,0,1,3.0537,46.859,0,0,0,0,0,0,0,0,0,0,0,0,0,0,0,0,0,0,0,0,0,0,0,0,0,0,0,0,0,0,0,0,0,0,1,0,0,0,0,0,0,0,0,0,2,0,0,0,0,0,0,0,0,0,0,0,0,0,0,0,0,0,0,0,0,0,0,0,0,0,0,0,0,0,0,0,0,0,0,0,0,0,0,0,0,1.375,1.875,2.375,0,0
A,22,p-IBrPh-d4,D18:L8-BO,1,固体添加剂,ITO/PEDOT:PSS/D18:L8-BO/PDINN/Ag,IC1=C([2H])C([2H])=C(Br)C([2H])=C1[2H],0.91,26.3,79.6,19.05,0.07286597,7.394074074,7.394074074,0.003217593,-0.027407407,0.643280785,16.25,286.9304071,278.874,285.8792172,42,0,0.063496886,-0.050838414,0.063496886,0.050838414,126.9127043,1.9041333,2.098587833,-2.123310165,2.319677546,-1.938290401,14.11192637,0.430187902,2.081571824,3.603567451,233.8128652,9.464101615,7.755928946,7.499423776,5.464101615,3.877964473,3.749711888,1.127964473,2.999711888,0.563982237,1.499855944,0.281991118,0.749927972,0.43,416.3143648,3.012055326,2.823853375,1.742777784,76.18067085,0,0,0,0,0,0,0,0,0,0,15.9299439,46.76054546,8.042901787,5.483034225,5.483034225,38.52081453,0,0,0,0,0,32.21257662,0,0,0,0,0,38.52081453,0,0,3.570182271,5.483034225,28.64239435,0,0,0,0,0,0,0,28.64239435,3.570182271,0,0,22.59087063,0,15.9299439,5.483034225,30.12083148,4.797548148,0,0,0,0,-0.04837963,0,0,0,0,8,0,0,0,0,0,1,0,1,0,0,2,0,0,0,0,1,3.0537,46.859,0,0,0,0,0,0,0,0,0,0,0,0,0,0,0,0,0,0,0,0,0,0,0,0,0,0,0,0,0,0,0,0,0,0,1,0,0,0,0,0,0,0,0,0,2,0,0,0,0,0,0,0,0,0,0,0,0,0,0,0,0,0,0,0,0,0,0,0,0,0,0,0,0,0,0,0,0,0,0,0,0,0,0,0,0,1.375,1.875,2.375,0,0
A,22,p-IBrPh-d4,PM6:BTP-eC9,1,固体添加剂,ITO/PEDOT:PSS/PM6:BTP-eC9/PDINN/Ag,IC1=C([2H])C([2H])=C(Br)C([2H])=C1[2H],0.856,28.27,79.81,19.32,0.07286715,7.394074074,7.394074074,0.003217593,-0.027407407,0.643280785,16.25,286.9304071,278.874,285.8792172,42,0,0.063496886,-0.050838414,0.063496886,0.050838414,126.9127043,1.9041333,2.098587833,-2.123310165,2.319677546,-1.938290401,14.11192637,0.430187902,2.081571824,3.603567451,233.8128652,9.464101615,7.755928946,7.499423776,5.464101615,3.877964473,3.749711888,1.127964473,2.999711888,0.563982237,1.499855944,0.281991118,0.749927972,0.43,416.3143648,3.012055326,2.823853375,1.742777784,76.18067085,0,0,0,0,0,0,0,0,0,0,15.9299439,46.76054546,8.042901787,5.483034225,5.483034225,38.52081453,0,0,0,0,0,32.21257662,0,0,0,0,0,38.52081453,0,0,3.570182271,5.483034225,28.64239435,0,0,0,0,0,0,0,28.64239435,3.570182271,0,0,22.59087063,0,15.9299439,5.483034225,30.12083148,4.797548148,0,0,0,0,-0.04837963,0,0,0,0,8,0,0,0,0,0,1,0,1,0,0,2,0,0,0,0,1,3.0537,46.859,0,0,0,0,0,0,0,0,0,0,0,0,0,0,0,0,0,0,0,0,0,0,0,0,0,0,0,0,0,0,0,0,0,0,1,0,0,0,0,0,0,0,0,0,2,0,0,0,0,0,0,0,0,0,0,0,0,0,0,0,0,0,0,0,0,0,0,0,0,0,0,0,0,0,0,0,0,0,0,0,0,0,0,0,0,1.375,1.875,2.375,0,0
A,24,DIO*,PBDB-T:ITIC,1,溶液添加剂,ITO/PEDOT:PSS/PBDB-T:ITIC/ZrAcac/Al,ICCCCCCCCI,0.89,15.84,69.81,9.87,9.64E-07,2.454655993,2.454655993,1.337345679,1.337345679,0.360140031,10.2,366.024,349.896,365.9341465,62,0,-0.000472812,-0.086375917,0.086375917,0.000472812,126.9137216,10.13204741,1.878618147,-1.964807038,2.067504511,-1.799735234,14.10995232,0.63270578,1.967154472,2.647604849,47.21928095,7.656854249,6.412783196,10.72777978,4.914213562,4.034522484,7.085685828,2.499284817,4.656783108,1.517261242,3.042842914,0.896089018,1.974838163,1.46,175.076748,11.46,10.46,9.46,91.81752207,0,0,0,0,0,0,0,0,0,0,70.86502775,21.69674805,0,0,0,45.18174125,0,0,0,38.52492974,8.855104805,0,0,0,0,0,0,45.18174125,8.855104805,0,0,38.52492974,0,0,0,0,0,0,0,0,0,0,0,47.38003454,0,0,45.18174125,0,2.674691358,4.909311987,0,0,0,0,0,8.655996655,0,0,1,10,0,0,0,0,0,0,0,0,0,0,2,7,0,0,0,0,4.197,65.476,0,0,0,0,0,0,0,0,0,0,0,0,0,0,0,0,0,0,0,0,0,0,0,0,0,2,0,0,0,0,0,0,0,0,0,0,0,0,0,0,0,0,0,0,2,0,0,0,0,0,0,0,0,0,0,0,0,0,0,0,0,0,0,0,0,0,0,0,0,0,0,0,0,0,0,0,0,0,0,0,0,0,0,5,0,0.5,0.8,1.1,0,0
A,24,ODT,PBDB-T:ITIC,1,溶液添加剂,ITO/PEDOT:PSS/PBDB-T:ITIC/ZrAcac/Al,SCCCCCCCCS,0.9,16.1,70.74,10.2,1.18E-05,4.151822204,4.151822204,1.048182442,1.048182442,0.434021734,10.2,178.366,160.222,178.0849926,62,0,-0.009791409,-0.179363901,0.179363901,0.009791409,32.11797135,10.13005948,1.874878608,-1.968574923,2.054006733,-1.805272694,7.798885556,0.629688282,1.967154472,2.647604849,47.21928095,7.656854249,6.55128144,8.340135822,4.914213562,4.132455532,5.397366596,2.568533939,3.46296113,1.566227766,2.198683298,0.930713579,1.377927174,0.7,175.076748,10.7,9.7,8.7,75.60397916,0,0,0,0,0,0,0,0,25.2575783,0,25.68328649,24.34735046,0,0,0,25.2575783,0,0,0,38.52492974,11.50570721,0,0,0,0,0,0,25.2575783,11.50570721,0,0,38.52492974,0,0,0,0,0,0,0,0,0,0,11.50570721,38.52492974,0,0,25.2575783,0,0,8.303644407,0,0,0,2.096364883,0,8.044435154,0,0,1,10,0,0,0,0,0,0,0,0,2,2,2,7,0,0,0,0,3.1866,55.408,0,0,0,0,0,0,0,0,0,0,0,0,0,0,0,0,0,0,0,0,0,0,2,0,0,0,0,0,0,0,0,0,0,0,0,0,0,0,0,0,0,0,0,0,0,0,0,0,0,0,0,0,0,0,0,0,0,0,0,0,0,0,0,0,0,0,0,0,0,0,0,0,0,0,0,0,0,0,0,0,0,0,0,5,0,0.5,0.8,1.1,0,0
A,24,CN*,PBDB-T:ITIC,1,溶液添加剂,ITO/PEDOT:PSS/PBDB-T:ITIC/ZrAcac/Al,ClC1=CC=CC2=CC=CC=C21,0.89,15.57,67.16,9.34,0.83984923,5.957037037,5.957037037,0.822314815,0.822314815,0.55644797,10.27272727,162.619,155.563,162.0236279,54,0,0.048389036,-0.083664219,0.083664219,0.048389036,35.49569104,10.12844457,1.934419766,-1.966428521,2.214722752,-1.704476637,6.349799888,1.748124801,2.05595014,2.913161164,374.0344904,7.681798276,5.919416357,6.675345303,5.377010098,3.510349442,3.888313915,2.460971502,2.868171629,1.736428508,2.066016729,1.185882541,1.430724861,-1.01,505.7637346,6.684816447,2.554171088,1.099229702,70.41633388,0,0,0,0,0,0,0,0,0,0,47.9991423,11.45259128,10.40885753,0,0,22.37338832,0,0,0,0,0,47.48720279,0,0,0,0,0,11.60093989,0,0,0,0,42.46456948,5.022633314,10.77244843,0,0,0,0,0,0,0,10.40885753,5.386224214,0,30.33183534,12.13273414,11.60093989,0,5.957037037,0,3.13867284,0,0,14.01540123,0,0,0,0,11,0,0,0,0,0,2,0,2,0,0,1,0,0,0,0,2,3.4932,48.958,0,0,0,0,0,0,0,0,0,0,0,0,0,0,0,0,0,0,0,0,0,0,0,0,0,0,0,0,0,0,0,0,0,0,2,0,1,0,0,0,0,0,0,0,1,0,0,0,0,0,0,0,0,0,0,0,0,0,0,0,0,0,0,0,0,0,0,0,0,0,0,0,0,0,0,0,0,0,0,0,0,0,0,0,0,0.818181818,1.545454545,2.363636364,0,0
A,25,CN*,PM6:Y6,1,溶液添加剂,ITO/PEDOT:PSS/PM6:Y6/PFN–Br/Ag,ClC1=CC=CC2=CC=CC=C21,0.85,25.7,74.9,16.4,0.83984914,5.957037037,5.957037037,0.822314815,0.822314815,0.55644797,10.27272727,162.619,155.563,162.0236279,54,0,0.048389036,-0.083664219,0.083664219,0.048389036,35.49569104,10.12844457,1.934419766,-1.966428521,2.214722752,-1.704476637,6.349799888,1.748124801,2.05595014,2.913161164,374.0344904,7.681798276,5.919416357,6.675345303,5.377010098,3.510349442,3.888313915,2.460971502,2.868171629,1.736428508,2.066016729,1.185882541,1.430724861,-1.01,505.7637346,6.684816447,2.554171088,1.099229702,70.41633388,0,0,0,0,0,0,0,0,0,0,47.9991423,11.45259128,10.40885753,0,0,22.37338832,0,0,0,0,0,47.48720279,0,0,0,0,0,11.60093989,0,0,0,0,42.46456948,5.022633314,10.77244843,0,0,0,0,0,0,0,10.40885753,5.386224214,0,30.33183534,12.13273414,11.60093989,0,5.957037037,0,3.13867284,0,0,14.01540123,0,0,0,0,11,0,0,0,0,0,2,0,2,0,0,1,0,0,0,0,2,3.4932,48.958,0,0,0,0,0,0,0,0,0,0,0,0,0,0,0,0,0,0,0,0,0,0,0,0,0,0,0,0,0,0,0,0,0,0,2,0,1,0,0,0,0,0,0,0,1,0,0,0,0,0,0,0,0,0,0,0,0,0,0,0,0,0,0,0,0,0,0,0,0,0,0,0,0,0,0,0,0,0,0,0,0,0,0,0,0,0.818181818,1.545454545,2.363636364,0,0
A,25,BA,PM6:Y6,1,挥发性固体添加剂,ITO/PEDOT:PSS/PM6:Y6/PFN–Br/Ag,CC(CC(C1=CC=CC=C1)=O)=O,0.84,26.3,78.9,17.4,4.78179439,11.23425926,11.23425926,0.003981481,-0.108240741,0.501734671,9.416666667,162.188,152.108,162.0680796,62,0,0.169712372,-0.299522663,0.299522663,0.169712372,16.14800923,10.07465303,2.059717825,-1.954167054,2.021028159,-2.035939286,6.06723588,-0.115697464,2.047189822,2.725078186,287.966706,8.974691495,6.910354708,6.910354708,5.698377303,3.776038674,3.776038674,2.667993537,2.667993537,1.505266954,1.505266954,0.952211743,0.952211743,-1.44,515.8918353,8.65469697,3.809658461,2.307781065,71.21421578,0,5.783244946,5.783244946,0,0,0,9.589074368,0,0,0,30.33183534,6.9237372,5.563451492,6.420821623,9.589074368,11.56648989,0,0,0,13.34455882,0,35.89528683,0,0,0,0,0,0,11.56648989,4.794537184,0,23.7025475,30.33183534,0,0,0,34.14,0,9.589074368,0,17.98731152,5.563451492,0,6.9237372,24.26546827,6.066367068,0,0,0,0,21.84091034,0,0.604351852,-0.201895314,8.835151644,0.003981481,1.4175,0,0.2,12,0,2,0,0,0,1,0,1,2,0,2,3,0,0,0,1,1.8484,46.0705,0,0,0,0,0,0,0,0,0,0,2,2,0,0,0,0,0,0,0,0,0,0,0,0,0,0,0,0,0,0,0,0,0,0,1,0,0,0,0,0,0,0,0,0,0,0,0,0,0,0,0,2,2,0,0,0,0,0,0,0,0,0,0,0,0,0,0,0,0,0,0,0,0,0,0,0,0,0,0,0,0,0,0,0,0,1.166666667,1.75,2.25,0,0
A,25,BA,PM6:IT-4F,1,挥发性固体添加剂,ITO/PEDOT:PSS/PM6:IT-4F/PFN–Br/Ag,CC(CC(C1=CC=CC=C1)=O)=O,0.87,20.2,75.1,13.2,4.78181068,11.23425926,11.23425926,0.003981481,-0.108240741,0.501734671,9.416666667,162.188,152.108,162.0680796,62,0,0.169712372,-0.299522663,0.299522663,0.169712372,16.14800923,10.07465303,2.059717825,-1.954167054,2.021028159,-2.035939286,6.06723588,-0.115697464,2.047189822,2.725078186,287.966706,8.974691495,6.910354708,6.910354708,5.698377303,3.776038674,3.776038674,2.667993537,2.667993537,1.505266954,1.505266954,0.952211743,0.952211743,-1.44,515.8918353,8.65469697,3.809658461,2.307781065,71.21421578,0,5.783244946,5.783244946,0,0,0,9.589074368,0,0,0,30.33183534,6.9237372,5.563451492,6.420821623,9.589074368,11.56648989,0,0,0,13.34455882,0,35.89528683,0,0,0,0,0,0,11.56648989,4.794537184,0,23.7025475,30.33183534,0,0,0,34.14,0,9.589074368,0,17.98731152,5.563451492,0,6.9237372,24.26546827,6.066367068,0,0,0,0,21.84091034,0,0.604351852,-0.201895314,8.835151644,0.003981481,1.4175,0,0.2,12,0,2,0,0,0,1,0,1,2,0,2,3,0,0,0,1,1.8484,46.0705,0,0,0,0,0,0,0,0,0,0,2,2,0,0,0,0,0,0,0,0,0,0,0,0,0,0,0,0,0,0,0,0,0,0,1,0,0,0,0,0,0,0,0,0,0,0,0,0,0,0,0,2,2,0,0,0,0,0,0,0,0,0,0,0,0,0,0,0,0,0,0,0,0,0,0,0,0,0,0,0,0,0,0,0,0,1.166666667,1.75,2.25,0,0
A,25,BA,PM6:L8-BO,1,挥发性固体添加剂,ITO/PEDOT:PSS/PM6:L8-BO/PFN–Br/Ag,CC(CC(C1=CC=CC=C1)=O)=O,0.88,26.7,79,18.5,4.78178943,11.23425926,11.23425926,0.003981481,-0.108240741,0.501734671,9.416666667,162.188,152.108,162.0680796,62,0,0.169712372,-0.299522663,0.299522663,0.169712372,16.14800923,10.07465303,2.059717825,-1.954167054,2.021028159,-2.035939286,6.06723588,-0.115697464,2.047189822,2.725078186,287.966706,8.974691495,6.910354708,6.910354708,5.698377303,3.776038674,3.776038674,2.667993537,2.667993537,1.505266954,1.505266954,0.952211743,0.952211743,-1.44,515.8918353,8.65469697,3.809658461,2.307781065,71.21421578,0,5.783244946,5.783244946,0,0,0,9.589074368,0,0,0,30.33183534,6.9237372,5.563451492,6.420821623,9.589074368,11.56648989,0,0,0,13.34455882,0,35.89528683,0,0,0,0,0,0,11.56648989,4.794537184,0,23.7025475,30.33183534,0,0,0,34.14,0,9.589074368,0,17.98731152,5.563451492,0,6.9237372,24.26546827,6.066367068,0,0,0,0,21.84091034,0,0.604351852,-0.201895314,8.835151644,0.003981481,1.4175,0,0.2,12,0,2,0,0,0,1,0,1,2,0,2,3,0,0,0,1,1.8484,46.0705,0,0,0,0,0,0,0,0,0,0,2,2,0,0,0,0,0,0,0,0,0,0,0,0,0,0,0,0,0,0,0,0,0,0,1,0,0,0,0,0,0,0,0,0,0,0,0,0,0,0,0,2,2,0,0,0,0,0,0,0,0,0,0,0,0,0,0,0,0,0,0,0,0,0,0,0,0,0,0,0,0,0,0,0,0,1.166666667,1.75,2.25,0,0
A,26,DIO*,PM6:L8-BO,1,溶液添加剂,ITO/PEDOT: PSS/PM6: L8-BO/ PDIN/ Ag,ICCCCCCCCI,0.89,26.69,76.71,18.23,1.74E-06,2.454655993,2.454655993,1.337345679,1.337345679,0.360140031,10.2,366.024,349.896,365.9341465,62,0,-0.000472812,-0.086375917,0.086375917,0.000472812,126.9137216,10.13204741,1.878618147,-1.964807038,2.067504511,-1.799735234,14.10995232,0.63270578,1.967154472,2.647604849,47.21928095,7.656854249,6.412783196,10.72777978,4.914213562,4.034522484,7.085685828,2.499284817,4.656783108,1.517261242,3.042842914,0.896089018,1.974838163,1.46,175.076748,11.46,10.46,9.46,91.81752207,0,0,0,0,0,0,0,0,0,0,70.86502775,21.69674805,0,0,0,45.18174125,0,0,0,38.52492974,8.855104805,0,0,0,0,0,0,45.18174125,8.855104805,0,0,38.52492974,0,0,0,0,0,0,0,0,0,0,0,47.38003454,0,0,45.18174125,0,2.674691358,4.909311987,0,0,0,0,0,8.655996655,0,0,1,10,0,0,0,0,0,0,0,0,0,0,2,7,0,0,0,0,4.197,65.476,0,0,0,0,0,0,0,0,0,0,0,0,0,0,0,0,0,0,0,0,0,0,0,0,0,2,0,0,0,0,0,0,0,0,0,0,0,0,0,0,0,0,0,0,2,0,0,0,0,0,0,0,0,0,0,0,0,0,0,0,0,0,0,0,0,0,0,0,0,0,0,0,0,0,0,0,0,0,0,0,0,0,0,5,0,0.5,0.8,1.1,0,0
A,26,DTL,PM6: L8-BO,1,固体添加剂,ITO/ PEDOT: PSS/PM6: L8-BO/ PDIN/ Ag,CC1=CC(Br)=CC(Br)=C1,0.906,26.38,76.92,18.87,1.0572316,3.382916667,3.382916667,1.119791667,1.119791667,0.660258515,9.666666667,249.933,243.885,247.8836244,48,0,0.018861359,-0.050787548,0.050787548,0.018861359,79.91976331,10.2416456,1.89741445,-1.937280401,2.183967918,-1.707726199,9.107993179,1.430659717,1.588091448,3.16567031,167.6783557,6.853371151,4.987979754,8.159972832,4.18154055,2.610015281,4.19601182,1.946798752,3.778149809,1.006893025,1.922568554,0.691720989,2.214335231,0.18,85.75693819,7.288932462,2.842546747,2.105889975,71.53144045,0,0,0,0,0,0,0,0,0,0,31.8598878,30.6862899,8.945439032,0,0,31.8598878,0,0,0,6.9237372,0,32.70799173,0,0,0,0,0,31.8598878,0,0,6.9237372,5.563451492,27.14454024,0,0,0,0,0,0,0,0,0,8.945439032,5.563451492,0,6.066367068,50.91635913,0,2.239583333,6.765833333,0,0,1.260416667,0,6.169166667,0,2.065,0,0.142857143,9,0,0,0,0,0,1,0,1,0,0,2,0,0,0,0,1,3.52002,46.579,0,0,0,0,0,0,0,0,0,0,0,0,0,0,0,0,0,0,0,0,0,0,0,0,0,0,0,0,0,0,1,0,0,0,1,0,0,0,0,0,0,0,0,0,2,0,0,0,0,0,0,0,0,0,0,0,0,0,0,0,0,0,0,0,0,0,0,0,0,0,0,0,0,0,0,0,0,0,0,0,0,0,0,0,0,1,1.444444444,1.777777778,0,0
A,27,NA,PM6:L8-BO,1,固体添加剂,ITO/PEDOT:PSS/PM6:L8-BO/PDINN/Ag,C12=CC=CC=C1C=CC=C2,0.886,26.12,78.55,18.18,0,2.12037037,2.12037037,1.310185185,1.310185185,0.511431199,10,128.174,120.11,128.0626003,48,0,-0.018404251,-0.061629711,0.061629711,0.018404251,13.89720075,10.13209434,1.845797867,-1.919798599,2.105716284,-1.665455302,5.814842361,1.751103877,2.050414481,2.888051602,271.0151824,6.811554788,5.618802154,5.618802154,4.966326495,3.404700538,3.404700538,2.347150628,2.347150628,1.658689248,1.658689248,1.132905825,1.132905825,-1.3,348.5704618,5.48222978,2.143052886,0.780533544,60.11306765,0,0,0,0,0,0,0,0,0,0,48.53093655,10.77244843,0,0,0,10.77244843,0,0,0,0,0,48.53093655,0,0,0,0,0,0,0,0,0,0,48.53093655,0,10.77244843,0,0,0,0,0,0,0,0,10.77244843,0,0,48.53093655,0,0,0,0,2.62037037,0,0,16.71296296,0,0,0,0,10,0,0,0,0,0,2,0,2,0,0,0,0,0,0,0,2,2.8398,43.948,0,0,0,0,0,0,0,0,0,0,0,0,0,0,0,0,0,0,0,0,0,0,0,0,0,0,0,0,0,0,0,0,0,0,2,0,1,0,0,0,0,0,0,0,0,0,0,0,0,0,0,0,0,0,0,0,0,0,0,0,0,0,0,0,0,0,0,0,0,0,0,0,0,0,0,0,0,0,0,0,0,0,0,0,0,0.5,0.8,1.1,0,0
A,27,2-CAN,PM6:L8-BO,1,极化固体添加剂,ITO/PEDOT:PSS/PM6:L8-BO/PDINN/Ag,N#CC1=CC2=CC=CC=C2C=C1,0.892,27,79.21,19.08,3.84219998,8.647061602,8.647061602,0.716388889,0.716388889,0.570464243,9.583333333,153.184,146.128,153.0578492,56,0,0.099131955,-0.192436677,0.192436677,0.099131955,14.22907116,10.08548289,1.921604101,-1.950107107,2.139708075,-1.742457797,5.830557954,1.49574914,2.169703196,2.778141665,451.7559204,8.388905057,6.48866548,6.48866548,5.898178148,3.788990939,3.788990939,2.673733216,2.673733216,1.878565059,1.878565059,1.258867622,1.258867622,-1.81,887.4086071,6.872979265,2.671577438,1.038649568,70.87058945,0,0,0,0,0,0,0,0,5.261891555,0,30.33183534,22.90518257,0,11.6326728,0,10.77244843,5.261891555,0,0,0,0,48.02802097,0,6.069221313,0,0,0,0,0,0,11.33111287,5.563451492,42.46456948,0,10.77244843,0,23.79,0,0,0,0,5.563451492,5.386224214,5.386224214,0,42.46456948,6.069221313,5.261891555,0,0,0,10.94618197,0.716388889,0,15.83742914,0,0,0,0,12,0,1,0,0,0,2,0,2,1,0,1,0,0,0,0,2,2.71148,48.663,0,0,0,0,0,0,0,0,0,0,0,0,0,0,0,1,0,0,0,0,0,0,0,0,0,0,0,0,0,0,0,0,0,0,2,0,1,0,0,0,0,0,0,0,0,0,0,0,0,0,0,0,0,0,0,0,0,1,0,0,0,0,0,0,0,0,0,0,0,0,0,0,0,0,0,0,0,0,0,0,0,0,0,0,0,0.916666667,1.666666667,2.416666667,0,0
A,29,PN,PTB7-Th:IEICS-4F,1,溶液添加剂,ITO/ZnO/PFN/PTB7-Th:IEICS-4F/MoO3/Al,C1(C=CC=C2)=C2C=CC=C1C3=CC=CC=C3,0.75,25.3,69.3,13.1,0,2.178240741,2.178240741,1.27712963,1.27712963,0.546879427,10.5,204.272,192.176,204.0939004,76,0,-0.010541545,-0.062225389,0.062225389,0.010541545,14.04830846,9.984865371,2.007674845,-2.056297138,2.273766912,-1.79475265,5.959939073,1.650931264,2.390502728,2.323448832,603.7741659,10.79468245,8.92820323,8.92820323,7.949489743,5.482050808,5.482050808,3.89273441,3.89273441,2.874429817,2.874429817,2.094847746,2.094847746,-2.08,9581.134933,9.168074544,3.820620704,1.486765797,95.17016186,0,0,0,0,0,0,0,0,0,0,72.79640482,21.89935141,0,0,0,10.77244843,0,0,0,0,0,72.79640482,0,11.12690298,0,0,0,0,0,0,0,0,72.79640482,0,21.89935141,0,0,0,0,0,0,0,0,21.89935141,0,0,72.79640482,0,0,0,0,2.611160242,2.581481481,0,25.47402494,0,0,0,0,16,0,0,0,0,0,3,0,3,0,0,0,1,0,0,0,3,4.5068,69.384,0,0,0,0,0,0,0,0,0,0,0,0,0,0,0,0,0,0,0,0,0,0,0,0,0,0,0,0,0,0,0,0,0,0,3,0,1,0,0,0,0,0,0,0,0,0,0,0,0,0,0,0,0,0,0,0,0,0,0,0,0,0,0,0,0,0,0,0,0,0,0,0,0,0,0,0,0,0,0,0,0,0,0,0,0,0.5,1.1875,2.0625,0,0
A,29,PN,PM6:Y6,1,溶液添加剂,ITO/ZnO/PFN/PM6:Y6/MoO3/Al,C1(C=CC=C2)=C2C=CC=C1C3=CC=CC=C3,0.82,25.9,71.8,15.2,0,2.178240741,2.178240741,1.27712963,1.27712963,0.546879427,10.5,204.272,192.176,204.0939004,76,0,-0.010541545,-0.062225389,0.062225389,0.010541545,14.04830846,9.984865371,2.007674845,-2.056297138,2.273766912,-1.79475265,5.959939073,1.650931264,2.390502728,2.323448832,603.7741659,10.79468245,8.92820323,8.92820323,7.949489743,5.482050808,5.482050808,3.89273441,3.89273441,2.874429817,2.874429817,2.094847746,2.094847746,-2.08,9581.134933,9.168074544,3.820620704,1.486765797,95.17016186,0,0,0,0,0,0,0,0,0,0,72.79640482,21.89935141,0,0,0,10.77244843,0,0,0,0,0,72.79640482,0,11.12690298,0,0,0,0,0,0,0,0,72.79640482,0,21.89935141,0,0,0,0,0,0,0,0,21.89935141,0,0,72.79640482,0,0,0,0,2.611160242,2.581481481,0,25.47402494,0,0,0,0,16,0,0,0,0,0,3,0,3,0,0,0,1,0,0,0,3,4.5068,69.384,0,0,0,0,0,0,0,0,0,0,0,0,0,0,0,0,0,0,0,0,0,0,0,0,0,0,0,0,0,0,0,0,0,0,3,0,1,0,0,0,0,0,0,0,0,0,0,0,0,0,0,0,0,0,0,0,0,0,0,0,0,0,0,0,0,0,0,0,0,0,0,0,0,0,0,0,0,0,0,0,0,0,0,0,0,0.5,1.1875,2.0625,0,0
A,30,BDT,PM6:Y6,1,挥发性固体添加剂,ITO/PEDOT: PSS/PM6:Y6/PNDIT-F3N/Ag,C12=CC3=C(C=CS3)C=C1SC=C2,0.842,27.28,78.25,17.98,0.0396812,2.269675926,2.269675926,1.370324074,1.370324074,0.50003843,11.33333333,190.292,184.244,189.9910922,58,0,0.034917613,-0.14379833,0.14379833,0.034917613,32.13462644,10.20051953,1.981001098,-1.890415156,2.289648734,-1.613376512,7.183810428,2.037512318,2.640861375,2.621180554,439.7632858,7.966255326,6.280598196,7.913591358,5.93265299,3.778370285,5.537675908,2.769061398,4.664449784,2.027444702,3.786750325,1.417269231,3.05590328,-0.86,1523.777013,6.633922145,2.312312248,0.822195923,78.07545872,0,0,0,0,0,0,0,0,0,22.67357176,0,45.79804224,9.399839833,0,0,42.84586002,0,0,0,0,0,35.02559381,0,0,0,0,0,22.67357176,0,0,0,0,35.02559381,0,20.17228826,0,0,0,0,0,0,0,0,20.17228826,0,22.67357176,35.02559381,0,2.779444444,3.62037037,0,7.034722222,0,0,8.898796296,0,0,0,0,12,0,0,0,0,0,1,2,3,2,0,2,0,0,0,0,3,4.116,57.208,0,0,0,0,0,0,0,0,0,0,0,0,0,0,0,0,0,0,0,0,0,0,0,0,0,0,0,0,0,0,0,0,0,0,1,0,2,0,0,0,0,0,0,0,0,0,0,0,0,0,0,0,0,0,0,0,0,0,0,0,0,0,0,0,0,0,0,0,0,0,0,0,0,0,0,0,0,0,0,0,0,0,2,0,0,0.75,1.25,1.75,0,0
A,30,BDT,PM6:BTPeC9,1,挥发性固体添加剂,ITO/PEDOT: PSS/PM6:BTPeC9/PNDIT-F3N/Ag,C12=CC3=C(C=CS3)C=C1SC=C2,0.844,27.55,78.48,18.24,0.03968026,2.269675926,2.269675926,1.370324074,1.370324074,0.50003843,11.33333333,190.292,184.244,189.9910922,58,0,0.034917613,-0.14379833,0.14379833,0.034917613,32.13462644,10.20051953,1.981001098,-1.890415156,2.289648734,-1.613376512,7.183810428,2.037512318,2.640861375,2.621180554,439.7632858,7.966255326,6.280598196,7.913591358,5.93265299,3.778370285,5.537675908,2.769061398,4.664449784,2.027444702,3.786750325,1.417269231,3.05590328,-0.86,1523.777013,6.633922145,2.312312248,0.822195923,78.07545872,0,0,0,0,0,0,0,0,0,22.67357176,0,45.79804224,9.399839833,0,0,42.84586002,0,0,0,0,0,35.02559381,0,0,0,0,0,22.67357176,0,0,0,0,35.02559381,0,20.17228826,0,0,0,0,0,0,0,0,20.17228826,0,22.67357176,35.02559381,0,2.779444444,3.62037037,0,7.034722222,0,0,8.898796296,0,0,0,0,12,0,0,0,0,0,1,2,3,2,0,2,0,0,0,0,3,4.116,57.208,0,0,0,0,0,0,0,0,0,0,0,0,0,0,0,0,0,0,0,0,0,0,0,0,0,0,0,0,0,0,0,0,0,0,1,0,2,0,0,0,0,0,0,0,0,0,0,0,0,0,0,0,0,0,0,0,0,0,0,0,0,0,0,0,0,0,0,0,0,0,0,0,0,0,0,0,0,0,0,0,0,0,2,0,0,0.75,1.25,1.75,0,0
A,30,BDT,PM6:L8BO,1,挥发性固体添加剂,ITO/PEDOT: PSS/PM6:L8BO/PNDIT-F3N/Ag,C12=CC3=C(C=CS3)C=C1SC=C2,0.893,26.59,80.03,19.01,0.03968111,2.269675926,2.269675926,1.370324074,1.370324074,0.50003843,11.33333333,190.292,184.244,189.9910922,58,0,0.034917613,-0.14379833,0.14379833,0.034917613,32.13462644,10.20051953,1.981001098,-1.890415156,2.289648734,-1.613376512,7.183810428,2.037512318,2.640861375,2.621180554,439.7632858,7.966255326,6.280598196,7.913591358,5.93265299,3.778370285,5.537675908,2.769061398,4.664449784,2.027444702,3.786750325,1.417269231,3.05590328,-0.86,1523.777013,6.633922145,2.312312248,0.822195923,78.07545872,0,0,0,0,0,0,0,0,0,22.67357176,0,45.79804224,9.399839833,0,0,42.84586002,0,0,0,0,0,35.02559381,0,0,0,0,0,22.67357176,0,0,0,0,35.02559381,0,20.17228826,0,0,0,0,0,0,0,0,20.17228826,0,22.67357176,35.02559381,0,2.779444444,3.62037037,0,7.034722222,0,0,8.898796296,0,0,0,0,12,0,0,0,0,0,1,2,3,2,0,2,0,0,0,0,3,4.116,57.208,0,0,0,0,0,0,0,0,0,0,0,0,0,0,0,0,0,0,0,0,0,0,0,0,0,0,0,0,0,0,0,0,0,0,1,0,2,0,0,0,0,0,0,0,0,0,0,0,0,0,0,0,0,0,0,0,0,0,0,0,0,0,0,0,0,0,0,0,0,0,0,0,0,0,0,0,0,0,0,0,0,0,2,0,0,0.75,1.25,1.75,0,0
A,31,TT*,PM6:L8-BO,1,固体添加剂,ITO/2PACz/PM6:L8-BO/PDINN/Ag,C1(C=CS2)=C2C=CS1,0.886,26.3,78.3,18.2,0.0433999,2.157407407,2.157407407,1.412037037,1.412037037,0.527461214,10.5,140.232,136.2,139.9754421,40,0,0.045001368,-0.142903986,0.142903986,0.045001368,32.13607061,10.53508825,1.902762696,-1.634514629,2.245361889,-1.326792338,7.254271145,2.235624148,2.150348863,3.062247833,227.8603611,5.397341225,4.125897658,5.75889082,3.966326495,2.373669747,4.13297537,1.569702661,3.465091047,1.071699981,2.965099943,0.697234872,2.521262994,-0.34,141.9230249,4.530451066,1.569314512,0.501192714,55.39379419,0,0,0,0,0,0,0,0,0,22.67357176,0,22.89285968,9.399839833,0,0,32.07341159,0,0,0,0,0,22.89285968,0,0,0,0,0,22.67357176,0,0,0,0,22.89285968,0,9.399839833,0,0,0,0,0,0,0,0,9.399839833,22.67357176,0,22.89285968,0,2.824074074,3.608796296,0,4.252314815,0,0,4.314814815,0,0,0,0,8,0,0,0,0,0,0,2,2,2,0,2,0,0,0,0,2,2.9628,39.702,0,0,0,0,0,0,0,0,0,0,0,0,0,0,0,0,0,0,0,0,0,0,0,0,0,0,0,0,0,0,0,0,0,0,0,0,1,0,0,0,0,0,0,0,0,0,0,0,0,0,0,0,0,0,0,0,0,0,0,0,0,0,0,0,0,0,0,0,0,0,0,0,0,0,0,0,0,0,0,0,0,0,2,0,0,0.875,1.375,1.875,0,0
A,31,TTBB,PM6:L8-BO,1,固体添加剂,ITO/2PACz/PM6:L8-BO/PDINN/Ag,BrC1=CSC2=C1SC=C2Br,0.893,26.8,79.7,19.1,0.36749523,3.480162037,3.480162037,1.211296296,1.211296296,0.672076209,11,298.024,296.008,295.7964663,52,0,0.060416376,-0.140482668,0.140482668,0.060416376,79.91976129,10.53011354,2.051462852,-1.746887195,2.392978534,-1.455238923,9.107257344,2.062341493,2.405109318,2.950478061,324.5871887,7.137828202,4.727126065,9.532112305,4.7876937,2.584967553,5.930269715,1.825528073,5.293507493,1.200551831,5.738186729,0.764897078,4.438541575,0.62,339.1204139,7.278843883,2.587781268,0.978209795,83.1288894,0,0,0,0,0,0,0,0,0,22.67357176,0,31.8598878,19.70556457,9.399839833,0,63.93329938,0,0,0,0,0,19.70556457,0,0,0,0,0,54.53345955,0,0,0,0,19.70556457,0,9.399839833,0,0,0,0,0,0,0,0,18.34527886,22.67357176,0,42.62001334,0,5.11125,10.48810185,0,4.233981481,0,0,0,0,0,0,0,10,0,0,0,0,0,0,2,2,2,0,4,0,0,0,0,2,4.4878,55.102,0,0,0,0,0,0,0,0,0,0,0,0,0,0,0,0,0,0,0,0,0,0,0,0,0,0,0,0,0,0,0,0,0,0,0,0,1,0,0,0,0,0,0,0,2,0,0,0,0,0,0,0,0,0,0,0,0,0,0,0,0,0,0,0,0,0,0,0,0,0,0,0,0,0,0,0,0,0,0,0,0,0,2,0,0,0.9,1.3,1.7,0,0
A,31,TTBI,PM6:L8-BO,1,固体添加剂,ITO/2PACz/PM6:L8-BO/PDINN/Ag,BrC1=CSC2=C1SC=C2I,0.889,26.7,78.7,18.7,0.34717354,3.497662037,3.497662037,1.236496296,1.236496296,0.623856816,11,345.024,343.008,343.7826022,52,0,0.060342185,-0.140558807,0.140558807,0.060342185,126.9127043,10.53111763,2.050796549,-1.747477002,2.373339875,-1.506757362,14.11198241,2.057987612,2.405109318,2.950478061,326.5871887,7.137828202,4.727126065,10.10361406,4.7876937,2.584967553,6.216020591,1.825528073,5.601361277,1.200551831,6.186666791,0.764897078,4.763809797,0.87,339.1204139,7.515578434,2.728564517,1.050366242,88.52317992,0,0,0,0,0,0,0,0,0,22.67357176,0,38.52081453,18.80302733,9.399839833,0,70.59422611,0,0,0,0,0,18.80302733,0,0,0,0,0,61.19438628,0,0,3.570182271,0,15.23284506,0,9.399839833,0,0,0,0,0,0,0,0,17.44274162,22.67357176,0,49.28094007,0,5.403325,9.470826852,0,4.329181481,0,0,0,0,0,0,0,10,0,0,0,0,0,0,2,2,2,0,4,0,0,0,0,2,4.3299,60.119,0,0,0,0,0,0,0,0,0,0,0,0,0,0,0,0,0,0,0,0,0,0,0,0,0,0,0,0,0,0,0,0,0,0,0,0,1,0,0,0,0,0,0,0,2,0,0,0,0,0,0,0,0,0,0,0,0,0,0,0,0,0,0,0,0,0,0,0,0,0,0,0,0,0,0,0,0,0,0,0,0,0,2,0,0,1.2,1.9,2.6,0,0
A,32,CN*,D18:L8-BO,1,溶液添加剂,ITO/PEDOT:PSS/D18:L8-BO/PDINN/Ag,ClC1=CC=CC2=CC=CC=C21,0.902,25.41,76.85,17.62,0.83984921,5.957037037,5.957037037,0.822314815,0.822314815,0.55644797,10.27272727,162.619,155.563,162.0236279,54,0,0.048389036,-0.083664219,0.083664219,0.048389036,35.49569104,10.12844457,1.934419766,-1.966428521,2.214722752,-1.704476637,6.349799888,1.748124801,2.05595014,2.913161164,374.0344904,7.681798276,5.919416357,6.675345303,5.377010098,3.510349442,3.888313915,2.460971502,2.868171629,1.736428508,2.066016729,1.185882541,1.430724861,-1.01,505.7637346,6.684816447,2.554171088,1.099229702,70.41633388,0,0,0,0,0,0,0,0,0,0,47.9991423,11.45259128,10.40885753,0,0,22.37338832,0,0,0,0,0,47.48720279,0,0,0,0,0,11.60093989,0,0,0,0,42.46456948,5.022633314,10.77244843,0,0,0,0,0,0,0,10.40885753,5.386224214,0,30.33183534,12.13273414,11.60093989,0,5.957037037,0,3.13867284,0,0,14.01540123,0,0,0,0,11,0,0,0,0,0,2,0,2,0,0,1,0,0,0,0,2,3.4932,48.958,0,0,0,0,0,0,0,0,0,0,0,0,0,0,0,0,0,0,0,0,0,0,0,0,0,0,0,0,0,0,0,0,0,0,2,0,1,0,0,0,0,0,0,0,1,0,0,0,0,0,0,0,0,0,0,0,0,0,0,0,0,0,0,0,0,0,0,0,0,0,0,0,0,0,0,0,0,0,0,0,0,0,0,0,0,0.818181818,1.545454545,2.363636364,0,0
A,32,BCN,D18:L8-BO,1,固体添加剂,ITO/PEDOT:PSS/D18:L8-BO/PDINN/Ag,ClC1=C2C(C=CC=C2Br)=CC=C1,0.924,25.56,77.08,18.2,1.56955822,6.032314815,6.032314815,0.791643519,0.791643519,0.646532063,10.5,241.515,235.467,239.93414,60,0,0.049525082,-0.083621556,0.083621556,0.049525082,79.91873101,10.12714953,2.000402028,-2.007701252,2.293609488,-1.741538134,9.103951619,1.707948549,2.044086343,2.960941512,386.3581353,8.552041764,6.220030561,8.561956046,5.7876937,3.615998345,4.786961087,2.577783909,3.839320935,1.803004266,2.778806551,1.251268325,2.244170117,-0.53,719.5183928,8.085816371,3.0765277,1.233362161,84.28388148,0,0,0,0,0,0,0,0,0,0,51.79635206,17.51895835,14.88157704,0,0,38.30333222,0,0,0,0,0,45.89355524,0,0,0,0,0,27.53088379,0,0,0,0,40.87092193,5.022633314,10.77244843,0,0,0,0,0,0,0,20.26780126,0,0,36.39820241,15.9299439,11.60093989,1.046851852,9.495532407,0,3.04029321,0,0,11.94510031,0,0,0,0,12,0,0,0,0,0,2,0,2,0,0,2,0,0,0,0,2,4.2557,56.658,0,0,0,0,0,0,0,0,0,0,0,0,0,0,0,0,0,0,0,0,0,0,0,0,0,0,0,0,0,0,0,0,0,0,2,0,1,0,0,0,0,0,0,0,2,0,0,0,0,0,0,0,0,0,0,0,0,0,0,0,0,0,0,0,0,0,0,0,0,0,0,0,0,0,0,0,0,0,0,0,0,0,0,0,0,1,1.666666667,2.333333333,0,0
A,34,IDT,PM6:Y6,1,固体添加剂,ITO/ZnO/PM6:Y6/MoO3/Ag,CCCCCCCCCCCCCCCCC1(CCCCCCCCCCCCCCCC)C2=C(C=C(C(CCCCCCCCCCCCCCCC)(CCCCCCCCCCCCCCCC)C3=C4SC(/C=C(C#N)/C(O)=O)=C3)C4=C2)C5=C1C=C(/C=C(C(O)=O)\C#N)S5,0.84,26.78,71.43,16.08,5.26108307,12.52116327,12.52116327,0.216905868,-1.178015387,0.032976216,13.64583333,1354.232,1213.112,1353.025453,538,0,0.345992271,-0.477114411,0.477114411,0.345992271,32.13475423,9.682979393,2.49180777,-2.344257372,2.635726937,-2.267129369,7.168434391,-0.132612257,1.526176108,1.485145204,2478.201717,68.58037845,62.31235603,63.94534919,47.13609176,41.32591436,42.95890753,30.22543857,32.39299248,22.31483039,24.54554053,16.51177175,18.97646213,-3.98,3.17E+26,82.68609613,51.20443796,29.30580405,597.1378372,10.21305479,23.28465169,0,0,0,11.93861058,0,9.589074368,10.52378311,22.67357176,387.2609597,95.48150393,30.33856971,0,19.80212916,46.76422255,10.52378311,0,0,423.7742271,0,67.41977769,0,33.01964,0,0,0,22.67357176,22.15166537,20.41905531,22.66222574,444.9523465,35.41167733,0,33.03323758,0,122.18,11.93861058,30.32591227,0,21.97619,0,61.12086737,377.0177277,34.82561197,12.13844263,51.96041707,0,0,3.390390736,29.27950629,40.7663021,7.185480134,-2.356030774,13.87843676,81.16914989,9.186764869,0,0.75,96,2,6,2,0,2,1,2,3,6,2,8,64,0,0,0,5,29.81136,416.7956,2,0,0,0,0,0,0,0,2,2,2,0,0,0,0,2,0,0,0,0,0,0,0,0,0,0,0,0,0,0,0,0,0,0,1,0,6,0,0,0,0,0,0,0,0,0,0,0,0,0,0,0,0,0,0,0,0,2,0,0,0,0,0,0,0,0,0,0,0,0,0,0,0,0,0,0,0,0,0,0,0,0,2,52,0,0.3125,0.5,0.677083333,0,0
A,35,DPE*,D18-Cl:N3,1,溶液添加剂,*原文无访问权限,C1(OC2=CC=CC=C2)=CC=CC=C1,0.848,27.05,75.45,17.39,1.66996921,5.578333333,5.578333333,0.869166667,0.869166667,0.670036385,9.538461538,170.211,160.131,170.0731649,64,0,0.126927749,-0.457384598,0.457384598,0.126927749,16.48049519,10.30635327,1.919851315,-2.031129692,2.188761331,-1.809828901,5.29659759,0.482496726,2.207941986,2.161475751,315.8986487,8.932875131,7.181750982,7.181750982,6.449489743,4.229615496,4.229615496,2.728167132,2.728167132,1.722112591,1.722112591,1.113155983,1.113155983,-1.76,1589.71823,7.866895638,3.764211048,2.089799938,77.60204256,4.736862954,11.49902367,0,0,0,0,0,0,0,0,36.39820241,24.26546827,0,0,4.736862954,0,0,0,0,0,0,60.66367068,0,11.49902367,4.736862954,0,11.49902367,0,0,0,0,0,60.66367068,0,0,0,9.23,0,0,0,0,0,11.49902367,0,0,60.66367068,0,4.736862954,5.578333333,0,0,0,0,1.738333333,19.51666667,0,0,0,0,13,0,1,0,0,0,2,0,2,1,0,1,2,0,0,0,2,3.4789,52.958,0,0,0,0,0,0,0,0,0,0,0,0,0,0,0,0,0,0,0,0,0,0,0,0,0,0,0,0,0,0,0,0,0,0,2,0,0,0,0,0,0,1,0,0,0,0,0,0,0,0,0,0,0,0,0,0,0,0,0,0,0,0,0,0,2,0,0,0,0,0,0,0,0,0,0,0,0,0,0,0,0,0,0,0,0,0.538461538,0.923076923,1.307692308,0,0
A,35,SA-1,PBDBT-TF:IT-4F,1,挥发性固体添加剂,ITO/PEDOT:PSS)/PBDBT-TF:IT-4F/PFN-Br/Al,O=C1C2=C(C=C(C)S2)C(/C1=C\C3=CC=CS3)=O,0.86,20.2,76,13.8,1.89920355,12.07264645,12.07264645,0.128240741,-0.136342593,0.579866122,16.88235294,260.339,252.275,259.9965715,84,0,0.207208835,-0.288398603,0.288398603,0.207208835,32.13469827,10.12140031,2.345147409,-1.924360843,2.339172544,-1.997285893,7.149211663,0.099117435,2.960419793,2.098326588,609.5223659,11.99119935,9.019744508,10.65273767,8.164703798,5.116365326,6.812514718,3.831529899,6.067125194,2.625160192,4.493736376,1.868818905,3.489102082,-1.52,14067.91485,10.62246291,3.752428145,1.605456594,106.2215445,0,0,5.783244946,5.783244946,0,0,9.589074368,0,0,22.67357176,6.066367068,30.51255421,15.31774588,10.45025172,9.589074368,40.31608176,0,0,0,6.9237372,0,49.34716158,0,0,0,0,0,22.67357176,11.56648989,0,6.9237372,29.78396744,29.15226851,0,6.076020107,0,34.14,0,9.589074368,0,11.56648989,16.01370322,9.754294387,22.67357176,12.14238718,24.43653411,0,0,0,2.918165129,26.67927876,1.926798758,0.869450113,-0.264583333,5.603439442,1.691851852,1.908932613,0,0.076923077,17,0,2,1,0,1,0,2,2,4,0,4,1,0,0,0,3,3.58062,70.013,0,0,0,0,0,0,0,0,0,0,2,2,0,0,0,0,0,0,0,0,0,0,0,0,0,0,1,0,0,0,1,0,0,0,0,0,1,0,0,0,0,0,0,0,0,0,0,0,0,0,0,2,2,0,0,0,0,0,0,0,0,0,0,0,0,0,0,0,0,0,0,0,0,0,0,0,0,0,0,0,0,0,2,0,0,1.235294118,2.058823529,2.705882353,0,0
A,35,SA-1,PBDB-TCl:IT-4F,1,挥发性固体添加剂,ITO/PEDOT:PSS)/PBDB-TCl:IT-4F/PFN-Br/Al,O=C1C2=C(C=C(C)S2)C(/C1=C\C3=CC=CS3)=O,0.86,21.1,75,14.2,1.89920355,12.07264645,12.07264645,0.128240741,-0.136342593,0.579866122,16.88235294,260.339,252.275,259.9965715,84,0,0.207208835,-0.288398603,0.288398603,0.207208835,32.13469827,10.12140031,2.345147409,-1.924360843,2.339172544,-1.997285893,7.149211663,0.099117435,2.960419793,2.098326588,609.5223659,11.99119935,9.019744508,10.65273767,8.164703798,5.116365326,6.812514718,3.831529899,6.067125194,2.625160192,4.493736376,1.868818905,3.489102082,-1.52,14067.91485,10.62246291,3.752428145,1.605456594,106.2215445,0,0,5.783244946,5.783244946,0,0,9.589074368,0,0,22.67357176,6.066367068,30.51255421,15.31774588,10.45025172,9.589074368,40.31608176,0,0,0,6.9237372,0,49.34716158,0,0,0,0,0,22.67357176,11.56648989,0,6.9237372,29.78396744,29.15226851,0,6.076020107,0,34.14,0,9.589074368,0,11.56648989,16.01370322,9.754294387,22.67357176,12.14238718,24.43653411,0,0,0,2.918165129,26.67927876,1.926798758,0.869450113,-0.264583333,5.603439442,1.691851852,1.908932613,0,0.076923077,17,0,2,1,0,1,0,2,2,4,0,4,1,0,0,0,3,3.58062,70.013,0,0,0,0,0,0,0,0,0,0,2,2,0,0,0,0,0,0,0,0,0,0,0,0,0,0,1,0,0,0,1,0,0,0,0,0,1,0,0,0,0,0,0,0,0,0,0,0,0,0,0,2,2,0,0,0,0,0,0,0,0,0,0,0,0,0,0,0,0,0,0,0,0,0,0,0,0,0,0,0,0,0,2,0,0,1.235294118,2.058823529,2.705882353,0,0
A,35,SA-1,PBDB-TF:IT-2F,1,挥发性固体添加剂,ITO/PEDOT:PSS)/PBDB-TF:IT-2F/PFN-Br/Al,O=C1C2=C(C=C(C)S2)C(/C1=C\C3=CC=CS3)=O,0.92,19.2,76,13.7,1.89920355,12.07264645,12.07264645,0.128240741,-0.136342593,0.579866122,16.88235294,260.339,252.275,259.9965715,84,0,0.207208835,-0.288398603,0.288398603,0.207208835,32.13469827,10.12140031,2.345147409,-1.924360843,2.339172544,-1.997285893,7.149211663,0.099117435,2.960419793,2.098326588,609.5223659,11.99119935,9.019744508,10.65273767,8.164703798,5.116365326,6.812514718,3.831529899,6.067125194,2.625160192,4.493736376,1.868818905,3.489102082,-1.52,14067.91485,10.62246291,3.752428145,1.605456594,106.2215445,0,0,5.783244946,5.783244946,0,0,9.589074368,0,0,22.67357176,6.066367068,30.51255421,15.31774588,10.45025172,9.589074368,40.31608176,0,0,0,6.9237372,0,49.34716158,0,0,0,0,0,22.67357176,11.56648989,0,6.9237372,29.78396744,29.15226851,0,6.076020107,0,34.14,0,9.589074368,0,11.56648989,16.01370322,9.754294387,22.67357176,12.14238718,24.43653411,0,0,0,2.918165129,26.67927876,1.926798758,0.869450113,-0.264583333,5.603439442,1.691851852,1.908932613,0,0.076923077,17,0,2,1,0,1,0,2,2,4,0,4,1,0,0,0,3,3.58062,70.013,0,0,0,0,0,0,0,0,0,0,2,2,0,0,0,0,0,0,0,0,0,0,0,0,0,0,1,0,0,0,1,0,0,0,0,0,1,0,0,0,0,0,0,0,0,0,0,0,0,0,0,2,2,0,0,0,0,0,0,0,0,0,0,0,0,0,0,0,0,0,0,0,0,0,0,0,0,0,0,0,0,0,2,0,0,1.235294118,2.058823529,2.705882353,0,0
A,35,SA-1,PBDB-T:ITIC,1,挥发性固体添加剂,ITO/PEDOT:PSS)/PBDB-T:ITIC/PFN-Br/Al,O=C1C2=C(C=C(C)S2)C(/C1=C\C3=CC=CS3)=O,0.87,17.1,69,10.4,1.89920355,12.07264645,12.07264645,0.128240741,-0.136342593,0.579866122,16.88235294,260.339,252.275,259.9965715,84,0,0.207208835,-0.288398603,0.288398603,0.207208835,32.13469827,10.12140031,2.345147409,-1.924360843,2.339172544,-1.997285893,7.149211663,0.099117435,2.960419793,2.098326588,609.5223659,11.99119935,9.019744508,10.65273767,8.164703798,5.116365326,6.812514718,3.831529899,6.067125194,2.625160192,4.493736376,1.868818905,3.489102082,-1.52,14067.91485,10.62246291,3.752428145,1.605456594,106.2215445,0,0,5.783244946,5.783244946,0,0,9.589074368,0,0,22.67357176,6.066367068,30.51255421,15.31774588,10.45025172,9.589074368,40.31608176,0,0,0,6.9237372,0,49.34716158,0,0,0,0,0,22.67357176,11.56648989,0,6.9237372,29.78396744,29.15226851,0,6.076020107,0,34.14,0,9.589074368,0,11.56648989,16.01370322,9.754294387,22.67357176,12.14238718,24.43653411,0,0,0,2.918165129,26.67927876,1.926798758,0.869450113,-0.264583333,5.603439442,1.691851852,1.908932613,0,0.076923077,17,0,2,1,0,1,0,2,2,4,0,4,1,0,0,0,3,3.58062,70.013,0,0,0,0,0,0,0,0,0,0,2,2,0,0,0,0,0,0,0,0,0,0,0,0,0,0,1,0,0,0,1,0,0,0,0,0,1,0,0,0,0,0,0,0,0,0,0,0,0,0,0,2,2,0,0,0,0,0,0,0,0,0,0,0,0,0,0,0,0,0,0,0,0,0,0,0,0,0,0,0,0,0,2,0,0,1.235294118,2.058823529,2.705882353,0,0
A,35,DBCI,PM6:Y6,1,挥发性固体添加剂,ITO/PEDOT:PSS/PM6:Y6/PDINN/Ag,ClC1=CC(Br)=CC(Br)=C1,0.85,25.8,78.5,17.2,1.35949929,5.690246914,5.690246914,0.732638889,0.732638889,0.671191911,9.666666667,270.351,267.327,267.829002,48,0,0.042793755,-0.08426045,0.08426045,0.042793755,79.91976333,10.36749222,1.914670783,-1.919538738,2.22094071,-1.659179302,9.108004963,1.601341732,1.588091448,3.16567031,171.8200652,6.853371151,4.365944227,8.293866251,4.18154055,2.298997517,4.262958529,1.587666373,3.855453211,0.827326835,1.961220254,0.520178761,2.312561234,0.47,85.75693819,7.575596621,3.039426929,2.280127144,75.46976456,0,0,0,0,0,0,0,0,0,0,43.46082769,18.19910121,13.96807235,0,0,43.46082769,0,0,0,0,0,32.16717355,0,0,0,0,0,43.46082769,0,0,0,0,27.14454024,5.022633314,0,0,0,0,0,0,0,0,13.96807235,0,0,18.19910121,31.8598878,11.60093989,1.975694444,12.28719136,0,0.732638889,0,0,5.61558642,0,0,0,0,9,0,0,0,0,0,1,0,1,0,0,3,0,0,0,0,1,3.865,46.852,0,0,0,0,0,0,0,0,0,0,0,0,0,0,0,0,0,0,0,0,0,0,0,0,0,0,0,0,0,0,0,0,0,0,1,0,0,0,0,0,0,0,0,0,3,0,0,0,0,0,0,0,0,0,0,0,0,0,0,0,0,0,0,0,0,0,0,0,0,0,0,0,0,0,0,0,0,0,0,0,0,0,0,0,0,1,1.444444444,1.777777778,0,0
A,35,DBCI,PM6:L8-BO,1,挥发性固体添加剂,ITO/PEDOT:PSS/PM6:L8-BO/PDINN/Ag,ClC1=CC(Br)=CC(Br)=C1,0.89,25.9,80.2,18.5,1.35949929,5.690246914,5.690246914,0.732638889,0.732638889,0.671191911,9.666666667,270.351,267.327,267.829002,48,0,0.042793755,-0.08426045,0.08426045,0.042793755,79.91976333,10.36749222,1.914670783,-1.919538738,2.22094071,-1.659179302,9.108004963,1.601341732,1.588091448,3.16567031,171.8200652,6.853371151,4.365944227,8.293866251,4.18154055,2.298997517,4.262958529,1.587666373,3.855453211,0.827326835,1.961220254,0.520178761,2.312561234,0.47,85.75693819,7.575596621,3.039426929,2.280127144,75.46976456,0,0,0,0,0,0,0,0,0,0,43.46082769,18.19910121,13.96807235,0,0,43.46082769,0,0,0,0,0,32.16717355,0,0,0,0,0,43.46082769,0,0,0,0,27.14454024,5.022633314,0,0,0,0,0,0,0,0,13.96807235,0,0,18.19910121,31.8598878,11.60093989,1.975694444,12.28719136,0,0.732638889,0,0,5.61558642,0,0,0,0,9,0,0,0,0,0,1,0,1,0,0,3,0,0,0,0,1,3.865,46.852,0,0,0,0,0,0,0,0,0,0,0,0,0,0,0,0,0,0,0,0,0,0,0,0,0,0,0,0,0,0,0,0,0,0,1,0,0,0,0,0,0,0,0,0,3,0,0,0,0,0,0,0,0,0,0,0,0,0,0,0,0,0,0,0,0,0,0,0,0,0,0,0,0,0,0,0,0,0,0,0,0,0,0,0,0,1,1.444444444,1.777777778,0,0
A,35,DIB,PM6:Y6,1,挥发性固体添加剂,ITO/PEDOT:PSS/PM6:Y6/PNDIT-F3N/Ag,IC1=CC=C(I)C=C1,0.833,26.3,78.9,17.25,0.83750645,2.293133333,2.293133333,1.294459259,1.294459259,0.642051393,9.25,329.906,325.874,329.8402461,42,0,0.013054724,-0.047792868,0.047792868,0.013054724,126.913722,10.37614531,1.823583796,-1.865196704,2.071859743,-1.684989424,14.11320949,1.599140599,1.769973094,3.032455532,145.3883389,5.983127663,4.065330023,8.380326605,3.7876937,2.199331678,4.356829969,1.43643578,3.927700219,0.803543161,2.241875356,0.429549359,1.148715456,0.68,70.79892376,6.795207373,3.004496065,1.889429225,75.95507936,0,0,0,0,0,0,0,0,0,0,0,69.44720953,7.140364542,0,0,45.18174125,0,0,0,0,0,31.40583282,0,0,0,0,0,45.18174125,0,0,7.140364542,0,24.26546827,0,0,0,0,0,0,0,0,0,0,7.140364542,0,0,69.44720953,0,2.588918519,4.586266667,0,0,0,0,8.398148148,0,0,0,0,8,0,0,0,0,0,1,0,1,0,0,2,0,0,0,0,1,2.8958,51.876,0,0,0,0,0,0,0,0,0,0,0,0,0,0,0,0,0,0,0,0,0,0,0,0,0,0,0,0,0,0,0,0,0,0,1,0,0,0,0,0,0,0,0,0,2,0,0,0,0,0,0,0,0,0,0,0,0,0,0,0,0,0,0,0,0,0,0,0,0,0,0,0,0,0,0,0,0,0,0,0,0,0,0,0,0,0.75,1,1.25,0,0
A,35,DIB,PM6:N3,1,挥发性固体添加剂,ITO/PEDOT:PSS/PM6:N3/PNDIT-F3N/Ag,IC1=CC=C(I)C=C1,0.827,26.34,78.5,17.11,0.83750645,2.293133333,2.293133333,1.294459259,1.294459259,0.642051393,9.25,329.906,325.874,329.8402461,42,0,0.013054724,-0.047792868,0.047792868,0.013054724,126.913722,10.37614531,1.823583796,-1.865196704,2.071859743,-1.684989424,14.11320949,1.599140599,1.769973094,3.032455532,145.3883389,5.983127663,4.065330023,8.380326605,3.7876937,2.199331678,4.356829969,1.43643578,3.927700219,0.803543161,2.241875356,0.429549359,1.148715456,0.68,70.79892376,6.795207373,3.004496065,1.889429225,75.95507936,0,0,0,0,0,0,0,0,0,0,0,69.44720953,7.140364542,0,0,45.18174125,0,0,0,0,0,31.40583282,0,0,0,0,0,45.18174125,0,0,7.140364542,0,24.26546827,0,0,0,0,0,0,0,0,0,0,7.140364542,0,0,69.44720953,0,2.588918519,4.586266667,0,0,0,0,8.398148148,0,0,0,0,8,0,0,0,0,0,1,0,1,0,0,2,0,0,0,0,1,2.8958,51.876,0,0,0,0,0,0,0,0,0,0,0,0,0,0,0,0,0,0,0,0,0,0,0,0,0,0,0,0,0,0,0,0,0,0,1,0,0,0,0,0,0,0,0,0,2,0,0,0,0,0,0,0,0,0,0,0,0,0,0,0,0,0,0,0,0,0,0,0,0,0,0,0,0,0,0,0,0,0,0,0,0,0,0,0,0,0.75,1,1.25,0,0
A,35,DIB,D18-Cl:L8-BO,1,挥发性固体添加剂,ITO/PEDOT:PSS/D18-Cl:L8-BO/PNDIT-F3N/Ag,IC1=CC=C(I)C=C1,0.922,26.6,75.6,18.7,0.83750645,2.293133333,2.293133333,1.294459259,1.294459259,0.642051393,9.25,329.906,325.874,329.8402461,42,0,0.013054724,-0.047792868,0.047792868,0.013054724,126.913722,10.37614531,1.823583796,-1.865196704,2.071859743,-1.684989424,14.11320949,1.599140599,1.769973094,3.032455532,145.3883389,5.983127663,4.065330023,8.380326605,3.7876937,2.199331678,4.356829969,1.43643578,3.927700219,0.803543161,2.241875356,0.429549359,1.148715456,0.68,70.79892376,6.795207373,3.004496065,1.889429225,75.95507936,0,0,0,0,0,0,0,0,0,0,0,69.44720953,7.140364542,0,0,45.18174125,0,0,0,0,0,31.40583282,0,0,0,0,0,45.18174125,0,0,7.140364542,0,24.26546827,0,0,0,0,0,0,0,0,0,0,7.140364542,0,0,69.44720953,0,2.588918519,4.586266667,0,0,0,0,8.398148148,0,0,0,0,8,0,0,0,0,0,1,0,1,0,0,2,0,0,0,0,1,2.8958,51.876,0,0,0,0,0,0,0,0,0,0,0,0,0,0,0,0,0,0,0,0,0,0,0,0,0,0,0,0,0,0,0,0,0,0,1,0,0,0,0,0,0,0,0,0,2,0,0,0,0,0,0,0,0,0,0,0,0,0,0,0,0,0,0,0,0,0,0,0,0,0,0,0,0,0,0,0,0,0,0,0,0,0,0,0,0,0.75,1,1.25,0,0
A,35,DIB,D18-Cl:N3,1,挥发性固体添加剂,ITO/PEDOT:PSS/D18-Cl:N3/PNDIT-F3N/Ag,IC1=CC=C(I)C=C1,0.86,27.18,78.8,18.42,0.83750645,2.293133333,2.293133333,1.294459259,1.294459259,0.642051393,9.25,329.906,325.874,329.8402461,42,0,0.013054724,-0.047792868,0.047792868,0.013054724,126.913722,10.37614531,1.823583796,-1.865196704,2.071859743,-1.684989424,14.11320949,1.599140599,1.769973094,3.032455532,145.3883389,5.983127663,4.065330023,8.380326605,3.7876937,2.199331678,4.356829969,1.43643578,3.927700219,0.803543161,2.241875356,0.429549359,1.148715456,0.68,70.79892376,6.795207373,3.004496065,1.889429225,75.95507936,0,0,0,0,0,0,0,0,0,0,0,69.44720953,7.140364542,0,0,45.18174125,0,0,0,0,0,31.40583282,0,0,0,0,0,45.18174125,0,0,7.140364542,0,24.26546827,0,0,0,0,0,0,0,0,0,0,7.140364542,0,0,69.44720953,0,2.588918519,4.586266667,0,0,0,0,8.398148148,0,0,0,0,8,0,0,0,0,0,1,0,1,0,0,2,0,0,0,0,1,2.8958,51.876,0,0,0,0,0,0,0,0,0,0,0,0,0,0,0,0,0,0,0,0,0,0,0,0,0,0,0,0,0,0,0,0,0,0,1,0,0,0,0,0,0,0,0,0,2,0,0,0,0,0,0,0,0,0,0,0,0,0,0,0,0,0,0,0,0,0,0,0,0,0,0,0,0,0,0,0,0,0,0,0,0,0,0,0,0,0.75,1,1.25,0,0
A,35,DIB,D18:BTP-TTS,1,挥发性固体添加剂,ITO/PEDOT:PSS/D18:BTP-TTS/PNDIT-F3N/Ag,IC1=CC=C(I)C=C1,0.865,27.18,76.71,18.03,0.83750645,2.293133333,2.293133333,1.294459259,1.294459259,0.642051393,9.25,329.906,325.874,329.8402461,42,0,0.013054724,-0.047792868,0.047792868,0.013054724,126.913722,10.37614531,1.823583796,-1.865196704,2.071859743,-1.684989424,14.11320949,1.599140599,1.769973094,3.032455532,145.3883389,5.983127663,4.065330023,8.380326605,3.7876937,2.199331678,4.356829969,1.43643578,3.927700219,0.803543161,2.241875356,0.429549359,1.148715456,0.68,70.79892376,6.795207373,3.004496065,1.889429225,75.95507936,0,0,0,0,0,0,0,0,0,0,0,69.44720953,7.140364542,0,0,45.18174125,0,0,0,0,0,31.40583282,0,0,0,0,0,45.18174125,0,0,7.140364542,0,24.26546827,0,0,0,0,0,0,0,0,0,0,7.140364542,0,0,69.44720953,0,2.588918519,4.586266667,0,0,0,0,8.398148148,0,0,0,0,8,0,0,0,0,0,1,0,1,0,0,2,0,0,0,0,1,2.8958,51.876,0,0,0,0,0,0,0,0,0,0,0,0,0,0,0,0,0,0,0,0,0,0,0,0,0,0,0,0,0,0,0,0,0,0,1,0,0,0,0,0,0,0,0,0,2,0,0,0,0,0,0,0,0,0,0,0,0,0,0,0,0,0,0,0,0,0,0,0,0,0,0,0,0,0,0,0,0,0,0,0,0,0,0,0,0,0.75,1,1.25,0,0
A,35,SA-4,PBDB-TCl:IT-4F,1,挥发性固体添加剂,*原文未给出,O=C(C(C=CC=C1)=C1C/2=O)C2=C/C3=CC=CS3,0.88,20.4,74.8,13.5,1.88732369,12.04889645,12.04889645,0.167592593,-0.167592593,0.566276032,14,240.283,232.219,240.0245005,82,0,0.197269998,-0.288432316,0.288432316,0.197269998,32.13347302,10.11920502,2.318626691,-1.907687966,2.278218169,-1.990892812,7.104575913,0.099037239,2.93724646,2.12722147,599.0016381,11.82806265,8.843547025,9.660043606,8.270856948,5.208117036,6.087769847,3.777264351,4.75653666,2.735346478,3.554663502,1.919149226,2.576446259,-2,16222.4122,10.17301038,3.7856,1.555555556,102.2162391,0,0,11.56648989,0,0,0,9.589074368,0,0,11.33678588,30.33183534,17.52244995,16.00405018,5.57310453,9.589074368,28.97929588,0,0,0,0,0,63.35541989,0,0,0,0,0,11.33678588,11.56648989,0,0,25.59312455,47.35136971,0,6.076020107,0,34.14,0,9.589074368,0,17.13959442,11.12690298,4.877147194,11.33678588,30.34148838,17.51279691,0,0,0,1.511738946,25.02326153,1.920079365,1.300242819,-0.335185185,10.73726994,1.675925926,0,0,0,17,0,2,1,0,1,1,1,2,3,0,3,1,0,0,0,3,3.2107,67.399,0,0,0,0,0,0,0,0,0,0,2,2,0,0,0,0,0,0,0,0,0,0,0,0,0,0,1,0,0,0,0,0,0,0,1,0,1,0,0,0,0,0,0,0,0,0,0,0,0,0,0,2,2,0,0,0,0,0,0,0,0,0,0,0,0,0,0,0,0,0,0,0,0,0,0,0,0,0,0,0,0,0,1,0,0,0.882352941,1.529411765,2.058823529,0,0
A,35,DTC-C8,PM6:PY-C11,1,挥发性固体添加剂,ITO/PEDOT:PSS/PM6:PY-C11/PNDIT-F3N/Ag,O=C(OCCCCCCCCOC(C1=CSC=C1)=O)C2=CSC=C2,0.936,24.57,77.8,17.89,0.00122514,11.59678005,11.59678005,0.232696069,-0.232696069,0.406844677,10.5,366.504,344.328,366.0959512,130,0,0.338470427,-0.462075913,0.462075913,0.338470427,32.13456145,10.11999691,2.068634741,-2.046798147,2.104784159,-2.051898832,7.0792973,0.04849196,3.29165933,1.378674556,536.3320618,17.03732314,13.57044561,15.20343877,11.77085695,8.158023097,10.04364118,5.417208976,6.977275605,3.518743515,4.885212037,2.168858239,3.419148057,-1.66,430828.8313,18.67541647,10.9925037,6.844357677,149.9687797,9.473725908,0,0,0,0,11.93861058,0,9.589074368,22.67357176,0,25.68328649,35.73450292,10.76012554,24.34066691,19.06280028,34.61218233,0,0,0,38.52492974,13.21376393,44.7798882,0,0,0,0,0,22.67357176,25.1523745,9.473725908,0,59.24090709,33.65298522,0,0,0,52.6,0,9.589074368,0,11.93861058,24.34066691,38.52492974,22.67357176,22.89285968,10.76012554,0,9.473725908,10.40867132,2.987765025,23.1935601,7.336845479,1.27221975,-0.465392138,3.551965107,6.089496142,0.95820255,0,0.444444444,24,0,4,0,0,0,0,2,2,6,0,6,11,0,0,0,2,5.164,96.905,0,0,0,0,0,0,0,0,0,0,2,2,0,0,0,0,0,0,0,0,0,0,0,0,0,0,0,0,0,0,0,0,0,0,0,0,0,0,0,0,2,2,0,0,0,0,0,0,0,0,0,0,0,0,0,0,0,0,0,0,0,0,0,0,0,0,0,0,0,0,0,0,0,0,0,0,0,0,0,0,0,0,2,5,0,0.708333333,1.125,1.5,0,0
A,35,DTC-C12,PM6:PY-C11,1,挥发性固体添加剂,ITO/PEDOT:PSS/PM6:PY-C11/PNDIT-F3N/Ag,O=C(OCCCCCCCCCCCCOC(C1=CSC=C1)=O)C2=CSC=C2,0.937,24.92,78.6,18.35,4.22E-06,11.65449665,11.65449665,0.206036678,-0.206036678,0.235930363,10.71428571,422.612,392.372,422.1585514,154,0,0.338470427,-0.462075913,0.462075913,0.338470427,32.13456197,10.0658807,2.066992712,-2.04808552,2.123696398,-2.046603569,7.079305279,0.048854503,3.413674855,1.290342055,591.8994311,19.86575026,16.39887273,18.03186589,13.77085695,10.1580231,12.04364118,6.831422538,8.391489167,4.518743515,5.885212037,2.87596502,4.126254838,-1.66,3059666.532,22.62726021,14.35382765,9.509849634,175.4285481,9.473725908,0,0,0,0,11.93861058,0,9.589074368,22.67357176,0,51.36657298,35.73450292,10.76012554,24.34066691,19.06280028,34.61218233,0,0,0,64.20821623,13.21376393,44.7798882,0,0,0,0,0,22.67357176,25.1523745,9.473725908,0,84.92419358,33.65298522,0,0,0,52.6,0,9.589074368,0,11.93861058,24.34066691,25.68328649,61.19850149,12.13273414,21.52025108,0,9.473725908,10.50178886,3.020398627,23.3089933,7.412100774,1.315967849,-0.412073355,3.592591939,11.55455122,1.039014131,0,0.545454545,28,0,4,0,0,0,0,2,2,6,0,6,15,0,0,0,2,6.7244,115.373,0,0,0,0,0,0,0,0,0,0,2,2,0,0,0,0,0,0,0,0,0,0,0,0,0,0,0,0,0,0,0,0,0,0,0,0,0,0,0,0,2,2,0,0,0,0,0,0,0,0,0,0,0,0,0,0,0,0,0,0,0,0,0,0,0,0,0,0,0,0,0,0,0,0,0,0,0,0,0,0,0,0,2,9,0,0.607142857,0.964285714,1.285714286,0,0
A,35,2-CN,D18-Fu:L8-BO,1,挥发性固体添加剂,ITO/PEDOT:PSS/D18-Fu:L8-BO/PDINOH/A,ClC1=CC2=CC=CC=C2C=C1,0.886,26,79.8,18.4,0.83859038,5.81867032,5.81867032,0.795092593,0.795092593,0.55644797,10.27272727,162.619,155.563,162.0236279,54,0,0.041187665,-0.08432103,0.08432103,0.041187665,35.49569086,10.1299339,1.903584972,-1.950965835,2.176093631,-1.692615802,6.308413552,1.747850671,2.041225829,2.828901216,379.2844904,7.681798276,5.919416357,6.675345303,5.360173345,3.504366377,3.88233085,2.491472573,2.927908353,1.711512049,1.946609151,1.160178551,1.340721181,-1.01,487.8529731,6.684816447,2.554171088,1.218047189,70.41633388,0,0,0,0,0,0,0,0,0,0,41.93277523,22.90518257,5.022633314,0,0,22.37338832,0,0,0,0,0,47.48720279,0,0,0,0,0,11.60093989,0,0,0,0,42.46456948,5.022633314,10.77244843,0,0,0,0,0,0,0,5.022633314,10.77244843,0,30.33183534,12.13273414,11.60093989,0,5.81867032,0,3.222777778,0,0,14.06966301,0,0,0,0,11,0,0,0,0,0,2,0,2,0,0,1,0,0,0,0,2,3.4932,48.958,0,0,0,0,0,0,0,0,0,0,0,0,0,0,0,0,0,0,0,0,0,0,0,0,0,0,0,0,0,0,0,0,0,0,2,0,1,0,0,0,0,0,0,0,1,0,0,0,0,0,0,0,0,0,0,0,0,0,0,0,0,0,0,0,0,0,0,0,0,0,0,0,0,0,0,0,0,0,0,0,0,0,0,0,0,0.818181818,1.545454545,2.363636364,0,0
A,35,INB-F,PBDB-T-2F:BTP-4F,1,挥发性固体添加剂,ITO/ZnO/PBDB-T-2F:BTP-4F/MoO3/Ag,O=C1C2=C(C=CC=C2)C(/C1=C/C3=CC=C(F)C=C3)=O,0.81,27.2,72.2,15.8,2.55317398,12.81407855,12.81407855,0.132229781,-0.352304527,0.576181932,13.63157895,252.244,243.172,252.0586577,92,0,0.197240346,-0.288432847,0.288432847,0.197240346,19.14214161,10.07232317,2.317774001,-1.95586523,2.270466742,-1.996406862,6.408108265,0.099032382,2.670236043,2.066098689,674.7837217,13.40541292,9.890613477,9.890613477,9.164703798,5.82329827,5.82329827,4.313395998,4.313395998,3.086576303,3.086576303,2.129171334,2.129171334,-2.55,32779.81766,11.5353328,4.281337653,1.89051603,108.7414112,0,5.817220841,11.56648989,0,0,0,9.589074368,4.390415048,0,0,36.39820241,23.77220574,11.12690298,5.57310453,13.97948942,17.64251,0,0,0,0,0,76.61161639,0,0,0,4.390415048,0,0,11.56648989,0,5.817220841,26.27942884,54.10404108,0,6.076020107,0,34.14,0,13.97948942,0,22.95681526,16.69035448,0,30.34148838,24.26546827,0,0,0,12.81407855,0,24.23050894,0,1.625405224,-0.898739712,12.39133959,1.504074074,0,0,0,19,0,2,1,0,1,2,0,2,2,0,3,1,0,0,0,3,3.2883,69.48,0,0,0,0,0,0,0,0,0,0,2,2,0,0,0,0,0,0,0,0,0,0,0,0,0,0,1,0,0,0,0,0,0,0,2,0,1,0,0,0,0,0,0,0,1,0,0,0,0,0,0,2,2,0,0,0,0,0,0,0,0,0,0,0,0,0,0,0,0,0,0,0,0,0,0,0,0,0,0,0,0,0,0,0,0,0.789473684,1.315789474,1.842105263,0,0
A,35,INB-3F,PBDB-T-2F:BTP-4F,1,挥发性固体添加剂,ITO/ZnO/PBDB-T-2F:BTP-4F/MoO3/Ag,O=C1C2=C(C=CC=C2)C(/C1=C/C3=C(F)C=C(F)C=C3F)=O,0.81,27.3,72.7,15.8,2.43854197,13.60052343,13.60052343,0.191368523,-1.169855442,0.593607981,13.57142857,288.224,281.168,288.0398141,104,0,0.197243915,-0.288432817,0.288432817,0.197243915,19.14877303,10.0592381,2.325888535,-2.008879222,2.285416815,-2.018986743,6.408269882,0.099031726,2.674424397,2.153904729,762.0169562,15.14589989,10.49184188,10.49184188,9.986071003,6.034596077,6.034596077,4.544954862,4.544954862,3.238068531,3.238068531,2.239092927,2.239092927,-2.69,67443.63445,13.30033664,4.697197864,2.066540634,117.072482,0,17.45166252,11.56648989,0,0,0,9.589074368,13.17124514,0,0,24.26546827,6.076020107,28.82308861,5.57310453,22.76031951,17.64251,0,0,0,0,0,76.11332394,0,0,0,13.17124514,0,0,11.56648989,0,17.45166252,26.27942884,41.97130694,0,6.076020107,0,34.14,34.58160391,22.76031951,0,16.70000751,12.13273414,6.076020107,12.13273414,12.13273414,0,0,0,40.05679208,0,24.18591333,0,-0.560305283,-4.606413559,7.095865289,0.828148148,0,0,0,21,0,2,1,0,1,2,0,2,2,0,5,1,0,0,0,3,3.5665,69.396,0,0,0,0,0,0,0,0,0,0,2,2,0,0,0,0,0,0,0,0,0,0,0,0,0,0,1,0,0,0,0,0,0,0,2,0,1,0,0,0,0,0,0,0,3,0,0,0,0,0,0,2,2,0,0,0,0,0,0,0,0,0,0,0,0,0,0,0,0,0,0,0,0,0,0,0,0,0,0,0,0,0,0,0,0,0.80952381,1.285714286,1.761904762,0,0
A,35,INB-5F,PBDB-T-2F:BTP-4F,1,挥发性固体添加剂,ITO/ZnO/PBDB-T-2F:BTP-4F/MoO3/Ag,O=C1C2=C(C=CC=C2)C(/C1=C/C3=C(F)C(F)=C(F)C(F)=C3F)=O,0.81,27.8,74.6,16.4,2.35121021,13.6508938,13.6508938,0.007057298,-2.31063786,0.262519007,13.52173913,324.204,319.164,324.0209705,116,0,0.200064768,-0.288432817,0.288432817,0.200064768,19.17818184,10.05181664,2.338827267,-2.04626946,2.303119933,-2.065994885,6.408309466,0.099025473,2.797571509,2.225804074,848.9219938,16.88638687,11.09307029,11.09307029,10.84111171,6.257860011,6.257860011,4.745431091,4.745431091,3.438001356,3.438001356,2.296439745,2.296439745,-2.83,168441.7806,15.08060406,5.116667913,2.076447857,125.4035528,0,0,34.83537326,5.817220841,0,0,9.589074368,21.95207524,0,0,24.26546827,6.076020107,11.12690298,11.13655602,31.54114961,17.64251,0,0,0,0,0,75.61503148,0,0,0,21.95207524,0,0,11.56648989,0,29.08610421,26.27942884,29.8385728,0,6.076020107,0,34.14,51.78915012,31.54114961,0,11.12690298,6.076020107,0,24.26546827,0,0,0,0,66.64657666,0,24.15062421,0,-1.971705509,-12.49368134,5.611704501,0.389814815,0,0,0,23,0,2,1,0,1,2,0,2,2,0,7,1,0,0,0,3,3.8447,69.312,0,0,0,0,0,0,0,0,0,0,2,2,0,0,0,0,0,0,0,0,0,0,0,0,0,0,1,0,0,0,0,0,0,0,2,0,1,0,0,0,0,0,0,0,5,0,0,0,0,0,0,2,2,0,0,0,0,0,0,0,0,0,0,0,0,0,0,0,0,0,0,0,0,0,0,0,0,0,0,0,0,0,0,0,0,0.652173913,1.043478261,1.47826087,0,0
A,35,SAD2,PM6:BTP-eC9,1,挥发性固体添加剂,ITO/PEDOT:PSS/PM6:BTP-eC9/PDIN/Ag,COC1=CC(C2=CC=CS2)=C(OC)C=C1C3=CC=CS3,0.842,27.22,78.09,17.9,1.89050709,5.563086735,5.563086735,0.871898148,0.871898148,0.662404033,10.5,302.42,288.308,302.0435217,102,0,0.127925555,-0.496054633,0.496054633,0.127925555,32.13465223,10.06064247,2.147253632,-2.131156931,2.425722177,-1.919957892,7.135287566,0.405824308,3.180642015,2.193106168,623.6025043,13.94938299,11.25179532,12.88478848,9.8300298,6.169781824,7.929087446,4.207378075,6.102766461,3.094876129,4.901171056,2.146452927,3.641179379,-1.78,82159.16388,13.21454957,5.688802127,2.322715522,125.7832928,9.473725908,11.49902367,0,0,0,0,0,0,0,22.67357176,12.13273414,35.02559381,20.88119737,14.21959508,9.473725908,22.67357176,0,0,0,0,14.21959508,47.15832795,0,32.38022104,9.473725908,0,11.49902367,22.67357176,14.21959508,0,0,0,47.15832795,0,20.88119737,0,18.46,0,0,0,0,0,22.62592665,9.754294387,36.89316684,12.13273414,35.02559381,9.473725908,11.12617347,3.390264918,2.357184429,4.127838771,2.138252079,1.743796296,12.3722081,0,0,3.410948602,0.125,20,0,2,0,0,0,1,2,3,4,0,4,4,0,0,0,3,5.1608,86.172,0,0,0,0,0,0,0,0,0,0,0,0,0,0,0,0,0,0,0,0,0,0,0,0,0,0,0,0,0,0,0,0,0,0,1,0,0,0,0,0,0,2,0,0,0,0,0,0,0,0,0,0,0,0,0,2,0,0,0,0,0,0,0,0,0,0,0,0,0,0,0,0,0,0,0,0,0,0,0,0,0,0,2,0,0,0.75,1.2,1.5,0,0
A,35,SAD1,PM6:BTP-eC9,1,挥发性固体添加剂,ITO/PEDOT:PSS/PM6:BTP-eC9/PDIN/Ag,CC1=CC(C2=CC=CS2)=C(C)C=C1C3=CC=CS3,0.838,26.94,77.45,17.84,0.0771116,2.315694444,2.315694444,1.353194444,1.353194444,0.555046994,10.77777778,270.422,256.31,270.0536924,90,0,0.034495914,-0.143833848,0.143833848,0.034495914,32.13465189,9.979733882,2.087982579,-2.098008918,2.347130163,-1.866176935,7.134892732,1.406061939,3.018613284,2.14603912,586.7291214,12.53516943,10.43529873,12.0682919,8.754020195,5.945036952,7.704342575,4.436653648,6.332042034,3.144635659,4.950930587,2.210732009,3.826249273,-1.38,27206.76153,11.69590212,4.711505175,2.022389994,115.5562023,0,0,0,0,0,0,0,0,0,22.67357176,12.13273414,71.12687418,9.754294387,0,0,22.67357176,0,0,0,13.8474744,0,58.28523094,0,20.88119737,0,0,0,22.67357176,0,0,13.8474744,11.12690298,47.15832795,0,20.88119737,0,0,0,0,0,0,0,0,32.00810035,22.67357176,0,61.00580235,0,0,3.609660231,2.709869615,4.272396594,5.433807634,0,13.24093259,0,4.4,0,0.125,18,0,0,0,0,0,1,2,3,2,0,2,2,0,0,0,3,5.76044,82.542,0,0,0,0,0,0,0,0,0,0,0,0,0,0,0,0,0,0,0,0,0,0,0,0,0,0,0,0,0,0,2,0,0,0,1,0,0,0,0,0,0,0,0,0,0,0,0,0,0,0,0,0,0,0,0,0,0,0,0,0,0,0,0,0,0,0,0,0,0,0,0,0,0,0,0,0,0,0,0,0,0,0,2,0,0,0.722222222,1.166666667,1.5,0,0
A,35,SAD2,PM6:L8-BO,1,挥发性固体添加剂,ITO/PEDOT:PSS/PM6:L8-BO/PDIN/Ag,COC1=CC(C2=CC=CS2)=C(OC)C=C1C3=CC=CS3,0.889,26.73,79.32,18.85,1.89083468,5.563086735,5.563086735,0.871898148,0.871898148,0.662404033,10.5,302.42,288.308,302.0435217,102,0,0.127925555,-0.496054633,0.496054633,0.127925555,32.13465223,10.06064247,2.147253632,-2.131156931,2.425722177,-1.919957892,7.135287566,0.405824308,3.180642015,2.193106168,623.6025043,13.94938299,11.25179532,12.88478848,9.8300298,6.169781824,7.929087446,4.207378075,6.102766461,3.094876129,4.901171056,2.146452927,3.641179379,-1.78,82159.16388,13.21454957,5.688802127,2.322715522,125.7832928,9.473725908,11.49902367,0,0,0,0,0,0,0,22.67357176,12.13273414,35.02559381,20.88119737,14.21959508,9.473725908,22.67357176,0,0,0,0,14.21959508,47.15832795,0,32.38022104,9.473725908,0,11.49902367,22.67357176,14.21959508,0,0,0,47.15832795,0,20.88119737,0,18.46,0,0,0,0,0,22.62592665,9.754294387,36.89316684,12.13273414,35.02559381,9.473725908,11.12617347,3.390264918,2.357184429,4.127838771,2.138252079,1.743796296,12.3722081,0,0,3.410948602,0.125,20,0,2,0,0,0,1,2,3,4,0,4,4,0,0,0,3,5.1608,86.172,0,0,0,0,0,0,0,0,0,0,0,0,0,0,0,0,0,0,0,0,0,0,0,0,0,0,0,0,0,0,0,0,0,0,1,0,0,0,0,0,0,2,0,0,0,0,0,0,0,0,0,0,0,0,0,2,0,0,0,0,0,0,0,0,0,0,0,0,0,0,0,0,0,0,0,0,0,0,0,0,0,0,2,0,0,0.75,1.2,1.5,0,0
A,35,SAD1,PM6:L8-BO,1,挥发性固体添加剂,ITO/PEDOT:PSS/PM6:L8-BO/PDIN/Ag,CC1=CC(C2=CC=CS2)=C(C)C=C1C3=CC=CS3,0.88,26.4,78.12,18.15,0.0771116,2.315694444,2.315694444,1.353194444,1.353194444,0.555046994,10.77777778,270.422,256.31,270.0536924,90,0,0.034495914,-0.143833848,0.143833848,0.034495914,32.13465189,9.979733882,2.087982579,-2.098008918,2.347130163,-1.866176935,7.134892732,1.406061939,3.018613284,2.14603912,586.7291214,12.53516943,10.43529873,12.0682919,8.754020195,5.945036952,7.704342575,4.436653648,6.332042034,3.144635659,4.950930587,2.210732009,3.826249273,-1.38,27206.76153,11.69590212,4.711505175,2.022389994,115.5562023,0,0,0,0,0,0,0,0,0,22.67357176,12.13273414,71.12687418,9.754294387,0,0,22.67357176,0,0,0,13.8474744,0,58.28523094,0,20.88119737,0,0,0,22.67357176,0,0,13.8474744,11.12690298,47.15832795,0,20.88119737,0,0,0,0,0,0,0,0,32.00810035,22.67357176,0,61.00580235,0,0,3.609660231,2.709869615,4.272396594,5.433807634,0,13.24093259,0,4.4,0,0.125,18,0,0,0,0,0,1,2,3,2,0,2,2,0,0,0,3,5.76044,82.542,0,0,0,0,0,0,0,0,0,0,0,0,0,0,0,0,0,0,0,0,0,0,0,0,0,0,0,0,0,0,2,0,0,0,1,0,0,0,0,0,0,0,0,0,0,0,0,0,0,0,0,0,0,0,0,0,0,0,0,0,0,0,0,0,0,0,0,0,0,0,0,0,0,0,0,0,0,0,0,0,0,0,2,0,0,0.722222222,1.166666667,1.5,0,0
A,35,TT-Cl,PM6:Y6,1,挥发性固体添加剂,ITO/PEDOT:PSS/PM6:Y6/PNDITF3N/Ag,ClC1=CC2=C(S1)C=C(Cl)S2,0.861,26.86,78.69,18.2,0.37337138,5.758888889,5.758888889,0.831404321,0.831404321,0.607292408,11,209.122,207.106,207.8974974,52,0,0.094879661,-0.12236787,0.12236787,0.094879661,35.49713012,10.53099662,2.021692002,-1.706554189,2.368437283,-1.363985291,7.307219681,2.217362677,2.208247526,2.825847174,297.5871887,7.137828202,4.727126065,7.871977119,4.754020195,2.599161592,4.9880837,1.829524321,5.259692523,1.146915911,3.698315982,0.776924685,3.468760033,0.24,282.6556833,6.920082572,2.378780364,1.05434642,76.00032665,0,0,0,0,0,0,0,0,0,22.67357176,23.20187978,12.13273414,9.399839833,8.672658031,0,55.27529137,0,0,0,0,0,20.80539217,0,0,0,0,0,45.87545154,0,0,0,0,12.13273414,8.672658031,9.399839833,0,0,0,0,0,0,0,8.672658031,9.399839833,22.67357176,12.13273414,0,23.20187978,4.023919753,14.64651235,0,0,0,0,3.885123457,0,0,0,0,10,0,0,0,0,0,0,2,2,2,0,4,0,0,0,0,2,4.2696,49.722,0,0,0,0,0,0,0,0,0,0,0,0,0,0,0,0,0,0,0,0,0,0,0,0,0,0,0,0,0,0,0,0,0,0,0,0,1,0,0,0,0,0,0,0,2,0,0,0,0,0,0,0,0,0,0,0,0,0,0,0,0,0,0,0,0,0,0,0,0,0,0,0,0,0,0,0,0,0,0,0,0,0,2,0,0,0.9,1.3,1.7,0,0
A,35,TT-Cl,PM6:CH-6F,1,挥发性固体添加剂,ITO/PEDOT:PSS/PM6:CH-6F/PNDITF3N/Ag,ClC1=CC2=C(S1)C=C(Cl)S2,0.867,26.57,79.1,18.21,0.37337138,5.758888889,5.758888889,0.831404321,0.831404321,0.607292408,11,209.122,207.106,207.8974974,52,0,0.094879661,-0.12236787,0.12236787,0.094879661,35.49713012,10.53099662,2.021692002,-1.706554189,2.368437283,-1.363985291,7.307219681,2.217362677,2.208247526,2.825847174,297.5871887,7.137828202,4.727126065,7.871977119,4.754020195,2.599161592,4.9880837,1.829524321,5.259692523,1.146915911,3.698315982,0.776924685,3.468760033,0.24,282.6556833,6.920082572,2.378780364,1.05434642,76.00032665,0,0,0,0,0,0,0,0,0,22.67357176,23.20187978,12.13273414,9.399839833,8.672658031,0,55.27529137,0,0,0,0,0,20.80539217,0,0,0,0,0,45.87545154,0,0,0,0,12.13273414,8.672658031,9.399839833,0,0,0,0,0,0,0,8.672658031,9.399839833,22.67357176,12.13273414,0,23.20187978,4.023919753,14.64651235,0,0,0,0,3.885123457,0,0,0,0,10,0,0,0,0,0,0,2,2,2,0,4,0,0,0,0,2,4.2696,49.722,0,0,0,0,0,0,0,0,0,0,0,0,0,0,0,0,0,0,0,0,0,0,0,0,0,0,0,0,0,0,0,0,0,0,0,0,1,0,0,0,0,0,0,0,2,0,0,0,0,0,0,0,0,0,0,0,0,0,0,0,0,0,0,0,0,0,0,0,0,0,0,0,0,0,0,0,0,0,0,0,0,0,2,0,0,0.9,1.3,1.7,0,0
A,35,TT-Cl,PM6:CH23,1,挥发性固体添加剂,ITO/PEDOT:PSS/PM6:CH23/PNDITF3N/Ag,ClC1=CC2=C(S1)C=C(Cl)S2,0.879,26.73,79.68,18.72,0.37337138,5.758888889,5.758888889,0.831404321,0.831404321,0.607292408,11,209.122,207.106,207.8974974,52,0,0.094879661,-0.12236787,0.12236787,0.094879661,35.49713012,10.53099662,2.021692002,-1.706554189,2.368437283,-1.363985291,7.307219681,2.217362677,2.208247526,2.825847174,297.5871887,7.137828202,4.727126065,7.871977119,4.754020195,2.599161592,4.9880837,1.829524321,5.259692523,1.146915911,3.698315982,0.776924685,3.468760033,0.24,282.6556833,6.920082572,2.378780364,1.05434642,76.00032665,0,0,0,0,0,0,0,0,0,22.67357176,23.20187978,12.13273414,9.399839833,8.672658031,0,55.27529137,0,0,0,0,0,20.80539217,0,0,0,0,0,45.87545154,0,0,0,0,12.13273414,8.672658031,9.399839833,0,0,0,0,0,0,0,8.672658031,9.399839833,22.67357176,12.13273414,0,23.20187978,4.023919753,14.64651235,0,0,0,0,3.885123457,0,0,0,0,10,0,0,0,0,0,0,2,2,2,0,4,0,0,0,0,2,4.2696,49.722,0,0,0,0,0,0,0,0,0,0,0,0,0,0,0,0,0,0,0,0,0,0,0,0,0,0,0,0,0,0,0,0,0,0,0,0,1,0,0,0,0,0,0,0,2,0,0,0,0,0,0,0,0,0,0,0,0,0,0,0,0,0,0,0,0,0,0,0,0,0,0,0,0,0,0,0,0,0,0,0,0,0,2,0,0,0.9,1.3,1.7,0,0
A,35,TT-Cl,PM6:BTP-eC9–4F,1,挥发性固体添加剂,ITO/PEDOT:PSS/PM6:BTP-eC9–4F/PNDITF3N/Ag,ClC1=CC2=C(S1)C=C(Cl)S2,0.868,27.7,79.8,19.3,0.37337138,5.758888889,5.758888889,0.831404321,0.831404321,0.607292408,11,209.122,207.106,207.8974974,52,0,0.094879661,-0.12236787,0.12236787,0.094879661,35.49713012,10.53099662,2.021692002,-1.706554189,2.368437283,-1.363985291,7.307219681,2.217362677,2.208247526,2.825847174,297.5871887,7.137828202,4.727126065,7.871977119,4.754020195,2.599161592,4.9880837,1.829524321,5.259692523,1.146915911,3.698315982,0.776924685,3.468760033,0.24,282.6556833,6.920082572,2.378780364,1.05434642,76.00032665,0,0,0,0,0,0,0,0,0,22.67357176,23.20187978,12.13273414,9.399839833,8.672658031,0,55.27529137,0,0,0,0,0,20.80539217,0,0,0,0,0,45.87545154,0,0,0,0,12.13273414,8.672658031,9.399839833,0,0,0,0,0,0,0,8.672658031,9.399839833,22.67357176,12.13273414,0,23.20187978,4.023919753,14.64651235,0,0,0,0,3.885123457,0,0,0,0,10,0,0,0,0,0,0,2,2,2,0,4,0,0,0,0,2,4.2696,49.722,0,0,0,0,0,0,0,0,0,0,0,0,0,0,0,0,0,0,0,0,0,0,0,0,0,0,0,0,0,0,0,0,0,0,0,0,1,0,0,0,0,0,0,0,2,0,0,0,0,0,0,0,0,0,0,0,0,0,0,0,0,0,0,0,0,0,0,0,0,0,0,0,0,0,0,0,0,0,0,0,0,0,2,0,0,0.9,1.3,1.7,0,0
A,35,BP-BP,PBDB-T:ITIC,1,非挥发性固体添加剂,ITO/PEDOT:PSS/PBDB-T:ITIC/MoOx/Ag,O=C(C1=CC=CC(C(OCCOC(C2=CC=C(C(C3=CC=CC=C3)=O)C=C2)=O)=O)=C1)C4=CC=CC=C4,0.877,19.31,70.28,12.14,3.43184163,12.59340777,12.59340777,0.140964998,-0.627279681,0.187588924,10.33333333,478.5,456.324,478.1416384,178,0,0.337767117,-0.458465718,0.458465718,0.337767117,16.57431749,10.01380892,2.143742824,-2.080330331,2.137521182,-2.144951282,6.099641663,0.026537793,2.950355339,1.2668643,1376.145052,25.32985188,19.25600815,19.25600815,17.52487714,11.26619676,11.26619676,7.820292342,7.820292342,5.364854883,5.364854883,3.49287467,3.49287467,-4.84,167875690.8,24.28982575,11.53078259,5.984540481,207.6655173,9.473725908,13.21376393,11.56648989,0,0,11.93861058,9.589074368,9.589074368,0,0,84.92913896,24.26546827,22.25380597,11.12690298,28.65187464,23.50510047,0,0,0,0,13.21376393,142.5753162,0,0,0,0,0,0,36.7188644,9.473725908,0,52.55885769,109.1946072,0,0,0,86.74,11.93861058,19.17814874,0,35.90715681,22.25380597,0,18.19910121,78.86277189,12.13273414,0,9.473725908,10.34619835,0,49.72246555,0,2.409977462,-1.564456589,30.04026305,0,-0.287781151,0,0.066666667,36,0,6,0,0,0,4,0,4,6,0,6,9,0,0,0,4,5.1624,133.198,0,0,0,0,0,0,0,0,0,0,4,4,0,0,0,0,0,0,0,0,0,0,0,0,0,0,0,0,0,0,0,0,0,0,4,0,0,0,0,0,2,2,0,0,0,0,0,0,0,0,0,2,0,0,0,0,0,0,0,0,0,0,0,0,0,0,0,0,0,0,0,0,0,0,0,0,0,0,0,0,0,0,0,0,0,0.416666667,0.805555556,1.361111111,0,0
A,35,TOHA,D18-Cl:N3,1,非挥发性固体添加剂,*原文无访问权限,OC1=C2C(C=C(C=CC=C3O)C3=C2O)=CC=C1,0.862,27.29,76.2,17.91,0.79430364,10.15185185,10.15185185,0.004771353,-0.089166667,0.515995874,11.05882353,226.231,216.151,226.0629942,84,0,0.138180809,-0.507165226,0.507165226,0.138180809,16.27304719,10.0075494,2.117876407,-2.083974621,2.414517959,-1.802049207,6.088956791,0.459538861,2.283953166,2.63602208,672.1916028,11.99119935,8.883092671,8.883092671,8.18154055,5.236204534,5.236204534,3.975675636,3.975675636,2.933998034,2.933998034,2.164102065,2.164102065,-2.42,10104.2088,9.781107035,3.284429709,1.289446528,97.17743344,15.31958218,17.2485355,0,0,0,0,0,0,0,0,24.26546827,28.97154963,0,10.77244843,15.31958218,21.54489686,0,0,0,0,0,42.46456948,0,17.2485355,0,0,17.2485355,0,15.31958218,0,0,0,42.46456948,0,21.54489686,0,60.69,0,15.31958218,0,17.2485355,10.77244843,10.77244843,12.13273414,24.26546827,6.066367068,0,0,0,0,0,31.8717158,0,-0.079623961,11.87457483,0,0,0,0,17,3,3,0,0,0,3,0,3,3,3,3,0,0,0,0,3,3.1098,66.4484,0,0,0,0,0,0,0,3,0,0,0,0,0,0,0,0,0,0,0,0,0,0,0,0,0,0,0,0,0,0,0,0,0,0,3,0,2,0,0,0,0,0,0,0,0,0,0,0,0,0,0,0,0,0,0,0,0,0,0,0,0,0,0,0,0,3,3,0,0,0,0,0,0,0,0,0,0,0,0,0,0,0,0,0,0,0.647058824,1.117647059,1.588235294,0,0
A,35,BF7,PM6:Y6,1,非挥发性固体添加剂,*原文无访问权限,O=C(CCCCCC(OC1=C(F)C(F)=C(F)C(F)=C1F)=O)OC2=C(F)C(F)=C(F)C(F)=C2F,0.85,27.99,71.5,16.86,2.86730157,13.431793,13.431793,0.015467582,-2.442072494,0.121372137,10.96969697,492.265,482.185,492.041941,180,0,0.310885449,-0.419960718,0.419960718,0.310885449,19.18488482,10.13613669,2.293273011,-2.092042349,2.304115847,-2.138390213,5.728415978,-0.134924431,2.787463344,1.84090765,959.4468293,25.03265124,15.9481718,15.9481718,15.37769297,8.821674018,8.821674018,6.306871908,6.306871908,4.03264969,4.03264969,2.393925032,2.393925032,-3.32,9553194.371,25.93650658,10.53074577,5.544465089,177.2485808,9.473725908,0,0,69.67123208,0,11.93861058,9.589074368,26.34249029,17.56166019,0,6.420821623,12.84164325,12.84164325,0,62.96695075,11.93861058,0,0,0,32.10410811,0,58.17220841,0,11.49902367,9.473725908,43.90415048,11.49902367,0,11.93861058,9.589074368,58.17220841,32.10410811,0,0,0,0,52.6,94.4514859,53.49322484,0,19.26246487,0,0,0,0,0,9.473725908,0,140.0608615,0,23.11617357,0,0,-29.87629008,0,-1.467411663,0,0,0.263157895,33,0,4,0,0,0,2,0,2,4,0,14,8,0,0,0,2,5.5391,86.819,0,0,0,0,0,0,0,0,0,0,2,2,0,0,0,0,0,0,0,0,0,0,0,0,0,0,0,0,0,0,0,0,0,0,2,0,0,0,0,0,2,2,0,0,10,0,0,0,0,0,0,0,0,0,0,0,0,0,0,0,0,0,0,0,0,0,0,0,0,0,0,0,0,0,0,0,0,0,0,0,0,0,0,2,0,0.424242424,0.666666667,0.939393939,0,0
A,35,NT,PTzBI-dF:Y6-BO,1,非挥发性固体添加剂,ITO/PEDOT:PSS/PTzBI-dF:Y6-BO/PFN-Br/ Ag,C12=NSN=C1C(C=CC3=NSN=C43)=C4C=C2,0.835,27.35,76.35,17.45,0.02098918,4.323809524,4.323809524,0.944480348,0.944480348,0.477023691,11.75,244.304,240.272,243.9877381,76,0,0.112189774,-0.17292034,0.17292034,0.112189774,32.14187477,10.07906011,2.08529627,-1.971447034,2.284616361,-1.782507062,7.000632961,1.651757578,2.961277254,2.3776321,747.4005249,10.53516943,7.91475204,9.547745202,7.93265299,4.696091139,6.156684626,3.490159041,4.547054417,2.643959438,3.729099139,1.900549424,2.999837097,-1.66,15531.8992,8.487164585,2.927888998,0.975145635,98.20007514,0,22.06680287,0,0,0,0,0,0,17.49415993,0,0,24.26546827,10.77244843,23.45637469,0,56.29562599,0,17.49415993,0,0,0,24.26546827,0,0,0,0,0,23.45637469,17.49415993,0,0,0,24.26546827,0,32.8392513,0,51.56,0,0,0,0,0,32.8392513,23.45637469,0,24.26546827,17.49415993,0,17.11498063,2.483466081,0,2.206388889,3.800812547,0,8.061018519,0,0,0,0,16,0,4,0,0,0,2,2,4,6,0,6,0,0,0,0,4,2.8492,65.894,0,0,0,0,0,4,0,0,0,0,0,0,0,0,0,4,0,0,0,0,0,0,0,0,0,0,0,0,0,0,0,0,0,0,2,0,5,0,0,0,0,0,0,0,0,0,0,0,0,0,0,0,0,0,0,0,0,0,0,0,0,0,0,0,0,0,0,0,0,0,0,0,0,0,0,0,0,0,0,0,0,0,0,0,0,0.625,1.125,1.625,0,0
A,35,NT,PTzBI-dF:Y6,1,非挥发性固体添加剂,ITO/PEDOT:PSS/PTzBI-dF:Y6/PFN-Br/ Ag,C12=NSN=C1C(C=CC3=NSN=C43)=C4C=C2,0.84,26.75,74.08,16.64,0.02098495,4.323809524,4.323809524,0.944480348,0.944480348,0.477023691,11.75,244.304,240.272,243.9877381,76,0,0.112189774,-0.17292034,0.17292034,0.112189774,32.14187477,10.07906011,2.08529627,-1.971447034,2.284616361,-1.782507062,7.000632961,1.651757578,2.961277254,2.3776321,747.4005249,10.53516943,7.91475204,9.547745202,7.93265299,4.696091139,6.156684626,3.490159041,4.547054417,2.643959438,3.729099139,1.900549424,2.999837097,-1.66,15531.8992,8.487164585,2.927888998,0.975145635,98.20007514,0,22.06680287,0,0,0,0,0,0,17.49415993,0,0,24.26546827,10.77244843,23.45637469,0,56.29562599,0,17.49415993,0,0,0,24.26546827,0,0,0,0,0,23.45637469,17.49415993,0,0,0,24.26546827,0,32.8392513,0,51.56,0,0,0,0,0,32.8392513,23.45637469,0,24.26546827,17.49415993,0,17.11498063,2.483466081,0,2.206388889,3.800812547,0,8.061018519,0,0,0,0,16,0,4,0,0,0,2,2,4,6,0,6,0,0,0,0,4,2.8492,65.894,0,0,0,0,0,4,0,0,0,0,0,0,0,0,0,4,0,0,0,0,0,0,0,0,0,0,0,0,0,0,0,0,0,0,2,0,5,0,0,0,0,0,0,0,0,0,0,0,0,0,0,0,0,0,0,0,0,0,0,0,0,0,0,0,0,0,0,0,0,0,0,0,0,0,0,0,0,0,0,0,0,0,0,0,0,0.625,1.125,1.625,0,0
A,35,DTT_Cl,PM6:Y6,1,固体添加剂,ITO/PEDOT:PSS/PM6:Y6/PNDITF3N/Ag,ClC1=CC2=C(S1)C3=C(C=C(Cl)S3)S2,0.834,27.03,75.69,17.06,0.45001463,5.928464349,5.928464349,0.854326342,0.854326342,0.504235752,11.84615385,265.211,263.195,263.8695684,66,0,0.094931828,-0.133237254,0.133237254,0.094931828,35.49713023,10.46947395,2.106742992,-1.740961206,2.452584153,-1.391227297,7.396441734,2.229221348,2.598153658,2.560799143,535.8584969,8.999635521,6.135374356,10.09672199,6.237183443,3.507409883,6.712828572,2.589834684,7.040623613,1.762001769,5.796565087,1.278325848,5.565148836,0.2,1784.931563,8.50367036,2.843281807,1.224188882,96.32235445,0,0,0,0,0,0,0,0,0,34.01035763,23.20187978,12.13273414,9.399839833,18.07249786,0,76.01191708,0,0,0,0,0,20.80539217,0,0,0,0,0,57.21223741,0,0,0,0,12.13273414,8.672658031,18.79967967,0,0,0,0,0,0,0,8.672658031,18.79967967,34.01035763,12.13273414,0,23.20187978,6.810165029,16.87069413,0,0,0,0,4.041363064,0,0,0,0,13,0,0,0,0,0,0,3,3,3,0,5,0,0,0,0,3,5.4843,65.105,0,0,0,0,0,0,0,0,0,0,0,0,0,0,0,0,0,0,0,0,0,0,0,0,0,0,0,0,0,0,0,0,0,0,0,0,3,0,0,0,0,0,0,0,2,0,0,0,0,0,0,0,0,0,0,0,0,0,0,0,0,0,0,0,0,0,0,0,0,0,0,0,0,0,0,0,0,0,0,0,0,0,3,0,0,0.769230769,1.230769231,1.692307692,0,0
A,36,HBT-1,D18:L8-BO:PYC11,1,固体添加剂,ITO/2PACz/D18:L8-BO:PYC11/PNDIT-F3N/Ag,ClC1=CC=C(C2=CC=C(Cl)S2)S1,0.916,26.48,77.42,18.76,2.55E-06,5.807260645,5.807260645,0.814372638,0.814372638,0.666538455,10.5,235.16,231.128,233.9131475,62,0,0.093471388,-0.122506874,0.122506874,0.093471388,35.49712944,10.37925825,2.030350988,-1.85550032,2.361847016,-1.548357901,7.25106011,1.932023585,2.580580512,2.432622828,350.9232481,8.552041764,5.881826604,9.026677658,5.754020195,3.265828259,5.654750367,2.207515853,5.637684055,1.389254156,4.047339185,0.893437922,3.069913277,-0.02,941.9118868,8.572591186,3.38286018,1.665819104,88.37575632,0,0,0,0,0,0,0,0,0,22.67357176,23.20187978,24.26546827,9.754294387,8.672658031,0,45.87545154,0,0,0,0,0,32.93812631,0,9.754294387,0,0,0,45.87545154,0,0,0,0,24.26546827,8.672658031,9.754294387,0,0,0,0,0,0,0,8.672658031,9.754294387,22.67357176,24.26546827,0,23.20187978,1.628745276,14.7572682,2.35537037,0,0,0,7.814171706,0,0,0,0,12,0,0,0,0,0,0,2,2,2,0,4,1,0,0,0,2,4.7834,57.652,0,0,0,0,0,0,0,0,0,0,0,0,0,0,0,0,0,0,0,0,0,0,0,0,0,0,0,0,0,0,0,0,0,0,0,0,0,0,0,0,0,0,0,0,2,0,0,0,0,0,0,0,0,0,0,0,0,0,0,0,0,0,0,0,0,0,0,0,0,0,0,0,0,0,0,0,0,0,0,0,0,0,2,0,0,0.75,1.166666667,1.416666667,0,0
A,36,HBT-2,D18:L8-BO:PYC11,1,固体添加剂,ITO/2PACz/D18:L8-BO:PYC11/PNDIT-F3N/Ag,ClC1=CC(F)=C(C2=C(F)C=C(Cl)S2)S1,0.91,27.41,80.23,20.01,2.25E-06,13.20830026,13.20830026,0.198518519,-0.516280864,0.679498787,10.85714286,271.14,269.124,269.8943039,74,0,0.143785223,-0.205297666,0.205297666,0.143785223,35.49712975,10.34337102,2.164817125,-1.90655807,2.406792454,-1.735149562,7.251699048,0.62364798,2.550175878,2.587816135,431.3898132,10.29252874,6.483055011,9.627906065,6.5753874,3.477126065,5.866048173,2.455146332,5.822158305,1.519593768,4.162140958,0.991400453,3.303945156,-0.16,1882.029798,10.36092037,3.773663406,1.795030387,96.70682713,0,11.63444168,0,0,0,0,0,8.780830095,0,22.67357176,23.20187978,0,12.13273414,18.42695242,8.780830095,45.87545154,0,0,0,0,0,32.43983385,0,9.754294387,0,8.780830095,0,45.87545154,0,0,11.63444168,0,12.13273414,8.672658031,9.754294387,0,0,11.63444168,8.780830095,0,9.754294387,8.672658031,34.80630589,0,0,0,0,23.20187978,27.00256803,13.19918619,0.397037037,0,0,-1.032561728,2.32265936,0,0,0,0,14,0,0,0,0,0,0,2,2,2,0,6,1,0,0,0,2,5.0616,57.568,0,0,0,0,0,0,0,0,0,0,0,0,0,0,0,0,0,0,0,0,0,0,0,0,0,0,0,0,0,0,0,0,0,0,0,0,0,0,0,0,0,0,0,0,4,0,0,0,0,0,0,0,0,0,0,0,0,0,0,0,0,0,0,0,0,0,0,0,0,0,0,0,0,0,0,0,0,0,0,0,0,0,2,0,0,0.857142857,1.214285714,1.428571429,0,0
A,37,IDPE,PM6:L8-BO,1,固体添加剂,ITO/PEDOT: PSS/PM6:L8-BO/PDINN/Ag,IC1=C(OC2=CC=CC=C2)C=CC=C1,0.87,26.42,81.93,18.72,2.00579412,5.70162037,5.70162037,0.871866667,0.871866667,0.758639681,9.785714286,296.107,287.035,295.9698129,70,0,0.140238964,-0.456266205,0.456266205,0.140238964,126.9127043,10.30560699,1.989979384,-2.059134172,2.251121119,-1.851642266,14.11194843,0.479072436,2.231001157,2.236958884,411.6767229,9.803118619,7.482365186,9.639863477,6.860173345,4.335264399,5.414013544,2.845536516,4.007727198,1.807665433,2.698855284,1.143007238,1.640503506,-1.03,2329.165208,9.522159782,4.460784585,2.259107151,96.86388068,4.736862954,11.49902367,0,0,0,0,0,0,0,0,30.33183534,46.8563389,0,3.570182271,4.736862954,22.59087063,0,0,0,0,0,58.16748589,0,11.49902367,4.736862954,0,11.49902367,22.59087063,0,0,3.570182271,0,54.59730362,0,0,0,9.23,0,0,0,0,0,15.06920594,0,0,54.59730362,22.59087063,4.736862954,6.821021353,2.262159996,0,0,0,1.773996296,17.76282235,0,0,0,0,14,0,1,0,0,0,2,0,2,1,0,2,2,0,0,0,2,4.0835,65.675,0,0,0,0,0,0,0,0,0,0,0,0,0,0,0,0,0,0,0,0,0,0,0,0,0,0,0,0,0,0,0,0,0,0,2,0,0,0,0,0,0,1,0,0,1,0,0,0,0,0,0,0,0,0,0,0,0,0,0,0,0,0,0,0,2,0,0,0,0,0,0,0,0,0,0,0,0,0,0,0,0,0,0,0,0,0.785714286,1.428571429,2.142857143,0,0
A,39,DIO*,PBDB-T:IT-DM,1,溶液添加剂,ITO/ZnO/PBDB-T:IT-DM/MoO3/Al,ICCCCCCCCI,0.96,16.29,68.78,10.79,1.74E-06,2.454655993,2.454655993,1.337345679,1.337345679,0.360140031,10.2,366.024,349.896,365.9341465,62,0,-0.000472812,-0.086375917,0.086375917,0.000472812,126.9137216,10.13204741,1.878618147,-1.964807038,2.067504511,-1.799735234,14.10995232,0.63270578,1.967154472,2.647604849,47.21928095,7.656854249,6.412783196,10.72777978,4.914213562,4.034522484,7.085685828,2.499284817,4.656783108,1.517261242,3.042842914,0.896089018,1.974838163,1.46,175.076748,11.46,10.46,9.46,91.81752207,0,0,0,0,0,0,0,0,0,0,70.86502775,21.69674805,0,0,0,45.18174125,0,0,0,38.52492974,8.855104805,0,0,0,0,0,0,45.18174125,8.855104805,0,0,38.52492974,0,0,0,0,0,0,0,0,0,0,0,47.38003454,0,0,45.18174125,0,2.674691358,4.909311987,0,0,0,0,0,8.655996655,0,0,1,10,0,0,0,0,0,0,0,0,0,0,2,7,0,0,0,0,4.197,65.476,0,0,0,0,0,0,0,0,0,0,0,0,0,0,0,0,0,0,0,0,0,0,0,0,0,2,0,0,0,0,0,0,0,0,0,0,0,0,0,0,0,0,0,0,2,0,0,0,0,0,0,0,0,0,0,0,0,0,0,0,0,0,0,0,0,0,0,0,0,0,0,0,0,0,0,0,0,0,0,0,0,0,0,5,0,0.5,0.8,1.1,0,0
A,39,DIO*,PBDB-T:IT-M,1,溶液添加剂,ITO/ZnO/PBDB-T:IT-M/MoO3/Al,ICCCCCCCCI,0.94,17.31,70.7,11.48,1.74E-06,2.454655993,2.454655993,1.337345679,1.337345679,0.360140031,10.2,366.024,349.896,365.9341465,62,0,-0.000472812,-0.086375917,0.086375917,0.000472812,126.9137216,10.13204741,1.878618147,-1.964807038,2.067504511,-1.799735234,14.10995232,0.63270578,1.967154472,2.647604849,47.21928095,7.656854249,6.412783196,10.72777978,4.914213562,4.034522484,7.085685828,2.499284817,4.656783108,1.517261242,3.042842914,0.896089018,1.974838163,1.46,175.076748,11.46,10.46,9.46,91.81752207,0,0,0,0,0,0,0,0,0,0,70.86502775,21.69674805,0,0,0,45.18174125,0,0,0,38.52492974,8.855104805,0,0,0,0,0,0,45.18174125,8.855104805,0,0,38.52492974,0,0,0,0,0,0,0,0,0,0,0,47.38003454,0,0,45.18174125,0,2.674691358,4.909311987,0,0,0,0,0,8.655996655,0,0,1,10,0,0,0,0,0,0,0,0,0,0,2,7,0,0,0,0,4.197,65.476,0,0,0,0,0,0,0,0,0,0,0,0,0,0,0,0,0,0,0,0,0,0,0,0,0,2,0,0,0,0,0,0,0,0,0,0,0,0,0,0,0,0,0,0,2,0,0,0,0,0,0,0,0,0,0,0,0,0,0,0,0,0,0,0,0,0,0,0,0,0,0,0,0,0,0,0,0,0,0,0,0,0,0,5,0,0.5,0.8,1.1,0,0
A,40,BrAni,P3HT:F8TB,1,溶液添加剂,ITO/PEDOT:PSS/P3HT:F8TBT/LiF/Al,COC1=CC=C(Br)C=C1,0.96,3.91,35.6,1.33,1.33160543,4.948333333,4.948333333,0.887222222,0.887222222,0.655546972,9.111111111,187.036,179.98,185.9680269,48,0,0.118437049,-0.496767202,0.496767202,0.118437049,79.91873095,10.33984377,1.863315317,-1.95814678,2.143455166,-1.789725995,9.10299054,0.414480732,1.900372628,2.881555878,180.6125685,6.690234444,5.09561384,6.681610379,4.325698503,2.622721877,3.415720147,1.658044296,2.573719825,1.049340028,1.578005541,0.570679425,0.835012181,-0.5,129.2253387,6.617647059,2.87414966,1.715500945,62.77743807,4.736862954,5.749511833,0,0,0,0,0,0,0,0,15.9299439,24.26546827,4.472719516,7.109797541,4.736862954,15.9299439,0,0,0,0,7.109797541,28.73818779,0,5.749511833,4.736862954,0,5.749511833,15.9299439,7.109797541,0,0,0,28.73818779,0,0,0,9.23,0,0,0,0,0,10.22223135,0,7.109797541,24.26546827,15.9299439,4.736862954,6.020833333,3.319056122,0,0,0,0.887222222,7.700231481,0,0,1.655990174,0.142857143,9,0,1,0,0,0,1,0,1,1,0,2,1,0,0,0,1,2.4577,40.694,0,0,0,0,0,0,0,0,0,0,0,0,0,0,0,0,0,0,0,0,0,0,0,0,0,0,0,0,0,0,0,0,0,0,1,0,0,0,0,0,0,1,0,0,1,0,0,0,0,0,0,0,0,0,0,1,0,0,0,0,0,0,0,0,0,0,0,0,0,0,0,0,0,0,0,0,0,0,0,0,0,0,0,0,0,1.222222222,1.777777778,2.222222222,0,0
A,40,BrAni,P3HT:PCDTBT,1,溶液添加剂,ITO/PEDOT:PSS/P3HT:PCDTBT/LiF/Al,COC1=CC=C(Br)C=C1,0.84,4.32,33.74,1.23,1.33160543,4.948333333,4.948333333,0.887222222,0.887222222,0.655546972,9.111111111,187.036,179.98,185.9680269,48,0,0.118437049,-0.496767202,0.496767202,0.118437049,79.91873095,10.33984377,1.863315317,-1.95814678,2.143455166,-1.789725995,9.10299054,0.414480732,1.900372628,2.881555878,180.6125685,6.690234444,5.09561384,6.681610379,4.325698503,2.622721877,3.415720147,1.658044296,2.573719825,1.049340028,1.578005541,0.570679425,0.835012181,-0.5,129.2253387,6.617647059,2.87414966,1.715500945,62.77743807,4.736862954,5.749511833,0,0,0,0,0,0,0,0,15.9299439,24.26546827,4.472719516,7.109797541,4.736862954,15.9299439,0,0,0,0,7.109797541,28.73818779,0,5.749511833,4.736862954,0,5.749511833,15.9299439,7.109797541,0,0,0,28.73818779,0,0,0,9.23,0,0,0,0,0,10.22223135,0,7.109797541,24.26546827,15.9299439,4.736862954,6.020833333,3.319056122,0,0,0,0.887222222,7.700231481,0,0,1.655990174,0.142857143,9,0,1,0,0,0,1,0,1,1,0,2,1,0,0,0,1,2.4577,40.694,0,0,0,0,0,0,0,0,0,0,0,0,0,0,0,0,0,0,0,0,0,0,0,0,0,0,0,0,0,0,0,0,0,0,1,0,0,0,0,0,0,1,0,0,1,0,0,0,0,0,0,0,0,0,0,1,0,0,0,0,0,0,0,0,0,0,0,0,0,0,0,0,0,0,0,0,0,0,0,0,0,0,0,0,0,1.222222222,1.777777778,2.222222222,0,0
B,1,DIO,PBPD-Th:ITIC,1,溶剂添加剂,ITO/ZnO/PBPD-Th:ITIC/MoO₃/Al,ICCCCCCCCI,1.01,18.1,59,10.8,1.74E-06,2.454655993,2.454655993,1.337345679,1.337345679,0.360140031,10.2,366.024,349.896,365.9341465,62,0,-0.000472812,-0.086375917,0.086375917,0.000472812,126.9137216,10.13204741,1.878618147,-1.964807038,2.067504511,-1.799735234,14.10995232,0.63270578,1.967154472,2.647604849,47.21928095,7.656854249,6.412783196,10.72777978,4.914213562,4.034522484,7.085685828,2.499284817,4.656783108,1.517261242,3.042842914,0.896089018,1.974838163,1.46,175.076748,11.46,10.46,9.46,91.81752207,0,0,0,0,0,0,0,0,0,0,70.86502775,21.69674805,0,0,0,45.18174125,0,0,0,38.52492974,8.855104805,0,0,0,0,0,0,45.18174125,8.855104805,0,0,38.52492974,0,0,0,0,0,0,0,0,0,0,0,47.38003454,0,0,45.18174125,0,2.674691358,4.909311987,0,0,0,0,0,8.655996655,0,0,1,10,0,0,0,0,0,0,0,0,0,0,2,7,0,0,0,0,4.197,65.476,0,0,0,0,0,0,0,0,0,0,0,0,0,0,0,0,0,0,0,0,0,0,0,0,0,2,0,0,0,0,0,0,0,0,0,0,0,0,0,0,0,0,0,0,2,0,0,0,0,0,0,0,0,0,0,0,0,0,0,0,0,0,0,0,0,0,0,0,0,0,0,0,0,0,0,0,0,0,0,0,0,0,0,5,0,0.5,0.8,1.1,0,0
B,3,DIO,PTB7-Th:6TIC,1,溶剂添加剂,ITO/ZnO/PTB7-Th:6TIC/MoO₃/Ag,ICCCCCCCCI,0.828,17.97,65.32,9.72,1.74E-06,2.454655993,2.454655993,1.337345679,1.337345679,0.360140031,10.2,366.024,349.896,365.9341465,62,0,-0.000472812,-0.086375917,0.086375917,0.000472812,126.9137216,10.13204741,1.878618147,-1.964807038,2.067504511,-1.799735234,14.10995232,0.63270578,1.967154472,2.647604849,47.21928095,7.656854249,6.412783196,10.72777978,4.914213562,4.034522484,7.085685828,2.499284817,4.656783108,1.517261242,3.042842914,0.896089018,1.974838163,1.46,175.076748,11.46,10.46,9.46,91.81752207,0,0,0,0,0,0,0,0,0,0,70.86502775,21.69674805,0,0,0,45.18174125,0,0,0,38.52492974,8.855104805,0,0,0,0,0,0,45.18174125,8.855104805,0,0,38.52492974,0,0,0,0,0,0,0,0,0,0,0,47.38003454,0,0,45.18174125,0,2.674691358,4.909311987,0,0,0,0,0,8.655996655,0,0,1,10,0,0,0,0,0,0,0,0,0,0,2,7,0,0,0,0,4.197,65.476,0,0,0,0,0,0,0,0,0,0,0,0,0,0,0,0,0,0,0,0,0,0,0,0,0,2,0,0,0,0,0,0,0,0,0,0,0,0,0,0,0,0,0,0,2,0,0,0,0,0,0,0,0,0,0,0,0,0,0,0,0,0,0,0,0,0,0,0,0,0,0,0,0,0,0,0,0,0,0,0,0,0,0,5,0,0.5,0.8,1.1,0,0
B,9,XPP,CH3NH3PbI3,1,溶剂添加剂,ITO/SnO2/C60/CH3NH3PbI3/HTM/MoO3/Ag,COC1=CC=C(N(C2=CC=C(OC)C=C2)C3=CC(C4(C5=C6C=C(OCC7=CC=CC=C7)C=C5)C8=C(O6)C=C(OCC9=CC=CC=C9)C=C8)=C(C%10=C4C=C(N(C%11=CC=C(OC)C=C%11)C%12=CC=C(OC)C=C%12)C=C%10)C=C3)C=C1,1.03,21.2,78.9,17.2,1.83932246,7.171367169,7.171367169,0.399135275,-0.938000294,0.094110003,12.26315789,999.176,944.744,998.3931021,374,0,0.13543354,-0.496765883,0.496765883,0.13543354,16.4988518,9.656009483,2.518465097,-2.401100187,2.640160819,-2.322639895,5.932940575,0.300993168,3.933169001,1.105523165,3323.628705,51.59042518,42.60568902,42.60568902,37.42921569,25.20105567,25.20105567,18.63923595,18.63923595,14.3741098,14.3741098,10.69664588,10.69664588,-9.6,3.92E+17,47.40691064,20.36750659,8.70943255,442.8026674,42.95786014,59.2098586,0,0,0,0,0,0,0,0,84.92913896,166.8407845,57.38395477,33.85418063,33.15804068,34.12431765,0,0,0,18.6287544,38.23900963,263.9026576,0,57.12299765,42.95786014,34.12431765,45.99609467,0,28.43919017,18.6287544,0,33.38070895,230.5219486,0,11.12690298,0,71.09,5.414990469,0,0,0,36.21181126,101.6299769,0,28.43919017,97.0618731,143.259895,33.15804068,42.86528374,0,4.55268635,0,13.27250827,5.809906036,79.36880295,0,0.79827055,6.74920877,0.104477612,76,0,9,1,1,2,10,0,10,9,0,9,16,0,0,0,12,16.2874,300.942,0,0,0,0,0,0,0,0,0,0,0,0,0,0,0,2,0,0,0,0,0,0,0,0,0,0,0,0,0,6,0,0,0,0,10,0,9,0,0,0,0,7,0,0,0,0,0,0,0,0,0,0,0,0,0,4,0,0,0,0,0,0,0,0,0,0,0,0,0,0,0,0,0,0,0,0,0,0,0,0,0,0,0,0,0,0.315789474,0.631578947,0.960526316,0,0
B,10,DIO,FTAZ:IDCIC,1,溶剂添加剂,ITO/ZnO/FTAZ:IDCIC/MoO3/Ag,ICCCCCCCCI,0.93,17.17,61.13,9.76,1.74E-06,2.454655993,2.454655993,1.337345679,1.337345679,0.360140031,10.2,366.024,349.896,365.9341465,62,0,-0.000472812,-0.086375917,0.086375917,0.000472812,126.9137216,10.13204741,1.878618147,-1.964807038,2.067504511,-1.799735234,14.10995232,0.63270578,1.967154472,2.647604849,47.21928095,7.656854249,6.412783196,10.72777978,4.914213562,4.034522484,7.085685828,2.499284817,4.656783108,1.517261242,3.042842914,0.896089018,1.974838163,1.46,175.076748,11.46,10.46,9.46,91.81752207,0,0,0,0,0,0,0,0,0,0,70.86502775,21.69674805,0,0,0,45.18174125,0,0,0,38.52492974,8.855104805,0,0,0,0,0,0,45.18174125,8.855104805,0,0,38.52492974,0,0,0,0,0,0,0,0,0,0,0,47.38003454,0,0,45.18174125,0,2.674691358,4.909311987,0,0,0,0,0,8.655996655,0,0,1,10,0,0,0,0,0,0,0,0,0,0,2,7,0,0,0,0,4.197,65.476,0,0,0,0,0,0,0,0,0,0,0,0,0,0,0,0,0,0,0,0,0,0,0,0,0,2,0,0,0,0,0,0,0,0,0,0,0,0,0,0,0,0,0,0,2,0,0,0,0,0,0,0,0,0,0,0,0,0,0,0,0,0,0,0,0,0,0,0,0,0,0,0,0,0,0,0,0,0,0,0,0,0,0,5,0,0.5,0.8,1.1,0,0
B,10,CN,FTAZ:IDCIC,1,溶剂添加剂,ITO/ZnO/FTAZ:IDCIC/MoO3/Ag,ClC1=C2C(C=CC=C2)=CC=C1,0.864,20.95,65.24,11.81,0.83954781,5.957037037,5.957037037,0.822314815,0.822314815,0.55644797,10.27272727,162.619,155.563,162.0236279,54,0,0.048389036,-0.083664219,0.083664219,0.048389036,35.49569104,10.12844457,1.934419766,-1.966428521,2.214722752,-1.704476637,6.349799888,1.748124801,2.05595014,2.913161164,374.0344904,7.681798276,5.919416357,6.675345303,5.377010098,3.510349442,3.888313915,2.460971502,2.868171629,1.736428508,2.066016729,1.185882541,1.430724861,-1.01,505.7637346,6.684816447,2.554171088,1.099229702,70.41633388,0,0,0,0,0,0,0,0,0,0,47.9991423,11.45259128,10.40885753,0,0,22.37338832,0,0,0,0,0,47.48720279,0,0,0,0,0,11.60093989,0,0,0,0,42.46456948,5.022633314,10.77244843,0,0,0,0,0,0,0,10.40885753,5.386224214,0,30.33183534,12.13273414,11.60093989,0,5.957037037,0,3.13867284,0,0,14.01540123,0,0,0,0,11,0,0,0,0,0,2,0,2,0,0,1,0,0,0,0,2,3.4932,48.958,0,0,0,0,0,0,0,0,0,0,0,0,0,0,0,0,0,0,0,0,0,0,0,0,0,0,0,0,0,0,0,0,0,0,2,0,1,0,0,0,0,0,0,0,1,0,0,0,0,0,0,0,0,0,0,0,0,0,0,0,0,0,0,0,0,0,0,0,0,0,0,0,0,0,0,0,0,0,0,0,0,0,0,0,0,0.818181818,1.545454545,2.363636364,0,0
B,11,DIO,PTB7-Th:ITIC-2F,1,溶剂添加剂,ITO/ZnO/PTB7-Th:NFA/MoOx/Ag,ICCCCCCCCI,0.748,16.2,70,8.5,1.74E-06,2.454655993,2.454655993,1.337345679,1.337345679,0.360140031,10.2,366.024,349.896,365.9341465,62,0,-0.000472812,-0.086375917,0.086375917,0.000472812,126.9137216,10.13204741,1.878618147,-1.964807038,2.067504511,-1.799735234,14.10995232,0.63270578,1.967154472,2.647604849,47.21928095,7.656854249,6.412783196,10.72777978,4.914213562,4.034522484,7.085685828,2.499284817,4.656783108,1.517261242,3.042842914,0.896089018,1.974838163,1.46,175.076748,11.46,10.46,9.46,91.81752207,0,0,0,0,0,0,0,0,0,0,70.86502775,21.69674805,0,0,0,45.18174125,0,0,0,38.52492974,8.855104805,0,0,0,0,0,0,45.18174125,8.855104805,0,0,38.52492974,0,0,0,0,0,0,0,0,0,0,0,47.38003454,0,0,45.18174125,0,2.674691358,4.909311987,0,0,0,0,0,8.655996655,0,0,1,10,0,0,0,0,0,0,0,0,0,0,2,7,0,0,0,0,4.197,65.476,0,0,0,0,0,0,0,0,0,0,0,0,0,0,0,0,0,0,0,0,0,0,0,0,0,2,0,0,0,0,0,0,0,0,0,0,0,0,0,0,0,0,0,0,2,0,0,0,0,0,0,0,0,0,0,0,0,0,0,0,0,0,0,0,0,0,0,0,0,0,0,0,0,0,0,0,0,0,0,0,0,0,0,5,0,0.5,0.8,1.1,0,0
B,11,DIO,PTB7-Th:IOTIC-2F,1,溶剂添加剂,ITO/ZnO/PTB7-Th:NFA/MoOx/Ag,ICCCCCCCCI,0.817,21.9,65,11.6,1.74E-06,2.454655993,2.454655993,1.337345679,1.337345679,0.360140031,10.2,366.024,349.896,365.9341465,62,0,-0.000472812,-0.086375917,0.086375917,0.000472812,126.9137216,10.13204741,1.878618147,-1.964807038,2.067504511,-1.799735234,14.10995232,0.63270578,1.967154472,2.647604849,47.21928095,7.656854249,6.412783196,10.72777978,4.914213562,4.034522484,7.085685828,2.499284817,4.656783108,1.517261242,3.042842914,0.896089018,1.974838163,1.46,175.076748,11.46,10.46,9.46,91.81752207,0,0,0,0,0,0,0,0,0,0,70.86502775,21.69674805,0,0,0,45.18174125,0,0,0,38.52492974,8.855104805,0,0,0,0,0,0,45.18174125,8.855104805,0,0,38.52492974,0,0,0,0,0,0,0,0,0,0,0,47.38003454,0,0,45.18174125,0,2.674691358,4.909311987,0,0,0,0,0,8.655996655,0,0,1,10,0,0,0,0,0,0,0,0,0,0,2,7,0,0,0,0,4.197,65.476,0,0,0,0,0,0,0,0,0,0,0,0,0,0,0,0,0,0,0,0,0,0,0,0,0,2,0,0,0,0,0,0,0,0,0,0,0,0,0,0,0,0,0,0,2,0,0,0,0,0,0,0,0,0,0,0,0,0,0,0,0,0,0,0,0,0,0,0,0,0,0,0,0,0,0,0,0,0,0,0,0,0,0,5,0,0.5,0.8,1.1,0,0
B,11,CN,PTB7-Th:ITOTIC-2F,1,溶剂添加剂,ITO/ZnO/PTB7-Th:NFA/MoOx/Ag,ClC1=C2C(C=CC=C2)=CC=C1,0.785,7.0 ,61,3.3,0.8398489,5.957037037,5.957037037,0.822314815,0.822314815,0.55644797,10.27272727,162.619,155.563,162.0236279,54,0,0.048389036,-0.083664219,0.083664219,0.048389036,35.49569104,10.12844457,1.934419766,-1.966428521,2.214722752,-1.704476637,6.349799888,1.748124801,2.05595014,2.913161164,374.0344904,7.681798276,5.919416357,6.675345303,5.377010098,3.510349442,3.888313915,2.460971502,2.868171629,1.736428508,2.066016729,1.185882541,1.430724861,-1.01,505.7637346,6.684816447,2.554171088,1.099229702,70.41633388,0,0,0,0,0,0,0,0,0,0,47.9991423,11.45259128,10.40885753,0,0,22.37338832,0,0,0,0,0,47.48720279,0,0,0,0,0,11.60093989,0,0,0,0,42.46456948,5.022633314,10.77244843,0,0,0,0,0,0,0,10.40885753,5.386224214,0,30.33183534,12.13273414,11.60093989,0,5.957037037,0,3.13867284,0,0,14.01540123,0,0,0,0,11,0,0,0,0,0,2,0,2,0,0,1,0,0,0,0,2,3.4932,48.958,0,0,0,0,0,0,0,0,0,0,0,0,0,0,0,0,0,0,0,0,0,0,0,0,0,0,0,0,0,0,0,0,0,0,2,0,1,0,0,0,0,0,0,0,1,0,0,0,0,0,0,0,0,0,0,0,0,0,0,0,0,0,0,0,0,0,0,0,0,0,0,0,0,0,0,0,0,0,0,0,0,0,0,0,0,0.818181818,1.545454545,2.363636364,0,0
B,12,DIO,PBTIBDTT:ITIC-F,1,溶剂添加剂,ITO/ZnO/PBTIBDTT:ITIC-F/MoOx/Ag,ICCCCCCCCI,0.897,16.6,72.7,10.83,1.74E-06,2.454655993,2.454655993,1.337345679,1.337345679,0.360140031,10.2,366.024,349.896,365.9341465,62,0,-0.000472812,-0.086375917,0.086375917,0.000472812,126.9137216,10.13204741,1.878618147,-1.964807038,2.067504511,-1.799735234,14.10995232,0.63270578,1.967154472,2.647604849,47.21928095,7.656854249,6.412783196,10.72777978,4.914213562,4.034522484,7.085685828,2.499284817,4.656783108,1.517261242,3.042842914,0.896089018,1.974838163,1.46,175.076748,11.46,10.46,9.46,91.81752207,0,0,0,0,0,0,0,0,0,0,70.86502775,21.69674805,0,0,0,45.18174125,0,0,0,38.52492974,8.855104805,0,0,0,0,0,0,45.18174125,8.855104805,0,0,38.52492974,0,0,0,0,0,0,0,0,0,0,0,47.38003454,0,0,45.18174125,0,2.674691358,4.909311987,0,0,0,0,0,8.655996655,0,0,1,10,0,0,0,0,0,0,0,0,0,0,2,7,0,0,0,0,4.197,65.476,0,0,0,0,0,0,0,0,0,0,0,0,0,0,0,0,0,0,0,0,0,0,0,0,0,2,0,0,0,0,0,0,0,0,0,0,0,0,0,0,0,0,0,0,2,0,0,0,0,0,0,0,0,0,0,0,0,0,0,0,0,0,0,0,0,0,0,0,0,0,0,0,0,0,0,0,0,0,0,0,0,0,0,5,0,0.5,0.8,1.1,0,0
B,15,BP,FTAZ:ITIC-Th,1,UV吸收剂,ITO/PEDOT:PSS/FTAZ:ITIC-Th/Ca/Al,O=C(C1=CC=CC=C1)C2=CC=CC=C2,0.91,15.2,66,9.4,2.80650411,11.8462963,11.8462963,0.075185185,0.075185185,0.652473287,9.714285714,182.222,172.142,182.0731649,68,0,0.192519665,-0.288615965,0.288615965,0.192519665,16.13826518,10.03946637,2.055640116,-1.988294309,2.078631781,-1.99250353,6.083681317,0.103404728,2.303941289,2.348637605,376.0032554,9.803118619,7.681750982,7.681750982,6.877010098,4.52549135,4.52549135,3.061174953,3.061174953,2.071955532,2.071955532,1.345721802,1.345721802,-1.89,2580.414244,8.696948085,3.878969377,1.716368061,83.01496154,0,0,5.783244946,0,0,0,4.794537184,0,0,0,60.66367068,0,11.12690298,0,4.794537184,5.783244946,0,0,0,0,0,71.79057367,0,0,0,0,0,0,5.783244946,0,0,15.92144017,60.66367068,0,0,0,17.07,0,4.794537184,0,5.783244946,0,11.12690298,0,0,60.66367068,0,0,0,0,11.8462963,0,1.469814815,0.075185185,18.6087037,0,0,0,0,14,0,1,0,0,0,2,0,2,1,0,1,2,0,0,0,2,2.9176,56.3165,0,0,0,0,0,0,0,0,0,0,1,1,0,0,0,0,0,0,0,0,0,0,0,0,0,0,0,0,0,0,0,0,0,0,2,0,0,0,0,0,0,0,0,0,0,0,0,0,0,0,0,1,0,0,0,0,0,0,0,0,0,0,0,0,0,0,0,0,0,0,0,0,0,0,0,0,0,0,0,0,0,0,0,0,0,0.642857143,1,1.357142857,0,0
B,15,DIO,FTAZ:ITIC-Th,1,高沸点添加剂,ITO/PEDOT:PSS/FTAZ:ITIC-Th/Ca/Al,ICCCCCCCCI,0.91,14.4,65.8,9,1.74E-06,2.454655993,2.454655993,1.337345679,1.337345679,0.360140031,10.2,366.024,349.896,365.9341465,62,0,-0.000472812,-0.086375917,0.086375917,0.000472812,126.9137216,10.13204741,1.878618147,-1.964807038,2.067504511,-1.799735234,14.10995232,0.63270578,1.967154472,2.647604849,47.21928095,7.656854249,6.412783196,10.72777978,4.914213562,4.034522484,7.085685828,2.499284817,4.656783108,1.517261242,3.042842914,0.896089018,1.974838163,1.46,175.076748,11.46,10.46,9.46,91.81752207,0,0,0,0,0,0,0,0,0,0,70.86502775,21.69674805,0,0,0,45.18174125,0,0,0,38.52492974,8.855104805,0,0,0,0,0,0,45.18174125,8.855104805,0,0,38.52492974,0,0,0,0,0,0,0,0,0,0,0,47.38003454,0,0,45.18174125,0,2.674691358,4.909311987,0,0,0,0,0,8.655996655,0,0,1,10,0,0,0,0,0,0,0,0,0,0,2,7,0,0,0,0,4.197,65.476,0,0,0,0,0,0,0,0,0,0,0,0,0,0,0,0,0,0,0,0,0,0,0,0,0,2,0,0,0,0,0,0,0,0,0,0,0,0,0,0,0,0,0,0,2,0,0,0,0,0,0,0,0,0,0,0,0,0,0,0,0,0,0,0,0,0,0,0,0,0,0,0,0,0,0,0,0,0,0,0,0,0,0,5,0,0.5,0.8,1.1,0,0
B,20,pyridine,PTB7-Th:PZn-TNI,1,溶剂添加剂,ITO/ZnO/PTB7-Th:PZn-TNI/ZnO/Al,C1=NC=CC=C1,0.78,6.76,34,1.82,0.78426586,3.784722222,3.784722222,1.75,1.75,0.453147965,8,79.102,74.062,79.04219916,30,0,0.026728768,-0.264736971,0.264736971,0.026728768,14.59724306,10.51881466,1.580294439,-1.696567022,1.732473301,-1.582529218,4.877321733,1.330989291,1.719973094,3,75.86113959,4.242640687,3.333964941,3.333964941,3,1.849731113,1.849731113,1.024563865,1.024563865,0.566487409,0.566487409,0.312602027,0.312602027,-0.85,34.39946188,3.344174757,1.552582713,0.549000848,36.6510511,0,0,0,0,0,0,4.983978521,0,0,0,6.066367068,12.13273414,12.39368714,0,0,0,0,4.983978521,0,0,0,30.59278835,0,0,0,0,0,0,4.983978521,0,0,0,30.59278835,0,0,0,12.89,0,0,0,0,0,0,0,12.39368714,18.19910121,4.983978521,0,0,0,3.784722222,0,0,0,5.715277778,3.5,0,0,0,6,0,1,0,0,0,0,1,1,1,0,1,0,0,0,0,1,1.0816,24.237,0,0,0,0,0,1,0,0,0,0,0,0,0,0,0,1,0,0,0,0,0,0,0,0,0,0,0,0,0,0,0,0,0,0,0,0,0,0,0,0,0,0,0,0,0,0,0,0,0,0,0,0,0,0,0,0,0,0,0,0,0,0,0,0,0,0,0,0,0,0,0,0,0,1,0,0,0,0,0,0,0,0,0,0,0,0.833333333,1.5,1.666666667,0,0
B,23, DIO,PTB7-Th:ITIC,1,溶剂添加剂,ITO/ZnO/BHJ/MoO₃/Ag,ICCCCCCCCI,0.89,11.5,47,4.79,1.74E-06,2.454655993,2.454655993,1.337345679,1.337345679,0.360140031,10.2,366.024,349.896,365.9341465,62,0,-0.000472812,-0.086375917,0.086375917,0.000472812,126.9137216,10.13204741,1.878618147,-1.964807038,2.067504511,-1.799735234,14.10995232,0.63270578,1.967154472,2.647604849,47.21928095,7.656854249,6.412783196,10.72777978,4.914213562,4.034522484,7.085685828,2.499284817,4.656783108,1.517261242,3.042842914,0.896089018,1.974838163,1.46,175.076748,11.46,10.46,9.46,91.81752207,0,0,0,0,0,0,0,0,0,0,70.86502775,21.69674805,0,0,0,45.18174125,0,0,0,38.52492974,8.855104805,0,0,0,0,0,0,45.18174125,8.855104805,0,0,38.52492974,0,0,0,0,0,0,0,0,0,0,0,47.38003454,0,0,45.18174125,0,2.674691358,4.909311987,0,0,0,0,0,8.655996655,0,0,1,10,0,0,0,0,0,0,0,0,0,0,2,7,0,0,0,0,4.197,65.476,0,0,0,0,0,0,0,0,0,0,0,0,0,0,0,0,0,0,0,0,0,0,0,0,0,2,0,0,0,0,0,0,0,0,0,0,0,0,0,0,0,0,0,0,2,0,0,0,0,0,0,0,0,0,0,0,0,0,0,0,0,0,0,0,0,0,0,0,0,0,0,0,0,0,0,0,0,0,0,0,0,0,0,5,0,0.5,0.8,1.1,0,0
B,28,Mesitylene,PffBT4T-2DT:EH-IDTBR,1,溶剂添加剂,ITO/ZnO/PffBT4T2DT:EH-IDTBR/MoO3/Ag,CC(C=CC=C1)=C1C,1.02,17.2,63,11.1,0,2.12037037,2.12037037,1.368055556,1.368055556,0.475757685,9.25,106.168,96.088,106.0782503,42,0,-0.039511492,-0.061985192,0.061985192,0.039511492,13.89538834,10.13197218,1.833370249,-1.930148756,2.021054566,-1.74333603,5.227784798,1.342538973,1.768177215,3.134861511,156.1481139,5.983127663,5.309401077,5.309401077,3.804530453,2.827350269,2.827350269,2.084258917,2.084258917,1.425569669,1.425569669,0.662677957,0.662677957,-0.78,72.49526583,5.358504155,1.993744712,0.890007391,50.16128735,0,0,0,0,0,0,0,0,0,0,24.26546827,24.97437738,0,0,0,0,0,0,0,13.8474744,0,35.39237126,0,0,0,0,0,0,0,0,13.8474744,11.12690298,24.26546827,0,0,0,0,0,0,0,0,0,0,11.12690298,0,0,38.11294267,0,0,0,0,0,2.736111111,0,8.356481481,0,4.240740741,0,0.25,8,0,0,0,0,0,1,0,1,0,0,0,0,0,0,0,1,2.30344,35.916,0,0,0,0,0,0,0,0,0,0,0,0,0,0,0,0,0,0,0,0,0,0,0,0,0,0,0,0,0,0,2,0,0,0,1,0,0,0,0,0,0,0,0,0,0,0,0,0,0,0,0,0,0,0,0,0,0,0,0,0,0,0,0,0,0,0,0,0,0,0,0,0,0,0,0,0,0,0,0,0,0,0,0,0,0,0.875,1.25,1.5,0,0
B,28,"1,2,4-Trimethylbenzene",PffBT4T-2DT:EH-IDTBR,1,溶剂添加剂,ITO/ZnO/PffBT4T2DT:EH-IDTBR/MoO3/Ag,CC1=CC(C)=CC(C)=C1,1.01,16.9,61,10.4,0,2.1875,2.1875,1.354166667,1.354166667,0.493392712,9.666666667,120.195,108.099,120.0939004,48,0,-0.039754683,-0.056365285,0.056365285,0.039754683,13.93108972,10.09758413,1.868892865,-1.96465117,2.057339501,-1.776682552,5.266192905,1.322148357,1.588091448,3.16567031,160.8005151,6.853371151,6.232050808,6.232050808,4.18154055,3.232050808,3.232050808,2.665063509,2.665063509,1.366025404,1.366025404,1.202350269,1.202350269,-0.78,85.75693819,6.341654501,2.218872017,1.562760731,56.52622946,0,0,0,0,0,0,0,0,0,0,34.88945568,20.7712116,0,0,0,0,0,0,0,20.7712116,0,34.88945568,0,0,0,0,0,0,0,0,20.7712116,16.69035448,18.19910121,0,0,0,0,0,0,0,0,0,0,16.69035448,0,0,38.9703128,0,0,0,0,0,4.0625,0,6.5625,0,6.375,0,0.333333333,9,0,0,0,0,0,1,0,1,0,0,0,0,0,0,0,1,2.61186,40.653,0,0,0,0,0,0,0,0,0,0,0,0,0,0,0,0,0,0,0,0,0,0,0,0,0,0,0,0,0,0,3,0,0,0,1,0,0,0,0,0,0,0,0,0,0,0,0,0,0,0,0,0,0,0,0,0,0,0,0,0,0,0,0,0,0,0,0,0,0,0,0,0,0,0,0,0,0,0,0,0,0,0,0,0,0,0.666666667,0.888888889,1.111111111,0,0
B,28,o-Xylene,PffBT4T-2DT:EH-IDTBR,1,溶剂添加剂,ITO/ZnO/PffBT4T2DT:EH-IDTBR/MoO3/Ag,CC(C=CC(C)=C1)=C1C,1.01,16.3,64,10.5,0,2.203703704,2.203703704,1.345462963,1.345462963,0.493392712,9.666666667,120.195,108.099,120.0939004,48,0,-0.039501562,-0.059043014,0.059043014,0.039501562,13.94626318,10.0821164,1.88515951,-1.979045687,2.070680833,-1.794119222,5.282337095,1.300050727,1.796567574,3.17167803,211.278337,6.853371151,6.232050808,6.232050808,4.198377303,3.238033872,3.238033872,2.58771324,2.58771324,1.662410764,1.662410764,0.891346035,0.891346035,-0.78,104.2009193,6.341654501,2.218872017,1.317455005,56.52622946,0,0,0,0,0,0,0,0,0,0,23.7625527,31.89811458,0,0,0,0,0,0,0,20.7712116,0,34.88945568,0,0,0,0,0,0,0,0,20.7712116,16.69035448,18.19910121,0,0,0,0,0,0,0,0,0,0,16.69035448,0,0,38.9703128,0,0,0,0,0,4.105277778,0,6.502314815,0,6.392407407,0,0.333333333,9,0,0,0,0,0,1,0,1,0,0,0,0,0,0,0,1,2.61186,40.653,0,0,0,0,0,0,0,0,0,0,0,0,0,0,0,0,0,0,0,0,0,0,0,0,0,0,0,0,0,0,3,0,0,0,1,0,0,0,0,0,0,0,0,0,0,0,0,0,0,0,0,0,0,0,0,0,0,0,0,0,0,0,0,0,0,0,0,0,0,0,0,0,0,0,0,0,0,0,0,0,0,0,0,0,0,0.888888889,1.555555556,2,0,0
B,30,DIO,PTB7-Th:ITIC,1,溶剂添加剂,ITO/ZnO/PTB7-Th:ITIC/MoO3/Ag,ICCCCCCCCI,0.89,11.5,47,4.79,1.74E-06,2.454655993,2.454655993,1.337345679,1.337345679,0.360140031,10.2,366.024,349.896,365.9341465,62,0,-0.000472812,-0.086375917,0.086375917,0.000472812,126.9137216,10.13204741,1.878618147,-1.964807038,2.067504511,-1.799735234,14.10995232,0.63270578,1.967154472,2.647604849,47.21928095,7.656854249,6.412783196,10.72777978,4.914213562,4.034522484,7.085685828,2.499284817,4.656783108,1.517261242,3.042842914,0.896089018,1.974838163,1.46,175.076748,11.46,10.46,9.46,91.81752207,0,0,0,0,0,0,0,0,0,0,70.86502775,21.69674805,0,0,0,45.18174125,0,0,0,38.52492974,8.855104805,0,0,0,0,0,0,45.18174125,8.855104805,0,0,38.52492974,0,0,0,0,0,0,0,0,0,0,0,47.38003454,0,0,45.18174125,0,2.674691358,4.909311987,0,0,0,0,0,8.655996655,0,0,1,10,0,0,0,0,0,0,0,0,0,0,2,7,0,0,0,0,4.197,65.476,0,0,0,0,0,0,0,0,0,0,0,0,0,0,0,0,0,0,0,0,0,0,0,0,0,2,0,0,0,0,0,0,0,0,0,0,0,0,0,0,0,0,0,0,2,0,0,0,0,0,0,0,0,0,0,0,0,0,0,0,0,0,0,0,0,0,0,0,0,0,0,0,0,0,0,0,0,0,0,0,0,0,0,5,0,0.5,0.8,1.1,0,0
B,30,DIO,PTB7-Th:ITIC,1,溶剂添加剂,ITO/ZnO/PTB7-Th:ITIC/MoO3/Ag,ICCCCCCCCI,0.8,13.3,55,5.86,1.74E-06,2.454655993,2.454655993,1.337345679,1.337345679,0.360140031,10.2,366.024,349.896,365.9341465,62,0,-0.000472812,-0.086375917,0.086375917,0.000472812,126.9137216,10.13204741,1.878618147,-1.964807038,2.067504511,-1.799735234,14.10995232,0.63270578,1.967154472,2.647604849,47.21928095,7.656854249,6.412783196,10.72777978,4.914213562,4.034522484,7.085685828,2.499284817,4.656783108,1.517261242,3.042842914,0.896089018,1.974838163,1.46,175.076748,11.46,10.46,9.46,91.81752207,0,0,0,0,0,0,0,0,0,0,70.86502775,21.69674805,0,0,0,45.18174125,0,0,0,38.52492974,8.855104805,0,0,0,0,0,0,45.18174125,8.855104805,0,0,38.52492974,0,0,0,0,0,0,0,0,0,0,0,47.38003454,0,0,45.18174125,0,2.674691358,4.909311987,0,0,0,0,0,8.655996655,0,0,1,10,0,0,0,0,0,0,0,0,0,0,2,7,0,0,0,0,4.197,65.476,0,0,0,0,0,0,0,0,0,0,0,0,0,0,0,0,0,0,0,0,0,0,0,0,0,2,0,0,0,0,0,0,0,0,0,0,0,0,0,0,0,0,0,0,2,0,0,0,0,0,0,0,0,0,0,0,0,0,0,0,0,0,0,0,0,0,0,0,0,0,0,0,0,0,0,0,0,0,0,0,0,0,0,5,0,0.5,0.8,1.1,0,0
B,34,SA-2,PBDB-TF:IT-4F,1,挥发型固体添加剂,ITO/PEDOT:PSS/活性层/PFN-Br/Al,O=C(C(C=CC=C1)=C1C/2=O)C2=C\C3=CC=CC=C3,0.87,20.4,75,13.6,1.90146204,12.12239182,12.12239182,0.18106198,-0.18106198,0.560759738,13.66666667,234.254,224.174,234.0680796,86,0,0.197240346,-0.288432847,0.288432847,0.197240346,16.15155444,10.07421119,2.317349267,-1.945342345,2.269107892,-1.995231017,6.40809778,0.099033403,2.659856964,2.103900651,629.5061329,12.53516943,9.589999273,9.589999273,8.770856948,5.723632431,5.723632431,4.172528377,4.172528377,3.0161437,3.0161437,2.119429929,2.119429929,-2.48,22981.16417,10.65998874,4.07529132,1.588999687,104.5758758,0,0,11.56648989,0,0,0,9.589074368,0,0,0,54.59730362,11.6394716,11.12690298,5.57310453,9.589074368,17.64251,0,0,0,0,0,76.86076262,0,0,0,0,0,0,11.56648989,0,0,26.27942884,60.17040815,0,6.076020107,0,34.14,0,9.589074368,0,17.13959442,11.12690298,5.563451492,0,30.34148838,30.33183534,0,0,0,0,24.24478364,0,2.123859599,-0.362123961,16.33607332,1.657407407,0,0,0,18,0,2,1,0,1,2,0,2,2,0,2,1,0,0,0,3,3.1492,69.522,0,0,0,0,0,0,0,0,0,0,2,2,0,0,0,0,0,0,0,0,0,0,0,0,0,0,1,0,0,0,0,0,0,0,2,0,1,0,0,0,0,0,0,0,0,0,0,0,0,0,0,2,2,0,0,0,0,0,0,0,0,0,0,0,0,0,0,0,0,0,0,0,0,0,0,0,0,0,0,0,0,0,0,0,0,0.666666667,1.166666667,1.722222222,0,0
B,34,SA-3,PBDB-TF:IT-4F,1,挥发型固体添加剂,ITO/PEDOT:PSS/活性层/PFN-Br/Al,CC1=CC2=C(S1)C(/C(C2=O)=C/C3=CC=CC=C3)=O,0.87,20.3,75,13.5,1.92415418,12.14614182,12.14614182,0.141710128,-0.14981198,0.576103306,16.38888889,254.31,244.23,254.0401506,88,0,0.207179182,-0.288399134,0.288399134,0.207179182,32.13356023,10.07458191,2.344051207,-1.95479727,2.334948823,-2.001337402,7.147874478,0.0991136,2.850708449,2.076358445,642.2740939,12.69830613,9.766196756,10.58269334,8.664703798,5.631880722,6.448377303,4.226793925,5.483116911,2.905957415,3.955216575,2.069099607,3.032085752,-2,21574.16155,11.11111111,4.032921811,1.638504155,108.5811812,0,0,5.783244946,5.783244946,0,0,9.589074368,0,0,11.33678588,30.33183534,24.62957587,10.44059869,10.45025172,9.589074368,28.97929588,0,0,0,6.9237372,0,62.85250431,0,0,0,0,0,11.33678588,11.56648989,0,6.9237372,30.47027174,41.97130694,0,6.076020107,0,34.14,0,9.589074368,0,17.13959442,10.44059869,10.44059869,11.33678588,12.14238718,37.25557254,0,0,0,1.391810962,25.87199867,0,1.715931595,-0.291522109,11.23157255,1.673333333,1.906875,0,0.066666667,18,0,2,1,0,1,1,1,2,3,0,3,1,0,0,0,3,3.51912,72.136,0,0,0,0,0,0,0,0,0,0,2,2,0,0,0,0,0,0,0,0,0,0,0,0,0,0,1,0,0,0,1,0,0,0,1,0,1,0,0,0,0,0,0,0,0,0,0,0,0,0,0,2,2,0,0,0,0,0,0,0,0,0,0,0,0,0,0,0,0,0,0,0,0,0,0,0,0,0,0,0,0,0,1,0,0,1.055555556,1.777777778,2.444444444,0,0
B,34,SA-4,PBDB-TF:IT-4F,1,挥发型固体添加剂,ITO/PEDOT:PSS/活性层/PFN-Br/Al,O=C(C(C=CC=C1)=C1C/2=O)C2=C\C3=CC=CS3,0.87,20.2,75,13.6,1.88732369,12.04889645,12.04889645,0.167592593,-0.167592593,0.566276032,14,240.283,232.219,240.0245005,82,0,0.197269998,-0.288432316,0.288432316,0.197269998,32.13347302,10.11920502,2.318626691,-1.907687966,2.278218169,-1.990892812,7.104575913,0.099037239,2.93724646,2.12722147,599.0016381,11.82806265,8.843547025,9.660043606,8.270856948,5.208117036,6.087769847,3.777264351,4.75653666,2.735346478,3.554663502,1.919149226,2.576446259,-2,16222.4122,10.17301038,3.7856,1.555555556,102.2162391,0,0,11.56648989,0,0,0,9.589074368,0,0,11.33678588,30.33183534,17.52244995,16.00405018,5.57310453,9.589074368,28.97929588,0,0,0,0,0,63.35541989,0,0,0,0,0,11.33678588,11.56648989,0,0,25.59312455,47.35136971,0,6.076020107,0,34.14,0,9.589074368,0,17.13959442,11.12690298,4.877147194,11.33678588,30.34148838,17.51279691,0,0,0,1.511738946,25.02326153,1.920079365,1.300242819,-0.335185185,10.73726994,1.675925926,0,0,0,17,0,2,1,0,1,1,1,2,3,0,3,1,0,0,0,3,3.2107,67.399,0,0,0,0,0,0,0,0,0,0,2,2,0,0,0,0,0,0,0,0,0,0,0,0,0,0,1,0,0,0,0,0,0,0,1,0,1,0,0,0,0,0,0,0,0,0,0,0,0,0,0,2,2,0,0,0,0,0,0,0,0,0,0,0,0,0,0,0,0,0,0,0,0,0,0,0,0,0,0,0,0,0,1,0,0,0.882352941,1.529411765,2.058823529,0,0
B,34,SA-5,PBDB-TF:IT-4F,1,挥发型固体添加剂,ITO/PEDOT:PSS/活性层/PFN-Br/Al,O=C(C(C=C(F)C(F)=C1)=C1C/2=O)C2=C\C3=CC=CC=C3,0.88,20.2,71,12.9,1.08131423,13.17038373,13.17038373,0.072962963,-1.133461934,0.587389637,13.6,270.234,262.17,270.0492359,98,0,0.197349686,-0.288430921,0.288430921,0.197349686,19.15974418,10.07410832,2.33934049,-1.958358357,2.291043419,-1.995911337,6.408398655,0.099014477,2.661959797,2.126295434,718.546382,14.2756564,10.19122768,10.19122768,9.5753874,5.928947174,5.928947174,4.43884526,4.43884526,3.149527377,3.149527377,2.162866418,2.162866418,-2.62,47318.99735,12.41566602,4.488724856,1.857347369,112.9069466,0,0,23.20093157,0,0,0,9.589074368,8.780830095,0,0,30.33183534,23.77220574,11.12690298,5.57310453,18.36990446,17.64251,0,0,0,0,0,76.36247017,0,0,0,8.780830095,0,0,11.56648989,0,11.63444168,26.27942884,48.03767401,0,6.076020107,0,34.14,23.20093157,18.36990446,0,16.70000751,5.563451492,12.13273414,6.076020107,30.33183534,0,0,0,26.34076747,0,24.19359694,0,0.431770597,-3.419233014,10.35540338,1.431027967,0,0,0,20,0,2,1,0,1,2,0,2,2,0,4,1,0,0,0,3,3.4274,69.438,0,0,0,0,0,0,0,0,0,0,2,2,0,0,0,0,0,0,0,0,0,0,0,0,0,0,1,0,0,0,0,0,0,0,2,0,1,0,0,0,0,0,0,0,2,0,0,0,0,0,0,2,2,0,0,0,0,0,0,0,0,0,0,0,0,0,0,0,0,0,0,0,0,0,0,0,0,0,0,0,0,0,0,0,0,0.8,1.3,1.8,0,0
B,34,SA-6,PBDB-TF:IT-4F,1,挥发型固体添加剂,ITO/PEDOT:PSS/活性层/PFN-Br/Al,O=C(C(C=C(F)C(F)=C1)=C1C/2=O)C2=C\C3=CC=CS3,0.88,19.9,70,12.6,1.03512486,13.12285457,13.12285457,0.053287037,-1.127524434,0.589927953,13.89473684,276.263,270.215,276.0056569,94,0,0.197379338,-0.288430389,0.288430389,0.197379338,32.13347322,10.10410733,2.340417054,-1.958355282,2.297865163,-1.991603282,7.104578853,0.099018305,2.95859047,2.147501833,687.1542809,13.56854962,9.444775433,10.26127201,9.0753874,5.413431778,6.293084589,4.043581235,5.022853543,2.868730155,3.688047179,1.962585716,2.619882749,-2.14,33651.00801,11.92286316,4.204827156,1.824874149,110.5473099,0,0,23.20093157,0,0,0,9.589074368,8.780830095,0,11.33678588,6.066367068,29.65518408,16.00405018,5.57310453,18.36990446,28.97929588,0,0,0,0,0,62.85712743,0,0,0,8.780830095,0,11.33678588,11.56648989,0,11.63444168,25.59312455,35.21863557,0,6.076020107,0,34.14,23.20093157,18.36990446,0,16.70000751,0,17.00988133,17.41280598,12.13273414,5.38006277,0,0,26.24570914,1.369892238,24.78776361,1.808309818,-0.207534958,-3.380419239,5.093399576,1.449546485,0,0,0,19,0,2,1,0,1,1,1,2,3,0,5,1,0,0,0,3,3.4889,67.315,0,0,0,0,0,0,0,0,0,0,2,2,0,0,0,0,0,0,0,0,0,0,0,0,0,0,1,0,0,0,0,0,0,0,1,0,1,0,0,0,0,0,0,0,2,0,0,0,0,0,0,2,2,0,0,0,0,0,0,0,0,0,0,0,0,0,0,0,0,0,0,0,0,0,0,0,0,0,0,0,0,0,1,0,0,1,1.578947368,2.052631579,0,0
B,34,SA-7,PBDB-TF:IT-4F,1,挥发型固体添加剂,ITO/PEDOT:PSS/活性层/PFN-Br/Al,O=C1C(/C(C2=C1C=CC=C2)=C(C#N)\C#N)=C\C3=CC=CS3,0.85,19.8,68,11.6,2.06434798,12.55304611,12.55304611,0.03138322,-0.141666667,0.591419063,14.66666667,288.331,280.267,288.0357339,98,0,0.193895277,-0.288564945,0.288564945,0.193895277,32.13347327,9.992190638,2.315667501,-2.004354343,2.393842478,-1.948626032,7.104413311,0.103948591,3.111787538,2.316586669,858.2541968,14.81962648,10.82972593,11.64622251,10.25755016,6.201206486,7.080859297,4.421747004,5.401019312,3.25837764,4.077694664,2.362330535,3.019627568,-2.95,114488.8871,13.05260571,5.204537995,2.083776191,125.2450996,0,17.71154716,5.783244946,0,0,0,4.794537184,0,10.52378311,11.33678588,30.33183534,23.08590144,21.58680775,0,4.794537184,28.76915546,10.52378311,0,0,0,0,68.92852442,0,12.13844263,0,0,0,11.33678588,5.783244946,0,22.66222574,20.79858736,52.92447424,0,11.64912464,0,64.65,0,15.31832029,0,11.35634948,22.27311204,4.877147194,11.33678588,30.34148838,29.65123953,0,0,0,1.502467876,13.46868103,20.26624559,2.017192933,-0.141666667,14.6400422,1.747037037,0,0,0,21,0,3,1,0,1,1,1,2,4,0,4,1,0,0,0,3,3.82876,81.2145,0,0,0,0,0,0,0,0,0,0,1,1,0,0,0,2,0,0,0,0,0,0,0,0,0,0,3,0,0,0,0,0,0,0,1,0,1,0,0,0,0,0,0,0,0,0,0,0,0,0,0,1,1,0,0,0,0,2,0,0,0,0,0,0,0,0,0,0,0,0,0,0,0,0,0,0,0,0,0,0,0,0,1,0,0,1.047619048,1.761904762,2.380952381,0,0
B,34,SA-8,PBDB-TF:IT-4F,1,挥发型固体添加剂,ITO/PEDOT:PSS/活性层/PFN-Br/Al,CC1=CC=C(S1)/C=C2/C(C(C=CC=C3)=C3C2=O)=C(C#N)\C#N,0.87,18.9,56,10,2.14641536,12.63797383,12.63797383,0.029788832,-0.139210128,0.58719833,14.59090909,302.358,292.278,302.0513839,104,0,0.193895278,-0.288564945,0.288564945,0.193895278,32.13355961,9.992105314,2.316298984,-2.005120235,2.396157412,-1.948741154,7.123879328,0.103948328,3.056035,2.291334817,916.4821424,15.68986997,11.75237566,12.56887224,10.65139701,6.624970172,7.441466753,4.85474217,6.174221387,3.476341179,4.424035372,2.519935942,3.340663188,-2.95,156493.4403,14.00700205,5.442554215,2.164137578,131.6100418,0,17.71154716,5.783244946,0,0,0,4.794537184,0,10.52378311,11.33678588,24.26546827,30.69594294,26.46395494,0,4.794537184,28.76915546,10.52378311,0,0,6.9237372,0,68.42560884,0,12.13844263,0,0,0,11.33678588,5.783244946,0,29.58596293,25.67573455,47.54441147,0,11.64912464,0,64.65,0,15.31832029,0,11.35634948,22.27311204,9.754294387,0,41.67827426,31.19491396,0,0,0,1.567282691,14.70974721,18.43994357,2.028506708,-0.139210128,14.80182204,1.76787037,1.990704208,0,0.055555556,22,0,3,1,0,1,1,1,2,4,0,4,1,0,0,0,3,4.13718,85.9515,0,0,0,0,0,0,0,0,0,0,1,1,0,0,0,2,0,0,0,0,0,0,0,0,0,0,3,0,0,0,1,0,0,0,1,0,1,0,0,0,0,0,0,0,0,0,0,0,0,0,0,1,1,0,0,0,0,2,0,0,0,0,0,0,0,0,0,0,0,0,0,0,0,0,0,0,0,0,0,0,0,0,1,0,0,1.090909091,1.772727273,2.363636364,0,0
B,40,CDIN,PTB7-Th/ITIC,1,固体添加剂,ITO/ETL/BHJ/MoO3/Ag,CN(C)CCCN(C1=O)C(C(C2=C1C=C(C(CCCCCC)=C3)C4=C52)=CC6=C5C7=C(C4=C3C=C8C9=O)C8=C(C(N9CCCN(C)C)=O)C=C7C(CCCCCC)=C6)=O,0.83,15.55,60,7.98,2.12871115,14.66210429,14.66210429,0.222296772,-0.226242404,0.049106001,12.96551724,777.022,720.574,776.4301563,300,0,0.260908807,-0.309331983,0.309331983,0.260908807,16.15900271,9.773525059,2.294517519,-2.256748513,2.522890154,-2.342999323,6.495083152,0.383733115,3.1998684,1.476675832,2979.234212,40.56745619,35.19965766,35.19965766,28.04815161,21.85011118,21.85011118,17.76810179,17.76810179,13.19744769,13.19744769,10.47214311,10.47214311,-4.92,1.07934E+13,38.59000266,15.03122607,5.922052956,337.8545401,9.799819462,0,0,0,22.23706758,0,28.31234803,0,0,0,64.50513827,158.2872955,56.17930653,0,0,86.17958743,0,18.93401876,0,103.9868467,41.28020074,88.94032171,0,0,22.23706758,0,0,0,60.2142195,25.93115606,0,89.18259361,55.57635115,0,86.17958743,0,84.62,0,19.17814874,0,22.23706758,47.47605292,153.0593226,9.134199296,0,40.32342207,47.91276213,0,2.961139636,0,62.74364614,14.07782867,1.429367179,0,12.7921494,11.90198141,6.715613583,8.044940656,0.44,58,0,8,0,0,0,7,2,9,8,0,8,18,0,0,0,9,9.294,245.514,0,0,0,0,0,2,0,0,0,0,0,0,0,0,0,4,0,0,0,0,0,0,0,0,0,0,0,0,0,0,2,0,0,0,7,0,0,0,0,0,0,0,0,0,0,0,0,0,0,0,0,0,0,0,0,0,0,0,0,0,0,0,0,0,0,0,0,0,0,0,0,0,0,2,0,0,0,0,0,0,0,0,0,6,0,0.396551724,0.775862069,1.137931034,0,0
B,40,CDIN,r-PTB7-Th/ITIC,1,固体添加剂,ITO/ETL/BHJ/MoO3/Ag,CN(C)CCCN(C1=O)C(C(C2=C1C=C(C(CCCCCC)=C3)C4=C52)=CC6=C5C7=C(C4=C3C=C8C9=O)C8=C(C(N9CCCN(C)C)=O)C=C7C(CCCCCC)=C6)=O,0.84,16.07,65,8.95,2.12874479,14.66210429,14.66210429,0.222296772,-0.226242404,0.049106001,12.96551724,777.022,720.574,776.4301563,300,0,0.260908807,-0.309331983,0.309331983,0.260908807,16.15900271,9.773525059,2.294517519,-2.256748513,2.522890154,-2.342999323,6.495083152,0.383733115,3.1998684,1.476675832,2979.234212,40.56745619,35.19965766,35.19965766,28.04815161,21.85011118,21.85011118,17.76810179,17.76810179,13.19744769,13.19744769,10.47214311,10.47214311,-4.92,1.07934E+13,38.59000266,15.03122607,5.922052956,337.8545401,9.799819462,0,0,0,22.23706758,0,28.31234803,0,0,0,64.50513827,158.2872955,56.17930653,0,0,86.17958743,0,18.93401876,0,103.9868467,41.28020074,88.94032171,0,0,22.23706758,0,0,0,60.2142195,25.93115606,0,89.18259361,55.57635115,0,86.17958743,0,84.62,0,19.17814874,0,22.23706758,47.47605292,153.0593226,9.134199296,0,40.32342207,47.91276213,0,2.961139636,0,62.74364614,14.07782867,1.429367179,0,12.7921494,11.90198141,6.715613583,8.044940656,0.44,58,0,8,0,0,0,7,2,9,8,0,8,18,0,0,0,9,9.294,245.514,0,0,0,0,0,2,0,0,0,0,0,0,0,0,0,4,0,0,0,0,0,0,0,0,0,0,0,0,0,0,2,0,0,0,7,0,0,0,0,0,0,0,0,0,0,0,0,0,0,0,0,0,0,0,0,0,0,0,0,0,0,0,0,0,0,0,0,0,0,0,0,0,0,2,0,0,0,0,0,0,0,0,0,6,0,0.396551724,0.775862069,1.137931034,0,0
C,65,DDO,PM6:Y6,1,结晶诱导剂,ITO/PEDOT:PSS/active layer/PDINO/Al(有基础CN),OCCCCCCCCCCO,0.85,25.51,77.45,16.93,2.54E-05,8.511144873,8.511144873,0.337809917,0.337809917,0.525418346,10.5,174.284,152.108,174.1619799,74,0,0.043052407,-0.396376569,0.396376569,0.043052407,16.25160088,10.08741217,1.901113245,-1.99160562,2.07200228,-1.852431605,4.452760586,0.278918657,2.098390961,2.727242813,64.23883096,9.071067812,7.965495003,7.965495003,5.914213562,5.132455532,5.132455532,3.27564072,3.27564072,2.066227766,2.066227766,1.28426697,1.28426697,-0.08,488.925094,11.92,10.92,9.92,75.61219756,10.21305479,0,0,0,0,0,0,0,0,0,38.52492974,12.84164325,13.21376393,0,10.21305479,0,0,0,0,51.36657298,13.21376393,0,0,0,0,0,0,0,23.42681872,0,0,51.36657298,0,0,0,0,40.46,0,0,0,0,13.21376393,25.68328649,25.68328649,0,0,0,10.21305479,0,0,0,17.02228975,0,0,0,9.30209042,0.675619835,0,1,12,2,2,0,0,0,0,0,0,2,2,2,9,0,0,0,0,2.0918,51.1076,0,2,2,0,0,0,0,0,0,0,0,0,0,0,0,0,0,0,0,0,0,0,0,0,0,0,0,0,0,0,0,0,0,0,0,0,0,0,0,0,0,0,0,0,0,0,0,0,0,0,0,0,0,0,0,0,0,0,0,0,0,0,0,0,0,0,0,0,0,0,0,0,0,0,0,0,0,0,0,0,0,0,0,7,0,0.416666667,0.666666667,0.916666667,0,0
C,66,DTBF,PBDB-TF:BO4Cl,1,形态控制剂,ITO/PEDOT:PSS/active layer/PFN-Br/Al,FC1=C(C2=CC=CS2)C(F)=C(F)C(C2=CC=CS2)=C1F,0.846,26.2,77,17.1,0.00281002,14.08776833,14.08776833,0.148638511,-1.365972222,0.420270908,11,314.328,308.28,313.9847051,102,0,0.17080856,-0.202897469,0.202897469,0.17080856,32.13465247,10.05345474,2.27286568,-2.095529398,2.388960357,-2.014974565,7.134674,0.463277999,3.09802062,2.328855686,651.8294417,14.2756564,9.792456088,11.42544925,9.609060905,5.54626536,7.305570982,3.960531786,5.855920172,2.798525578,4.57324239,1.905969225,3.421855945,-1.66,62456.0957,13.32894023,5.029467946,1.955741241,119.4884597,0,0,23.26888336,0,0,0,0,17.56166019,0,22.67357176,12.13273414,22.89285968,9.754294387,11.12690298,17.56166019,22.67357176,0,0,0,0,0,58.29447718,0,20.88119737,0,17.56166019,0,22.67357176,0,0,23.26888336,0,35.02559381,0,20.88119737,0,0,34.39578635,17.56166019,0,9.754294387,0,22.67357176,12.13273414,22.89285968,0,0,0,56.35107332,2.028734305,0.297277022,3.161119195,-1.314247921,-5.463888889,5.93993297,0,0,0,0,20,0,0,0,0,0,1,2,3,2,0,6,2,0,0,0,3,5.7,72.9,0,0,0,0,0,0,0,0,0,0,0,0,0,0,0,0,0,0,0,0,0,0,0,0,0,0,0,0,0,0,0,0,0,0,1,0,0,0,0,0,0,0,0,0,4,0,0,0,0,0,0,0,0,0,0,0,0,0,0,0,0,0,0,0,0,0,0,0,0,0,0,0,0,0,0,0,0,0,0,0,0,0,2,0,0,0.6,0.95,1.2,0,0
C,66,DTB,PBDB-TF:BO4Cl,1,形态控制剂,ITO/PEDOT:PSS/active layer/PFN-Br/Al,C1=CSC(C2=CC=C(C3=CC=CS3)C=C2)=C1,0.852,25,73.5,15.6,0.19892315,2.195324074,2.195324074,1.301209373,1.301209373,0.583145272,10.5,242.368,232.288,242.0223923,78,0,0.034219448,-0.143844379,0.143844379,0.034219448,32.13465161,10.1002924,2.00407397,-1.998137979,2.289634747,-1.737503518,7.134466615,1.686104001,3.028274302,1.970330158,492.0782563,10.79468245,8.589999273,10.22299243,7.93265299,5.111703619,6.871009241,3.53195311,5.427341496,2.496286791,4.334159833,1.684397101,3.15048512,-1.38,13294.12419,9.818373496,4.239460725,1.817444838,102.8263181,0,0,0,0,0,0,0,0,0,22.67357176,36.39820241,34.01976266,9.754294387,0,0,22.67357176,0,0,0,0,0,59.29106209,0,20.88119737,0,0,0,22.67357176,0,0,0,0,59.29106209,0,20.88119737,0,0,0,0,0,0,0,0,20.88119737,22.67357176,0,59.29106209,0,0,3.563919491,2.662462207,4.227211409,2.602418745,0,17.27732148,0,0,0,0,16,0,0,0,0,0,1,2,3,2,0,2,2,0,0,0,3,5.1436,73.068,0,0,0,0,0,0,0,0,0,0,0,0,0,0,0,0,0,0,0,0,0,0,0,0,0,0,0,0,0,0,0,0,0,0,1,0,0,0,0,0,0,0,0,0,0,0,0,0,0,0,0,0,0,0,0,0,0,0,0,0,0,0,0,0,0,0,0,0,0,0,0,0,0,0,0,0,0,0,0,0,0,0,2,0,0,0.5625,1,1.3125,0,0
C,67,"1,8-dichloronaphthalene (DCN)",Tz6T:eC9-4F,1,挥发性固体添加剂,ITO/PEDOT:PSS/BHJ/PNDIT-F3N/Ag,C12=CC=CC(Cl)=C1C(Cl)=CC=C2,0.863,26.12,0.71,0.16,1.66594426,5.97787037,5.97787037,0.706574074,0.706574074,0.594624215,10.5,197.064,191.016,195.9846556,60,0,0.049888152,-0.083607786,0.083607786,0.049888152,35.49683462,10.12481962,2.004032696,-2.004538809,2.290281684,-1.738634988,6.417495405,1.745226,2.044086343,2.960941512,384.3581353,8.552041764,6.220030561,7.731888453,5.7876937,3.615998345,4.371927291,2.577783909,3.392184162,1.803004266,2.432945054,1.251268325,1.866930897,-0.72,719.5183928,7.904940318,2.96484225,1.173931342,80.7196001,0,0,0,0,0,0,0,0,0,0,47.46734805,17.51895835,15.43149084,0,0,33.97432821,0,0,0,0,0,46.44346904,0,0,0,0,0,23.20187978,0,0,0,0,36.39820241,10.04526663,10.77244843,0,0,0,0,0,0,10.04526663,10.77244843,0,0,36.39820241,0,23.20187978,0,11.95574074,0,3.425493827,0,0,11.50765432,0,0,0,0,12,0,0,0,0,0,2,0,2,0,0,2,0,0,0,0,2,4.1466,53.968,0,0,0,0,0,0,0,0,0,0,0,0,0,0,0,0,0,0,0,0,0,0,0,0,0,0,0,0,0,0,0,0,0,0,2,0,1,0,0,0,0,0,0,0,2,0,0,0,0,0,0,0,0,0,0,0,0,0,0,0,0,0,0,0,0,0,0,0,0,0,0,0,0,0,0,0,0,0,0,0,0,0,0,0,0,0.75,1.25,1.666666667,0,0
C,68,"naphtho[1,2-c:5,6-c']bis[1,2,5]thiadiazole (NT)",PTzBI-dF:Y6-BO,1,固体添加剂,ITO/ZnO/BHJ/MoO₃/Ag,C1=CC2=C(C3=NSN=C13)/C=C\C1=NSN=C21,0.835,27.35,0.7645,0.1745,2.33E-06,4.323809524,4.323809524,0.944480348,0.944480348,0.477023691,11.75,244.304,240.272,243.9877381,76,0,0.112189774,-0.17292034,0.17292034,0.112189774,32.14187477,10.07906011,2.08529627,-1.971447034,2.284616361,-1.782507062,7.000632961,1.651757578,2.961277254,2.3776321,747.4005249,10.53516943,7.91475204,9.547745202,7.93265299,4.696091139,6.156684626,3.490159041,4.547054417,2.643959438,3.729099139,1.900549424,2.999837097,-1.66,15531.8992,8.487164585,2.927888998,0.975145635,98.20007514,0,22.06680287,0,0,0,0,0,0,17.49415993,0,0,24.26546827,10.77244843,23.45637469,0,56.29562599,0,17.49415993,0,0,0,24.26546827,0,0,0,0,0,23.45637469,17.49415993,0,0,0,24.26546827,0,32.8392513,0,51.56,0,0,0,0,0,32.8392513,23.45637469,0,24.26546827,17.49415993,0,17.11498063,2.483466081,0,2.206388889,3.800812547,0,8.061018519,0,0,0,0,16,0,4,0,0,0,2,2,4,6,0,6,0,0,0,0,4,2.8492,65.894,0,0,0,0,0,4,0,0,0,0,0,0,0,0,0,4,0,0,0,0,0,0,0,0,0,0,0,0,0,0,0,0,0,0,2,0,5,0,0,0,0,0,0,0,0,0,0,0,0,0,0,0,0,0,0,0,0,0,0,0,0,0,0,0,0,0,0,0,0,0,0,0,0,0,0,0,0,0,0,0,0,0,0,0,0,0.625,1.125,1.625,0,0
C,70,"1,4-diiodobenzene (DIB)",BTR-Cl:Y6,1,固体添加剂,ITO/PEDOT:PSS/BTR-Cl:Y6/PDINO/Ag,IC1=CC=C(I)C=C1,0.852,25.3,70.7,15.2,0.83750645,2.293133333,2.293133333,1.294459259,1.294459259,0.642051393,9.25,329.906,325.874,329.8402461,42,0,0.013054724,-0.047792868,0.047792868,0.013054724,126.913722,10.37614531,1.823583796,-1.865196704,2.071859743,-1.684989424,14.11320949,1.599140599,1.769973094,3.032455532,145.3883389,5.983127663,4.065330023,8.380326605,3.7876937,2.199331678,4.356829969,1.43643578,3.927700219,0.803543161,2.241875356,0.429549359,1.148715456,0.68,70.79892376,6.795207373,3.004496065,1.889429225,75.95507936,0,0,0,0,0,0,0,0,0,0,0,69.44720953,7.140364542,0,0,45.18174125,0,0,0,0,0,31.40583282,0,0,0,0,0,45.18174125,0,0,7.140364542,0,24.26546827,0,0,0,0,0,0,0,0,0,0,7.140364542,0,0,69.44720953,0,2.588918519,4.586266667,0,0,0,0,8.398148148,0,0,0,0,8,0,0,0,0,0,1,0,1,0,0,2,0,0,0,0,1,2.8958,51.876,0,0,0,0,0,0,0,0,0,0,0,0,0,0,0,0,0,0,0,0,0,0,0,0,0,0,0,0,0,0,0,0,0,0,1,0,0,0,0,0,0,0,0,0,2,0,0,0,0,0,0,0,0,0,0,0,0,0,0,0,0,0,0,0,0,0,0,0,0,0,0,0,0,0,0,0,0,0,0,0,0,0,0,0,0,0.75,1,1.25,0,0
C,70,diiodomethane (DIM),BTR-Cl:Y6,1,溶剂添加剂,ITO/PEDOT:PSS/BTR-Cl:Y6/PDINO/Ag,ICI,0.852,25.3,70.7,15.2,1.39399887,2.275,2.275,1.19,1.19,0.463980271,6,267.835,265.819,267.8245961,20,0,0.051622523,-0.074763172,0.074763172,0.051622523,126.9224047,11.99359529,1.40453216,-1.426672808,1.857229905,-1.174029905,14.19578266,2.578217339,0.918295834,1.632993162,2.754887502,2.707106781,1.463035727,5.77803231,1.414213562,0.534522484,3.585685828,0.101015254,4.54568645,0,0,0,0,1.46,2.754887502,4.46,3.46,3.46,47.26292727,0,0,0,0,0,0,0,0,0,0,45.18174125,0,0,2.434283182,0,45.18174125,0,0,0,0,2.434283182,0,0,0,0,0,0,45.18174125,2.434283182,0,0,0,0,0,0,0,0,0,0,0,0,0,0,2.434283182,0,0,45.18174125,0,1.19,4.55,0,0,0,0,0,0,0,0,1,3,0,0,0,0,0,0,0,0,0,0,2,0,0,0,0,0,1.8139,32.907,0,0,0,0,0,0,0,0,0,0,0,0,0,0,0,0,0,0,0,0,0,0,0,0,0,2,0,0,0,0,0,0,0,0,0,0,0,0,0,0,0,0,0,0,2,0,0,0,0,0,0,0,0,0,0,0,0,0,0,0,0,0,0,0,0,0,0,0,0,0,0,0,0,0,0,0,0,0,0,0,0,0,0,0,0,1.333333333,1.333333333,1.333333333,0,0
C,72,"1,3,5-tribromobenzene (TBB)",PM6:L8-BO,1,固体添加剂,glass/ITO/PEDOT:PSS/PM6:L8-BO/PNDIT-F3N/Ag,BrC1=CC(Br)=CC(Br)=C1,0.89,26.35,77.15,18.09,1.30635082,3.352916667,3.352916667,1.072916667,1.072916667,0.679431348,9.666666667,314.802,311.778,311.7784864,48,0,0.019719819,-0.050756148,0.050756148,0.019719819,79.92079564,10.37181456,1.911007289,-1.922916515,2.225176642,-1.662625367,9.112945151,1.558148535,1.588091448,3.16567031,169.0651777,6.853371151,4.365944227,9.123933844,4.18154055,2.298997517,4.677992326,1.587666373,4.334692959,0.827326835,2.200840129,0.520178761,2.921509924,0.66,85.75693819,7.763519669,3.170355912,2.396618674,79.03404594,0,0,0,0,0,0,0,0,0,0,47.78983169,18.19910121,13.41815855,0,0,47.78983169,0,0,0,0,0,31.61725975,0,0,0,0,0,47.78983169,0,0,0,0,31.61725975,0,0,0,0,0,0,0,0,0,13.41815855,0,0,18.19910121,47.78983169,0,3.21875,10.05875,0,0,0,0,5.9725,0,0,0,0,9,0,0,0,0,0,1,0,1,0,0,3,0,0,0,0,1,3.9741,49.542,0,0,0,0,0,0,0,0,0,0,0,0,0,0,0,0,0,0,0,0,0,0,0,0,0,0,0,0,0,0,0,0,0,0,1,0,0,0,0,0,0,0,0,0,3,0,0,0,0,0,0,0,0,0,0,0,0,0,0,0,0,0,0,0,0,0,0,0,0,0,0,0,0,0,0,0,0,0,0,0,0,0,0,0,0,0.666666667,0.888888889,1.111111111,0,0
C,73,2-(2-methoxyphenyl)benzo[b]thiophene (BTO),PM6:L8-BO,1,固体添加剂,ITO/PEDOT:PSS/PM6/L8-BO/PDIN/Ag,COC1=CC=CC=C1/C1=C/C2=CC=CC=C2S1,0.852,26.6,79,19.05,1.02957359,5.402405045,5.402405045,0.929681595,0.929681595,0.636899626,10.64705882,240.327,228.231,240.060886,84,0,0.127000642,-0.496083143,0.496083143,0.127000642,32.133532,10.12978247,2.075914629,-2.045528902,2.37282898,-1.843285873,7.218280829,0.416321651,2.819063498,2.200599355,621.5855193,11.66492594,9.512649004,10.32914558,8.381341395,5.502671534,6.319168115,3.848760057,4.932537013,2.797954982,3.947330744,1.962811908,3.055645062,-1.8,17176.55389,10.36008653,4.224793388,1.806990185,104.2890125,4.736862954,5.749511833,0,0,0,0,0,0,0,11.33678588,30.33183534,29.65169249,15.1405186,7.109797541,4.736862954,21.42293001,0,0,0,0,7.109797541,54.59730362,0,16.19011052,4.736862954,0,5.749511833,11.33678588,7.109797541,0,0,0,54.59730362,0,20.52674282,0,9.23,0,0,0,0,0,11.31296332,14.96329132,18.44658342,18.19910121,36.39820241,4.736862954,6.715744048,1.799907407,1.25337963,1.290190854,1.163148148,0.929681595,18.80017621,0,0,1.714438776,0.066666667,17,0,1,0,0,0,2,1,3,2,0,2,2,0,0,0,3,4.5769,73.813,0,0,0,0,0,0,0,0,0,0,0,0,0,0,0,0,0,0,0,0,0,0,0,0,0,0,0,0,0,0,0,0,0,0,2,0,1,0,0,0,0,1,0,0,0,0,0,0,0,0,0,0,0,0,0,1,0,0,0,0,0,0,0,0,1,0,0,0,0,0,0,0,0,0,0,0,0,0,0,0,0,0,1,0,0,0.941176471,1.705882353,2.529411765,0,0
C,73,2-(2-methoxyphenyl)benzo[b]thiophene (BTO),D18:L8-BO,1,固体添加剂,ITO/PEDOT:PSS/D18/L8-BO/PDIN/Ag,COC1=CC=CC=C1/C1=C/C2=CC=CC=C2S1,0.912,26.2,80.2,19.16,1.02957359,5.402405045,5.402405045,0.929681595,0.929681595,0.636899626,10.64705882,240.327,228.231,240.060886,84,0,0.127000642,-0.496083143,0.496083143,0.127000642,32.133532,10.12978247,2.075914629,-2.045528902,2.37282898,-1.843285873,7.218280829,0.416321651,2.819063498,2.200599355,621.5855193,11.66492594,9.512649004,10.32914558,8.381341395,5.502671534,6.319168115,3.848760057,4.932537013,2.797954982,3.947330744,1.962811908,3.055645062,-1.8,17176.55389,10.36008653,4.224793388,1.806990185,104.2890125,4.736862954,5.749511833,0,0,0,0,0,0,0,11.33678588,30.33183534,29.65169249,15.1405186,7.109797541,4.736862954,21.42293001,0,0,0,0,7.109797541,54.59730362,0,16.19011052,4.736862954,0,5.749511833,11.33678588,7.109797541,0,0,0,54.59730362,0,20.52674282,0,9.23,0,0,0,0,0,11.31296332,14.96329132,18.44658342,18.19910121,36.39820241,4.736862954,6.715744048,1.799907407,1.25337963,1.290190854,1.163148148,0.929681595,18.80017621,0,0,1.714438776,0.066666667,17,0,1,0,0,0,2,1,3,2,0,2,2,0,0,0,3,4.5769,73.813,0,0,0,0,0,0,0,0,0,0,0,0,0,0,0,0,0,0,0,0,0,0,0,0,0,0,0,0,0,0,0,0,0,0,2,0,1,0,0,0,0,1,0,0,0,0,0,0,0,0,0,0,0,0,0,1,0,0,0,0,0,0,0,0,1,0,0,0,0,0,0,0,0,0,0,0,0,0,0,0,0,0,1,0,0,0.941176471,1.705882353,2.529411765,0,0
C,74,"1,3,5-tribromobenzene (TBB)",PM6:Y6,1,卤化挥发性固体添加剂,ITO/PEDOT:PSS/active layer/PDIN/Ag,BrC1=CC(Br)=CC(Br)=C1,0.837,27.3,78.3,17.9,1.30635082,3.352916667,3.352916667,1.072916667,1.072916667,0.679431348,9.666666667,314.802,311.778,311.7784864,48,0,0.019719819,-0.050756148,0.050756148,0.019719819,79.92079564,10.37181456,1.911007289,-1.922916515,2.225176642,-1.662625367,9.112945151,1.558148535,1.588091448,3.16567031,169.0651777,6.853371151,4.365944227,9.123933844,4.18154055,2.298997517,4.677992326,1.587666373,4.334692959,0.827326835,2.200840129,0.520178761,2.921509924,0.66,85.75693819,7.763519669,3.170355912,2.396618674,79.03404594,0,0,0,0,0,0,0,0,0,0,47.78983169,18.19910121,13.41815855,0,0,47.78983169,0,0,0,0,0,31.61725975,0,0,0,0,0,47.78983169,0,0,0,0,31.61725975,0,0,0,0,0,0,0,0,0,13.41815855,0,0,18.19910121,47.78983169,0,3.21875,10.05875,0,0,0,0,5.9725,0,0,0,0,9,0,0,0,0,0,1,0,1,0,0,3,0,0,0,0,1,3.9741,49.542,0,0,0,0,0,0,0,0,0,0,0,0,0,0,0,0,0,0,0,0,0,0,0,0,0,0,0,0,0,0,0,0,0,0,1,0,0,0,0,0,0,0,0,0,3,0,0,0,0,0,0,0,0,0,0,0,0,0,0,0,0,0,0,0,0,0,0,0,0,0,0,0,0,0,0,0,0,0,0,0,0,0,0,0,0,0.666666667,0.888888889,1.111111111,0,0
C,74,"1,3,5-trichlorobenzene (TCB)",PM6:Y6,1,卤化挥发性固体添加剂,ITO/PEDOT:PSS/active layer/PDIN/Ag,ClC1=CC(Cl)=CC(Cl)=C1,0.82,26.9,78.6,16.9,1.46085927,5.581358025,5.581358025,0.5625,0.5625,0.573089121,9.666666667,181.449,178.425,179.9300331,48,0,0.04351141,-0.084233321,0.084233321,0.04351141,35.49797714,10.35900073,1.921952586,-1.912755073,2.211839171,-1.652252581,6.377248408,1.704714412,1.588091448,3.16567031,169.0651777,6.853371151,4.365944227,6.633731065,4.18154055,2.298997517,3.432890936,1.587666373,2.896973714,0.827326835,1.481980506,0.520178761,1.393014894,0.09,85.75693819,7.200011001,2.782200282,2.052723741,68.3412018,0,0,0,0,0,0,0,0,0,0,34.80281967,18.19910121,15.06789994,0,0,34.80281967,0,0,0,0,0,33.26700115,0,0,0,0,0,34.80281967,0,0,0,0,18.19910121,15.06789994,0,0,0,0,0,0,0,15.06789994,0,0,18.19910121,0,0,34.80281967,0,16.74407407,0,1.6875,0,0,4.901759259,0,0,0,0,9,0,0,0,0,0,1,0,1,0,0,3,0,0,0,0,1,3.6468,41.472,0,0,0,0,0,0,0,0,0,0,0,0,0,0,0,0,0,0,0,0,0,0,0,0,0,0,0,0,0,0,0,0,0,0,1,0,0,0,0,0,0,0,0,0,3,0,0,0,0,0,0,0,0,0,0,0,0,0,0,0,0,0,0,0,0,0,0,0,0,0,0,0,0,0,0,0,0,0,0,0,0,0,0,0,0,0.666666667,0.888888889,1.111111111,0,0
C,74,"1,3,5-triiodobenzene (TIB)",PM6:Y6,1,卤化挥发性固体添加剂,ITO/PEDOT:PSS/active layer/PDIN/Ag,IC1=CC(I)=CC(I)=C1,0.836,26.5,77.6,17.2,1.14286446,2.321466667,2.321466667,1.309166667,1.309166667,0.525405495,9.666666667,455.802,452.778,455.7368941,48,0,0.015085684,-0.044237567,0.044237567,0.015085684,126.9147405,10.37471904,1.908906556,-1.92492926,2.146988702,-1.763104251,14.11538309,1.54687223,1.588091448,3.16567031,169.0651777,6.853371151,4.365944227,10.8384391,4.18154055,2.298997517,5.535244954,1.587666373,5.32456303,0.827326835,2.695775164,0.520178761,4.320722033,1.41,85.75693819,8.506061479,3.70104239,2.873217373,95.21691748,0,0,0,0,0,0,0,0,0,0,0,85.97171309,10.71054681,0,0,67.77261188,0,0,0,0,0,28.90964802,0,0,0,0,0,67.77261188,0,0,10.71054681,0,18.19910121,0,0,0,0,0,0,0,0,0,0,10.71054681,0,0,85.97171309,0,3.9275,6.9644,0,0,0,0,6.4681,0,0,0,0,9,0,0,0,0,0,1,0,1,0,0,3,0,0,0,0,1,3.5004,64.593,0,0,0,0,0,0,0,0,0,0,0,0,0,0,0,0,0,0,0,0,0,0,0,0,0,0,0,0,0,0,0,0,0,0,1,0,0,0,0,0,0,0,0,0,3,0,0,0,0,0,0,0,0,0,0,0,0,0,0,0,0,0,0,0,0,0,0,0,0,0,0,0,0,0,0,0,0,0,0,0,0,0,0,0,0,0.666666667,0.888888889,1.111111111,0,0
C,75,phenoxathiin (Ph),D18-Cl:N3,1,高结晶性挥发性固体添加剂,ITO/PEDOT:PSS/active layer/PDIN/Ag,O1C2=CC=CC=C2SC2=CC=CC=C12,0.863,27.5,77.82,18.47,1.45433882,5.756574074,5.756574074,0.954814815,0.954814815,0.543195199,12.57142857,200.262,192.198,200.0295859,68,0,0.140899212,-0.454991347,0.454991347,0.140899212,32.16658046,10.28980158,2.150910323,-2.180739273,2.457114738,-1.929497723,7.992415413,0.454349558,2.26050622,2.124918322,391.7528749,9.380468889,7.435298734,8.251795315,6.93265299,4.471197119,5.2876937,3.097594251,4.181371208,2.138149928,3.252510788,1.474530781,2.425272493,-1.41,3255.128956,7.94478261,3.065933021,1.191529677,86.71932143,4.736862954,11.49902367,0,0,0,0,0,0,0,0,36.02735322,24.26546827,0,9.790966951,4.736862954,11.76188495,0,0,0,9.790966951,0,48.53093655,0,11.49902367,4.736862954,0,11.49902367,11.76188495,0,0,0,0,58.3219035,0,0,0,9.23,0,0,0,0,0,11.49902367,9.790966951,11.76188495,36.39820241,12.13273414,4.736862954,5.756574074,1.7575,2.372592593,0,0,1.90962963,16.2037037,0,0,0,0,14,0,1,0,1,1,2,0,2,2,0,2,0,0,0,0,3,3.9435,57.081,0,0,0,0,0,0,0,0,0,0,0,0,0,0,0,0,0,0,0,0,0,0,0,0,0,0,0,0,0,0,0,0,0,0,2,0,2,0,0,0,0,1,0,0,0,0,0,0,0,0,0,0,0,0,0,0,0,0,0,0,0,0,0,0,2,0,0,0,0,0,0,0,0,0,0,0,0,0,0,0,0,0,0,0,0,0.714285714,1.214285714,1.785714286,0,0
C,76,"2,4,6-trichloro-1,3,5-triazine (TCT)",D18:L8-BO,1,挥发性固体添加剂,ITO/PEDOT:PSS/active layer/PDINN/Ag,ClC1=NC(Cl)=NC(Cl)=N1,0.925,26.5,79.55,19.5,2.90E-06,5.319135802,5.319135802,4.44E-16,4.44E-16,0.61736744,9.666666667,184.413,184.413,182.91578,48,0,0.227459815,-0.186832365,0.227459815,0.186832365,35.49799823,11.06504986,1.970341522,-1.883457528,2.082330897,-1.868737067,6.330323661,1.048417614,1.588091448,3.16567031,175.0651777,6.853371151,3.975534206,6.243321044,4.18154055,1.908587496,3.042480915,1.142502749,2.156687855,0.553546276,1.060638829,0.303387124,0.913491746,-0.12,85.75693819,6.992612613,2.642835992,1.93040302,66.00014574,0,0,0,15.85075896,0,0,0,0,14.95193556,0,0,34.80281967,0,0,0,34.80281967,0,14.95193556,0,0,0,15.85075896,0,0,0,0,0,34.80281967,14.95193556,0,0,0,0,15.85075896,0,0,38.67,0,0,0,15.85075896,0,0,0,0,0,14.95193556,34.80281967,0,15.95740741,10.37592593,1.78E-15,0,0,0,0,0,0,0,9,0,3,0,0,0,0,1,1,3,0,6,0,0,0,0,1,1.8318,34.857,0,0,0,0,0,3,0,0,0,0,0,0,0,0,0,3,0,0,0,0,0,0,0,0,0,0,0,0,0,0,0,0,0,0,0,0,0,0,0,0,0,0,0,0,3,0,0,0,0,0,0,0,0,0,0,0,0,0,0,0,0,0,0,0,0,0,0,0,0,0,0,0,0,0,0,0,0,0,0,0,0,0,0,0,0,0.666666667,0.888888889,1.111111111,0,0
C,77,DBM,PM6:Y6,1,挥发性固体添加剂,ITO/PEDOT:PSS/active layer/PDINN/Ag,C(C(=O)C1=CC=CC=C1)C(=O)C1=CC=CC=C1,0.83,28.7,78.1,18.7,4.85349384,11.807577,11.807577,0.07537037,-0.139395314,0.590231549,9.882352941,224.259,212.163,224.0837296,84,0,0.170103838,-0.293682656,0.293682656,0.170103838,16.14853198,10.01758736,2.120927769,-2.003555613,2.079173037,-2.077644351,6.129599285,0.089405234,2.4041654,2.079926563,465.6327878,12.08757567,9.297106054,9.297106054,8.270856948,5.436722277,5.436722277,3.755180173,3.755180173,2.51264295,2.51264295,1.598040614,1.598040614,-2.22,10155.19465,11.27090713,5.212185201,2.877225975,99.90636787,0,0,11.56648989,0,0,0,9.589074368,0,0,0,60.66367068,0,11.12690298,6.420821623,9.589074368,11.56648989,0,0,0,6.420821623,0,71.79057367,0,0,0,0,0,0,11.56648989,0,0,27.13679897,60.66367068,0,0,0,34.14,0,9.589074368,0,17.98731152,11.12690298,0,0,48.53093655,12.13273414,0,0,0,0,23.61515401,0,1.160705782,-0.278790627,17.74496788,-0.07537037,0,0,0.066666667,17,0,2,0,0,0,2,0,2,2,0,2,4,0,0,0,2,3.1423,66.162,0,0,0,0,0,0,0,0,0,0,2,2,0,0,0,0,0,0,0,0,0,0,0,0,0,0,0,0,0,0,0,0,0,0,2,0,0,0,0,0,0,0,0,0,0,0,0,0,0,0,0,2,2,0,0,0,0,0,0,0,0,0,0,0,0,0,0,0,0,0,0,0,0,0,0,0,0,0,0,0,0,0,0,0,0,0.647058824,1,1.352941176,0,0
C,77,DBM,PM6:BTP-eC9,1,挥发性固体添加剂,ITO/PEDOT:PSS/active layer/PDINN/Ag,C(C(=O)C1=CC=CC=C1)C(=O)C1=CC=CC=C1,0.844,28.2,77.8,18.5,4.85349384,11.807577,11.807577,0.07537037,-0.139395314,0.590231549,9.882352941,224.259,212.163,224.0837296,84,0,0.170103838,-0.293682656,0.293682656,0.170103838,16.14853198,10.01758736,2.120927769,-2.003555613,2.079173037,-2.077644351,6.129599285,0.089405234,2.4041654,2.079926563,465.6327878,12.08757567,9.297106054,9.297106054,8.270856948,5.436722277,5.436722277,3.755180173,3.755180173,2.51264295,2.51264295,1.598040614,1.598040614,-2.22,10155.19465,11.27090713,5.212185201,2.877225975,99.90636787,0,0,11.56648989,0,0,0,9.589074368,0,0,0,60.66367068,0,11.12690298,6.420821623,9.589074368,11.56648989,0,0,0,6.420821623,0,71.79057367,0,0,0,0,0,0,11.56648989,0,0,27.13679897,60.66367068,0,0,0,34.14,0,9.589074368,0,17.98731152,11.12690298,0,0,48.53093655,12.13273414,0,0,0,0,23.61515401,0,1.160705782,-0.278790627,17.74496788,-0.07537037,0,0,0.066666667,17,0,2,0,0,0,2,0,2,2,0,2,4,0,0,0,2,3.1423,66.162,0,0,0,0,0,0,0,0,0,0,2,2,0,0,0,0,0,0,0,0,0,0,0,0,0,0,0,0,0,0,0,0,0,0,2,0,0,0,0,0,0,0,0,0,0,0,0,0,0,0,0,2,2,0,0,0,0,0,0,0,0,0,0,0,0,0,0,0,0,0,0,0,0,0,0,0,0,0,0,0,0,0,0,0,0,0.647058824,1,1.352941176,0,0
C,77,DBM,D18:L8-BO,1,挥发性固体添加剂,ITO/PEDOT:PSS/active layer/PDINN/Ag,C(C(=O)C1=CC=CC=C1)C(=O)C1=CC=CC=C1,0.883,27.3,80.6,19.4,4.85349384,11.807577,11.807577,0.07537037,-0.139395314,0.590231549,9.882352941,224.259,212.163,224.0837296,84,0,0.170103838,-0.293682656,0.293682656,0.170103838,16.14853198,10.01758736,2.120927769,-2.003555613,2.079173037,-2.077644351,6.129599285,0.089405234,2.4041654,2.079926563,465.6327878,12.08757567,9.297106054,9.297106054,8.270856948,5.436722277,5.436722277,3.755180173,3.755180173,2.51264295,2.51264295,1.598040614,1.598040614,-2.22,10155.19465,11.27090713,5.212185201,2.877225975,99.90636787,0,0,11.56648989,0,0,0,9.589074368,0,0,0,60.66367068,0,11.12690298,6.420821623,9.589074368,11.56648989,0,0,0,6.420821623,0,71.79057367,0,0,0,0,0,0,11.56648989,0,0,27.13679897,60.66367068,0,0,0,34.14,0,9.589074368,0,17.98731152,11.12690298,0,0,48.53093655,12.13273414,0,0,0,0,23.61515401,0,1.160705782,-0.278790627,17.74496788,-0.07537037,0,0,0.066666667,17,0,2,0,0,0,2,0,2,2,0,2,4,0,0,0,2,3.1423,66.162,0,0,0,0,0,0,0,0,0,0,2,2,0,0,0,0,0,0,0,0,0,0,0,0,0,0,0,0,0,0,0,0,0,0,2,0,0,0,0,0,0,0,0,0,0,0,0,0,0,0,0,2,2,0,0,0,0,0,0,0,0,0,0,0,0,0,0,0,0,0,0,0,0,0,0,0,0,0,0,0,0,0,0,0,0,0.647058824,1,1.352941176,0,0
C,78,MN,PM6/BTP-eC9,1,挥发性固体添加剂,ITO/PEDOT:PSS/active layer/PFN-Br/Al,COC(=O)C1=CC=CN=C1,0.85,27.64,78.44,18.42,2.12222263,10.7512037,10.7512037,0.353611111,-0.353611111,0.538889583,8.9,137.138,130.082,137.0476785,52,0,0.338921629,-0.46537693,0.46537693,0.338921629,16.52328657,10.28575173,2.010604466,-1.943013795,1.957046989,-1.999204318,5.882099099,0.060003165,2.048167391,2.852627929,220.307533,7.397341225,5.573111253,5.573111253,4.842535255,2.826911296,2.826911296,1.733282023,1.733282023,1.082634604,1.082634604,0.60135601,0.60135601,-1.38,237.5874173,6.736009281,2.96088757,1.312840333,58.65600266,4.736862954,0,0,0,0,5.969305288,4.983978521,4.794537184,0,0,0,12.13273414,12.39368714,12.67324903,9.531400138,5.969305288,0,4.983978521,0,0,7.109797541,30.08987277,0,0,0,0,0,0,18.06308135,4.736862954,0,10.35798868,24.52642128,0,0,0,39.19,0,4.794537184,0,5.969305288,5.563451492,0,13.30664111,18.32957771,0,9.720841475,0,4.457314815,0,14.50407407,0,0.476851852,-0.353611111,3.33837963,3.067731481,0,1.342592593,0.142857143,10,0,3,0,0,0,0,1,1,3,0,3,1,0,0,0,1,0.8682,35.5765,0,0,0,0,0,1,0,0,0,0,1,1,0,0,0,1,0,0,0,0,0,0,0,0,0,0,0,0,0,0,0,0,0,0,0,0,0,0,0,0,1,1,0,0,0,0,0,0,0,0,0,0,0,0,0,1,0,0,0,0,0,0,0,0,0,0,0,0,0,0,0,0,0,1,0,0,0,0,0,0,0,0,0,0,0,1.7,2.5,3,0,0
C,79,BT,PM6:Y6,1,挥发性固体添加剂,ITO/PEDOT:PSS/active layer/PDINN/Ag,C1=C/C=C2/SC=C/C2=C/1,0.859,26.94,79.5,18.39,0.10627975,2.138888889,2.138888889,1.349537037,1.349537037,0.51937561,10.22222222,134.203,128.155,134.0190212,44,0,0.03421945,-0.143822379,0.143822379,0.03421945,32.13344453,10.26629328,1.873556925,-1.817377556,2.182723081,-1.556856822,7.166863271,1.856194035,2.332743027,2.95465979,278.5454212,6.104448007,4.872349906,5.688846487,4.466326495,2.889185143,3.768837954,1.958426645,2.906120838,1.36162018,2.259504624,0.906177033,1.696736386,-0.82,254.26899,5.00399457,1.848446213,0.73591377,57.75343092,0,0,0,0,0,0,0,0,0,11.33678588,18.19910121,22.89902112,4.699919916,0,0,21.42293001,0,0,0,0,0,35.71189811,0,0,0,0,0,11.33678588,0,0,0,0,35.71189811,0,10.08614413,0,0,0,0,0,0,0,0,10.08614413,11.33678588,0,35.71189811,0,1.372685185,1.787314815,0,3.465277778,0,0,10.54138889,0,0,0,0,9,0,0,0,0,0,1,1,2,1,0,1,0,0,0,0,2,2.9013,41.825,0,0,0,0,0,0,0,0,0,0,0,0,0,0,0,0,0,0,0,0,0,0,0,0,0,0,0,0,0,0,0,0,0,0,1,0,1,0,0,0,0,0,0,0,0,0,0,0,0,0,0,0,0,0,0,0,0,0,0,0,0,0,0,0,0,0,0,0,0,0,0,0,0,0,0,0,0,0,0,0,0,0,1,0,0,1,1.888888889,2.777777778,0,0
C,79,BT,PMZ-10:Y6,1,挥发性固体添加剂,ITO/PEDOT:PSS/active layer/PDINN/Ag,C1=C/C=C2/SC=C/C2=C/1,0.87,27.48,79.6,19.03,0.10627975,2.138888889,2.138888889,1.349537037,1.349537037,0.51937561,10.22222222,134.203,128.155,134.0190212,44,0,0.03421945,-0.143822379,0.143822379,0.03421945,32.13344453,10.26629328,1.873556925,-1.817377556,2.182723081,-1.556856822,7.166863271,1.856194035,2.332743027,2.95465979,278.5454212,6.104448007,4.872349906,5.688846487,4.466326495,2.889185143,3.768837954,1.958426645,2.906120838,1.36162018,2.259504624,0.906177033,1.696736386,-0.82,254.26899,5.00399457,1.848446213,0.73591377,57.75343092,0,0,0,0,0,0,0,0,0,11.33678588,18.19910121,22.89902112,4.699919916,0,0,21.42293001,0,0,0,0,0,35.71189811,0,0,0,0,0,11.33678588,0,0,0,0,35.71189811,0,10.08614413,0,0,0,0,0,0,0,0,10.08614413,11.33678588,0,35.71189811,0,1.372685185,1.787314815,0,3.465277778,0,0,10.54138889,0,0,0,0,9,0,0,0,0,0,1,1,2,1,0,1,0,0,0,0,2,2.9013,41.825,0,0,0,0,0,0,0,0,0,0,0,0,0,0,0,0,0,0,0,0,0,0,0,0,0,0,0,0,0,0,0,0,0,0,1,0,1,0,0,0,0,0,0,0,0,0,0,0,0,0,0,0,0,0,0,0,0,0,0,0,0,0,0,0,0,0,0,0,0,0,0,0,0,0,0,0,0,0,0,0,0,0,1,0,0,1,1.888888889,2.777777778,0,0
C,80,D1-Cl,PM6:L8-BO,1,固体添加剂,ITO/PEDOT:PSS/active layer/PDINN/Ag,ClC1=C(C2=CC=CS2)C=C(Cl)C(C2=CC=CS2)=C1,0.886,26.62,78.8,18.59,0.5749367,6.362371504,6.362371504,0.740972222,0.740972222,0.509892783,10.77777778,311.258,303.194,309.9444476,90,0,0.049958808,-0.143788231,0.143788231,0.049958808,35.49678881,10.0923026,2.1129906,-2.070442709,2.39714188,-1.805808273,7.135978211,1.679464809,3.018613284,2.14603912,595.4261525,12.53516943,9.19122768,12.33607873,8.754020195,5.323001425,7.838235994,3.766503506,6.476292145,2.629994398,5.061707343,1.788113395,3.944548994,-0.8,27206.76153,12.24492188,5.05899654,2.214799399,123.4328505,0,0,0,0,0,0,0,0,0,22.67357176,35.33461392,35.02559381,30.926464,0,0,45.87545154,0,0,0,0,0,57.20359458,0,20.88119737,0,0,0,45.87545154,0,0,0,0,47.15832795,10.04526663,20.88119737,0,0,0,0,0,0,0,30.926464,0,22.67357176,47.15832795,0,23.20187978,0,16.0482304,2.277091837,5.550889288,1.994394054,0,12.01828331,0,0,0,0,18,0,0,0,0,0,1,2,3,2,0,4,2,0,0,0,3,6.4504,83.088,0,0,0,0,0,0,0,0,0,0,0,0,0,0,0,0,0,0,0,0,0,0,0,0,0,0,0,0,0,0,0,0,0,0,1,0,0,0,0,0,0,0,0,0,2,0,0,0,0,0,0,0,0,0,0,0,0,0,0,0,0,0,0,0,0,0,0,0,0,0,0,0,0,0,0,0,0,0,0,0,0,0,2,0,0,0.722222222,1.166666667,1.5,0,0
C,80,D1-Cl,D18:L8-BO,1,固体添加剂,ITO/PEDOT:PSS/active layer/PDINN/Ag,ClC1=C(C2=CC=CS2)C=C(Cl)C(C2=CC=CS2)=C1,0.914,26.48,79.7,19.29,0.5749367,6.362371504,6.362371504,0.740972222,0.740972222,0.509892783,10.77777778,311.258,303.194,309.9444476,90,0,0.049958808,-0.143788231,0.143788231,0.049958808,35.49678881,10.0923026,2.1129906,-2.070442709,2.39714188,-1.805808273,7.135978211,1.679464809,3.018613284,2.14603912,595.4261525,12.53516943,9.19122768,12.33607873,8.754020195,5.323001425,7.838235994,3.766503506,6.476292145,2.629994398,5.061707343,1.788113395,3.944548994,-0.8,27206.76153,12.24492188,5.05899654,2.214799399,123.4328505,0,0,0,0,0,0,0,0,0,22.67357176,35.33461392,35.02559381,30.926464,0,0,45.87545154,0,0,0,0,0,57.20359458,0,20.88119737,0,0,0,45.87545154,0,0,0,0,47.15832795,10.04526663,20.88119737,0,0,0,0,0,0,0,30.926464,0,22.67357176,47.15832795,0,23.20187978,0,16.0482304,2.277091837,5.550889288,1.994394054,0,12.01828331,0,0,0,0,18,0,0,0,0,0,1,2,3,2,0,4,2,0,0,0,3,6.4504,83.088,0,0,0,0,0,0,0,0,0,0,0,0,0,0,0,0,0,0,0,0,0,0,0,0,0,0,0,0,0,0,0,0,0,0,1,0,0,0,0,0,0,0,0,0,2,0,0,0,0,0,0,0,0,0,0,0,0,0,0,0,0,0,0,0,0,0,0,0,0,0,0,0,0,0,0,0,0,0,0,0,0,0,2,0,0,0.722222222,1.166666667,1.5,0,0
C,80,D1-Cl,D18:BTP-eC9,1,固体添加剂,ITO/PEDOT:PSS/active layer/PDINN/Ag,ClC1=C(C2=CC=CS2)C=C(Cl)C(C2=CC=CS2)=C1,0.872,28.08,79.3,19.39,0.5749367,6.362371504,6.362371504,0.740972222,0.740972222,0.509892783,10.77777778,311.258,303.194,309.9444476,90,0,0.049958808,-0.143788231,0.143788231,0.049958808,35.49678881,10.0923026,2.1129906,-2.070442709,2.39714188,-1.805808273,7.135978211,1.679464809,3.018613284,2.14603912,595.4261525,12.53516943,9.19122768,12.33607873,8.754020195,5.323001425,7.838235994,3.766503506,6.476292145,2.629994398,5.061707343,1.788113395,3.944548994,-0.8,27206.76153,12.24492188,5.05899654,2.214799399,123.4328505,0,0,0,0,0,0,0,0,0,22.67357176,35.33461392,35.02559381,30.926464,0,0,45.87545154,0,0,0,0,0,57.20359458,0,20.88119737,0,0,0,45.87545154,0,0,0,0,47.15832795,10.04526663,20.88119737,0,0,0,0,0,0,0,30.926464,0,22.67357176,47.15832795,0,23.20187978,0,16.0482304,2.277091837,5.550889288,1.994394054,0,12.01828331,0,0,0,0,18,0,0,0,0,0,1,2,3,2,0,4,2,0,0,0,3,6.4504,83.088,0,0,0,0,0,0,0,0,0,0,0,0,0,0,0,0,0,0,0,0,0,0,0,0,0,0,0,0,0,0,0,0,0,0,1,0,0,0,0,0,0,0,0,0,2,0,0,0,0,0,0,0,0,0,0,0,0,0,0,0,0,0,0,0,0,0,0,0,0,0,0,0,0,0,0,0,0,0,0,0,0,0,2,0,0,0.722222222,1.166666667,1.5,0,0
C,81,Th-ClSi,PM6:L8-BO,1,高沸点液体添加剂,ITO/PEDOT:PSS-TA/PM6:L8-BO/PFN-Br-MA/Ag,S1C([Si](C)(C)C)=C(Cl)C(Cl)=C1[Si](C)(C)C,0.897,26.28,77.6,18.29,1.45188411,6.34003858,6.34003858,0.831720679,-1.342878086,0.719576937,13.33333333,297.399,279.255,296.00448,86,0,0.092401744,-0.151588258,0.151588258,0.092401744,35.49826593,10.6432331,2.306318601,-2.151560613,2.277917798,-2.381023615,7.364882095,1.770582467,2.258169545,3.379646493,337.4997117,12.01650786,10.16417724,14.49253171,6.548547388,5.036212763,13.60863829,5.888274836,18.38956938,2.157906851,11.87947008,1.355680952,9.26994235,0.713766234,1167.473655,13.7774047,4.185101097,2.884642348,108.629926,0,0,0,0,0,0,0,0,11.33678588,0,62.4839479,0,9.000842695,26.19301123,0,59.68725295,0,0,0,39.28206812,0,10.04526663,0,0,9.000842695,0,0,34.53866566,16.1477446,0,0,0,0,49.32733475,0,0,0,16.1477446,0,0,0,0,10.04526663,9.000842695,0,11.33678588,39.28206812,23.20187978,2.706651235,14.53964506,0,1.663441358,0,0,0,0,13.88712963,-2.685756173,0.6,15,0,0,0,0,0,0,1,1,1,0,5,2,0,0,0,1,4.1453,80.299,0,0,0,0,0,0,0,0,0,0,0,0,0,0,0,0,0,0,0,0,0,0,0,0,0,0,0,0,0,0,0,0,0,0,0,0,0,0,0,0,0,0,0,0,2,0,0,0,0,0,0,0,0,0,0,0,0,0,0,0,0,0,0,0,0,0,0,0,0,0,0,0,0,0,0,0,0,0,0,0,0,0,1,0,0,0.733333333,1,1.133333333,0,0
C,81,Th-ClSi,PM6:L8-BO:BTP-eC9,1,高沸点液体添加剂,ITO/PEDOT:PSS-TA/PM6:L8-BO:BTP-eC9/PFN-Br-MA/Ag,S1C([Si](C)(C)C)=C(Cl)C(Cl)=C1[Si](C)(C)C,0.886,27.22,79.5,19.17,1.45188411,6.34003858,6.34003858,0.831720679,-1.342878086,0.719576937,13.33333333,297.399,279.255,296.00448,86,0,0.092401744,-0.151588258,0.151588258,0.092401744,35.49826593,10.6432331,2.306318601,-2.151560613,2.277917798,-2.381023615,7.364882095,1.770582467,2.258169545,3.379646493,337.4997117,12.01650786,10.16417724,14.49253171,6.548547388,5.036212763,13.60863829,5.888274836,18.38956938,2.157906851,11.87947008,1.355680952,9.26994235,0.713766234,1167.473655,13.7774047,4.185101097,2.884642348,108.629926,0,0,0,0,0,0,0,0,11.33678588,0,62.4839479,0,9.000842695,26.19301123,0,59.68725295,0,0,0,39.28206812,0,10.04526663,0,0,9.000842695,0,0,34.53866566,16.1477446,0,0,0,0,49.32733475,0,0,0,16.1477446,0,0,0,0,10.04526663,9.000842695,0,11.33678588,39.28206812,23.20187978,2.706651235,14.53964506,0,1.663441358,0,0,0,0,13.88712963,-2.685756173,0.6,15,0,0,0,0,0,0,1,1,1,0,5,2,0,0,0,1,4.1453,80.299,0,0,0,0,0,0,0,0,0,0,0,0,0,0,0,0,0,0,0,0,0,0,0,0,0,0,0,0,0,0,0,0,0,0,0,0,0,0,0,0,0,0,0,0,2,0,0,0,0,0,0,0,0,0,0,0,0,0,0,0,0,0,0,0,0,0,0,0,0,0,0,0,0,0,0,0,0,0,0,0,0,0,1,0,0,0.733333333,1,1.133333333,0,0
C,83,DIM,D18,1,给电子添加剂,ITO/PEDOT:PSS/donor/acceptor/PDINN/Ag,ICI,0.930 ,26.69,79.82,19.59,1.39399887,2.275,2.275,1.19,1.19,0.463980271,6,267.835,265.819,267.8245961,20,0,0.051622523,-0.074763172,0.074763172,0.051622523,126.9224047,11.99359529,1.40453216,-1.426672808,1.857229905,-1.174029905,14.19578266,2.578217339,0.918295834,1.632993162,2.754887502,2.707106781,1.463035727,5.77803231,1.414213562,0.534522484,3.585685828,0.101015254,4.54568645,0,0,0,0,1.46,2.754887502,4.46,3.46,3.46,47.26292727,0,0,0,0,0,0,0,0,0,0,45.18174125,0,0,2.434283182,0,45.18174125,0,0,0,0,2.434283182,0,0,0,0,0,0,45.18174125,2.434283182,0,0,0,0,0,0,0,0,0,0,0,0,0,0,2.434283182,0,0,45.18174125,0,1.19,4.55,0,0,0,0,0,0,0,0,1,3,0,0,0,0,0,0,0,0,0,0,2,0,0,0,0,0,1.8139,32.907,0,0,0,0,0,0,0,0,0,0,0,0,0,0,0,0,0,0,0,0,0,0,0,0,0,2,0,0,0,0,0,0,0,0,0,0,0,0,0,0,0,0,0,0,2,0,0,0,0,0,0,0,0,0,0,0,0,0,0,0,0,0,0,0,0,0,0,0,0,0,0,0,0,0,0,0,0,0,0,0,0,0,0,0,0,1.333333333,1.333333333,1.333333333,0,0
C,91,DIB,PM6:BTP-eC9,1,固体添加剂,ITO/PEDOT:PSS/active layer/PNDIT-F3N-Br/Ag,IC1=CC=C(I)C=C1,0.835,27.4,77.7,17.8,0.83750645,2.293133333,2.293133333,1.294459259,1.294459259,0.642051393,9.25,329.906,325.874,329.8402461,42,0,0.013054724,-0.047792868,0.047792868,0.013054724,126.913722,10.37614531,1.823583796,-1.865196704,2.071859743,-1.684989424,14.11320949,1.599140599,1.769973094,3.032455532,145.3883389,5.983127663,4.065330023,8.380326605,3.7876937,2.199331678,4.356829969,1.43643578,3.927700219,0.803543161,2.241875356,0.429549359,1.148715456,0.68,70.79892376,6.795207373,3.004496065,1.889429225,75.95507936,0,0,0,0,0,0,0,0,0,0,0,69.44720953,7.140364542,0,0,45.18174125,0,0,0,0,0,31.40583282,0,0,0,0,0,45.18174125,0,0,7.140364542,0,24.26546827,0,0,0,0,0,0,0,0,0,0,7.140364542,0,0,69.44720953,0,2.588918519,4.586266667,0,0,0,0,8.398148148,0,0,0,0,8,0,0,0,0,0,1,0,1,0,0,2,0,0,0,0,1,2.8958,51.876,0,0,0,0,0,0,0,0,0,0,0,0,0,0,0,0,0,0,0,0,0,0,0,0,0,0,0,0,0,0,0,0,0,0,1,0,0,0,0,0,0,0,0,0,2,0,0,0,0,0,0,0,0,0,0,0,0,0,0,0,0,0,0,0,0,0,0,0,0,0,0,0,0,0,0,0,0,0,0,0,0,0,0,0,0,0.75,1,1.25,0,0
C,91,CIB,PM6:BTP-eC9,1,固体添加剂,ITO/PEDOT:PSS/active layer/PNDIT-F3N-Br/Ag,ClC1=CC=C(I)C=C1,0.842,27.7,78.7,18.4,0.18116582,5.608333333,5.608333333,0.796681481,0.796681481,0.609732994,9.25,238.455,234.423,237.9046258,42,0,0.040622344,-0.084343218,0.084343218,0.040622344,126.9127043,10.37081776,1.828288154,-1.860893352,2.096957181,-1.647340048,14.11191545,1.648322802,1.769973094,3.032455532,147.3883389,5.983127663,4.065330023,6.97875726,3.7876937,2.199331678,3.656045297,1.43643578,3.11850378,0.803543161,1.774685574,0.429549359,0.915120565,0.24,70.79892376,6.361359223,2.688486328,1.633981934,66.99650747,0,0,0,0,0,0,0,0,0,0,11.60093989,46.8563389,8.592815585,0,0,34.19181052,0,0,0,0,0,32.85828386,0,0,0,0,0,34.19181052,0,0,3.570182271,0,24.26546827,5.022633314,0,0,0,0,0,0,0,0,5.022633314,3.570182271,0,24.26546827,22.59087063,11.60093989,1.214814815,7.846158025,0,0.796681481,0,0,7.706790123,0,0,0,0,8,0,0,0,0,0,1,0,1,0,0,2,0,0,0,0,1,2.9446,44.169,0,0,0,0,0,0,0,0,0,0,0,0,0,0,0,0,0,0,0,0,0,0,0,0,0,0,0,0,0,0,0,0,0,0,1,0,0,0,0,0,0,0,0,0,2,0,0,0,0,0,0,0,0,0,0,0,0,0,0,0,0,0,0,0,0,0,0,0,0,0,0,0,0,0,0,0,0,0,0,0,0,0,0,0,0,1.125,1.625,2,0,0
C,91,DCB,PM6:BTP-eC9,1,固体添加剂,ITO/PEDOT:PSS/active layer/PNDIT-F3N-Br/Ag,ClC1=CC=C(Cl)C=C1,0.842,27.6,78.5,18.2,1.04520412,5.553024691,5.553024691,0.717037037,0.717037037,0.528586339,9.25,147.004,142.972,145.9690055,42,0,0.040652751,-0.084342698,0.084342698,0.040652751,35.49678604,10.36560145,1.832929125,-1.856543721,2.119970972,-1.601730711,6.32391244,1.708978521,1.769973094,3.032455532,145.3883389,5.983127663,4.065330023,5.577187915,3.7876937,2.199331678,2.955260624,1.43643578,2.309307341,0.803543161,1.307495792,0.429549359,0.681525674,-0.2,70.79892376,5.928205128,2.3818409,1.391420242,58.03793557,0,0,0,0,0,0,0,0,0,0,23.20187978,24.26546827,10.04526663,0,0,23.20187978,0,0,0,0,0,34.3107349,0,0,0,0,0,23.20187978,0,0,0,0,24.26546827,10.04526663,0,0,0,0,0,0,0,0,10.04526663,0,24.26546827,0,0,23.20187978,0,11.10604938,0,1.434074074,0,0,7.015432099,0,0,0,0,8,0,0,0,0,0,1,0,1,0,0,2,0,0,0,0,1,2.9934,36.462,0,0,0,0,0,0,0,0,0,0,0,0,0,0,0,0,0,0,0,0,0,0,0,0,0,0,0,0,0,0,0,0,0,0,1,0,0,0,0,0,0,0,0,0,2,0,0,0,0,0,0,0,0,0,0,0,0,0,0,0,0,0,0,0,0,0,0,0,0,0,0,0,0,0,0,0,0,0,0,0,0,0,0,0,0,0.75,1,1.25,0,0
C,91,CIB,PM6:IT-4F,1,固体添加剂,ITO/PEDOT:PSS/active layer/PNDIT-F3N-Br/Ag,ClC1=CC=C(I)C=C1,0.884,20.1,73.2,13,0.18116582,5.608333333,5.608333333,0.796681481,0.796681481,0.609732994,9.25,238.455,234.423,237.9046258,42,0,0.040622344,-0.084343218,0.084343218,0.040622344,126.9127043,10.37081776,1.828288154,-1.860893352,2.096957181,-1.647340048,14.11191545,1.648322802,1.769973094,3.032455532,147.3883389,5.983127663,4.065330023,6.97875726,3.7876937,2.199331678,3.656045297,1.43643578,3.11850378,0.803543161,1.774685574,0.429549359,0.915120565,0.24,70.79892376,6.361359223,2.688486328,1.633981934,66.99650747,0,0,0,0,0,0,0,0,0,0,11.60093989,46.8563389,8.592815585,0,0,34.19181052,0,0,0,0,0,32.85828386,0,0,0,0,0,34.19181052,0,0,3.570182271,0,24.26546827,5.022633314,0,0,0,0,0,0,0,0,5.022633314,3.570182271,0,24.26546827,22.59087063,11.60093989,1.214814815,7.846158025,0,0.796681481,0,0,7.706790123,0,0,0,0,8,0,0,0,0,0,1,0,1,0,0,2,0,0,0,0,1,2.9446,44.169,0,0,0,0,0,0,0,0,0,0,0,0,0,0,0,0,0,0,0,0,0,0,0,0,0,0,0,0,0,0,0,0,0,0,1,0,0,0,0,0,0,0,0,0,2,0,0,0,0,0,0,0,0,0,0,0,0,0,0,0,0,0,0,0,0,0,0,0,0,0,0,0,0,0,0,0,0,0,0,0,0,0,0,0,0,1.125,1.625,2,0,0
C,91,CIB,PDTfBT-4T:Y14,1,固体添加剂,ITO/PEDOT:PSS/active layer/PNDIT-F3N-Br/Ag,ClC1=CC=C(I)C=C1,0.834,26,75.6,16.3,0.18116582,5.608333333,5.608333333,0.796681481,0.796681481,0.609732994,9.25,238.455,234.423,237.9046258,42,0,0.040622344,-0.084343218,0.084343218,0.040622344,126.9127043,10.37081776,1.828288154,-1.860893352,2.096957181,-1.647340048,14.11191545,1.648322802,1.769973094,3.032455532,147.3883389,5.983127663,4.065330023,6.97875726,3.7876937,2.199331678,3.656045297,1.43643578,3.11850378,0.803543161,1.774685574,0.429549359,0.915120565,0.24,70.79892376,6.361359223,2.688486328,1.633981934,66.99650747,0,0,0,0,0,0,0,0,0,0,11.60093989,46.8563389,8.592815585,0,0,34.19181052,0,0,0,0,0,32.85828386,0,0,0,0,0,34.19181052,0,0,3.570182271,0,24.26546827,5.022633314,0,0,0,0,0,0,0,0,5.022633314,3.570182271,0,24.26546827,22.59087063,11.60093989,1.214814815,7.846158025,0,0.796681481,0,0,7.706790123,0,0,0,0,8,0,0,0,0,0,1,0,1,0,0,2,0,0,0,0,1,2.9446,44.169,0,0,0,0,0,0,0,0,0,0,0,0,0,0,0,0,0,0,0,0,0,0,0,0,0,0,0,0,0,0,0,0,0,0,1,0,0,0,0,0,0,0,0,0,2,0,0,0,0,0,0,0,0,0,0,0,0,0,0,0,0,0,0,0,0,0,0,0,0,0,0,0,0,0,0,0,0,0,0,0,0,0,0,0,0,1.125,1.625,2,0,0
C,91,CIB,D18-Cl:Y6,1,固体添加剂,ITO/PEDOT:PSS/active layer/PNDIT-F3N-Br/Ag,ClC1=CC=C(I)C=C1,0.859,26.7,77.2,17.8,0.18116582,5.608333333,5.608333333,0.796681481,0.796681481,0.609732994,9.25,238.455,234.423,237.9046258,42,0,0.040622344,-0.084343218,0.084343218,0.040622344,126.9127043,10.37081776,1.828288154,-1.860893352,2.096957181,-1.647340048,14.11191545,1.648322802,1.769973094,3.032455532,147.3883389,5.983127663,4.065330023,6.97875726,3.7876937,2.199331678,3.656045297,1.43643578,3.11850378,0.803543161,1.774685574,0.429549359,0.915120565,0.24,70.79892376,6.361359223,2.688486328,1.633981934,66.99650747,0,0,0,0,0,0,0,0,0,0,11.60093989,46.8563389,8.592815585,0,0,34.19181052,0,0,0,0,0,32.85828386,0,0,0,0,0,34.19181052,0,0,3.570182271,0,24.26546827,5.022633314,0,0,0,0,0,0,0,0,5.022633314,3.570182271,0,24.26546827,22.59087063,11.60093989,1.214814815,7.846158025,0,0.796681481,0,0,7.706790123,0,0,0,0,8,0,0,0,0,0,1,0,1,0,0,2,0,0,0,0,1,2.9446,44.169,0,0,0,0,0,0,0,0,0,0,0,0,0,0,0,0,0,0,0,0,0,0,0,0,0,0,0,0,0,0,0,0,0,0,1,0,0,0,0,0,0,0,0,0,2,0,0,0,0,0,0,0,0,0,0,0,0,0,0,0,0,0,0,0,0,0,0,0,0,0,0,0,0,0,0,0,0,0,0,0,0,0,0,0,0,1.125,1.625,2,0,0
C,91,CIB,PM6:L8-BO,1,固体添加剂,ITO/PEDOT:PSS/active layer/PNDIT-F3N-Br/Ag,ClC1=CC=C(I)C=C1,0.87,26.1,80,18.1,0.18116582,5.608333333,5.608333333,0.796681481,0.796681481,0.609732994,9.25,238.455,234.423,237.9046258,42,0,0.040622344,-0.084343218,0.084343218,0.040622344,126.9127043,10.37081776,1.828288154,-1.860893352,2.096957181,-1.647340048,14.11191545,1.648322802,1.769973094,3.032455532,147.3883389,5.983127663,4.065330023,6.97875726,3.7876937,2.199331678,3.656045297,1.43643578,3.11850378,0.803543161,1.774685574,0.429549359,0.915120565,0.24,70.79892376,6.361359223,2.688486328,1.633981934,66.99650747,0,0,0,0,0,0,0,0,0,0,11.60093989,46.8563389,8.592815585,0,0,34.19181052,0,0,0,0,0,32.85828386,0,0,0,0,0,34.19181052,0,0,3.570182271,0,24.26546827,5.022633314,0,0,0,0,0,0,0,0,5.022633314,3.570182271,0,24.26546827,22.59087063,11.60093989,1.214814815,7.846158025,0,0.796681481,0,0,7.706790123,0,0,0,0,8,0,0,0,0,0,1,0,1,0,0,2,0,0,0,0,1,2.9446,44.169,0,0,0,0,0,0,0,0,0,0,0,0,0,0,0,0,0,0,0,0,0,0,0,0,0,0,0,0,0,0,0,0,0,0,1,0,0,0,0,0,0,0,0,0,2,0,0,0,0,0,0,0,0,0,0,0,0,0,0,0,0,0,0,0,0,0,0,0,0,0,0,0,0,0,0,0,0,0,0,0,0,0,0,0,0,1.125,1.625,2,0,0
C,91,CIB,PM6:D18-Cl:L8-BO,1,固体添加剂,ITO/PEDOT:PSS/active layer/PNDIT-F3N-Br/Ag,ClC1=CC=C(I)C=C1,0.881,26.7,81.1,19.1,0.18116582,5.608333333,5.608333333,0.796681481,0.796681481,0.609732994,9.25,238.455,234.423,237.9046258,42,0,0.040622344,-0.084343218,0.084343218,0.040622344,126.9127043,10.37081776,1.828288154,-1.860893352,2.096957181,-1.647340048,14.11191545,1.648322802,1.769973094,3.032455532,147.3883389,5.983127663,4.065330023,6.97875726,3.7876937,2.199331678,3.656045297,1.43643578,3.11850378,0.803543161,1.774685574,0.429549359,0.915120565,0.24,70.79892376,6.361359223,2.688486328,1.633981934,66.99650747,0,0,0,0,0,0,0,0,0,0,11.60093989,46.8563389,8.592815585,0,0,34.19181052,0,0,0,0,0,32.85828386,0,0,0,0,0,34.19181052,0,0,3.570182271,0,24.26546827,5.022633314,0,0,0,0,0,0,0,0,5.022633314,3.570182271,0,24.26546827,22.59087063,11.60093989,1.214814815,7.846158025,0,0.796681481,0,0,7.706790123,0,0,0,0,8,0,0,0,0,0,1,0,1,0,0,2,0,0,0,0,1,2.9446,44.169,0,0,0,0,0,0,0,0,0,0,0,0,0,0,0,0,0,0,0,0,0,0,0,0,0,0,0,0,0,0,0,0,0,0,1,0,0,0,0,0,0,0,0,0,2,0,0,0,0,0,0,0,0,0,0,0,0,0,0,0,0,0,0,0,0,0,0,0,0,0,0,0,0,0,0,0,0,0,0,0,0,0,0,0,0,1.125,1.625,2,0,0
D,1,PyDC5,PM6 :Y6,1,非挥发性固体,ITO / PEDOT:PSS /PM6:Y6/ PNDITF3N / Ag,O=C(N(CCCCC)C1=O)C2=C1C3=CC=CC4=C3C(C2=CC=C5)=C5C6=C4C(N(CCCCC)C6=O)=O,0.862,26.61,74.75,17.15,0.37985165,13.57995586,13.57995586,0.272824389,-0.272824389,0.221861024,12.38888889,480.564,452.34,480.2049074,182,0,0.261699923,-0.274307752,0.274307752,0.261699923,16.16018236,9.881561262,2.257274586,-2.122642898,2.414838317,-2.250653237,6.392885413,0.58435567,3.288342418,1.820124483,1731.104324,25.13709924,20.64837622,20.64837622,17.50643772,12.99562674,12.99562674,9.89436713,9.89436713,7.762885053,7.762885053,6.074166753,6.074166753,-3.8,240755279.8,22.65057232,8.400836079,2.901822476,205.952524,0,0,0,0,22.23706758,0,28.31234803,0,0,0,75.9289633,45.15898853,13.08951281,21.54489686,0,53.86224214,0,9.134199296,0,65.46191695,0,77.81341873,0,0,22.23706758,0,0,0,9.134199296,13.08951281,0,52.37240414,55.57635115,0,53.86224214,0,78.14,0,19.17814874,0,22.23706758,56.17930653,49.29737817,9.134199296,0,36.39820241,13.8474744,0,2.728830779,0,54.31982344,5.937053766,-1.091297558,0,11.07974038,5.409453176,4.949729348,0,0.333333333,36,0,6,0,0,0,4,2,6,6,0,6,8,0,0,0,6,5.1902,147.64,0,0,0,0,0,2,0,0,0,0,0,0,0,0,0,2,0,0,0,0,0,0,0,0,0,0,0,0,0,0,0,0,0,0,4,0,6,0,0,0,0,0,0,0,0,0,0,0,0,0,0,0,0,0,0,0,0,0,0,0,0,0,0,0,0,0,0,0,0,0,0,0,0,0,0,0,0,0,0,0,0,0,0,4,0,0.472222222,0.777777778,1.055555556,0,0
D,1,PyMC5,PM6 :Y6,1,非挥发性固体,ITO / PEDOT:PSS /PM6:Y6/ PNDITF3N / Ag,O=C(N(CCCCC)C1=O)C2=C1C3=CC=CC4=C3C(C2=CC=C5)=C5C(OC)=C4OC,0.863,26.82,76.65,17.72,0.39568953,13.38197271,13.38197271,0.198110172,-0.198110172,0.299809351,11.96666667,401.462,378.278,401.1627082,152,0,0.261699939,-0.49218472,0.49218472,0.261699939,16.50832707,9.896375299,2.247999202,-2.178904923,2.480882459,-2.249442362,6.350892828,0.361899818,3.02301686,2.061266847,1407.17805,20.99083487,17.3727355,17.3727355,14.63375892,10.34157518,10.34157518,7.741813838,7.741813838,6.174628884,6.174628884,4.887106455,4.887106455,-3.34,10941096.09,18.67364714,6.869651735,2.288905066,172.6609475,9.473725908,0,11.49902367,0,11.11853379,0,14.15617402,0,0,0,56.16358286,17.19327005,28.08965326,24.99204351,9.473725908,43.08979372,0,4.567099648,0,32.73095847,14.21959508,57.10581057,0,11.49902367,20.5922597,0,11.49902367,0,18.78669473,6.544756406,0,26.18620207,45.98727678,0,43.08979372,0,57.53,0,9.589074368,0,11.11853379,28.8162285,51.57981016,4.567099648,14.21959508,36.39820241,6.9237372,9.473725908,12.85326209,0,26.76394542,6.244265018,-0.396220343,1.27708216,11.61790496,2.839344071,2.558694901,3.241721725,0.28,30,0,5,0,0,0,4,1,5,5,0,5,6,0,0,0,5,4.9043,121.997,0,0,0,0,0,1,0,0,0,0,0,0,0,0,0,1,0,0,0,0,0,0,0,0,0,0,0,0,0,0,0,0,0,0,4,0,3,0,0,0,0,2,0,0,0,0,0,0,0,0,0,0,0,0,0,2,0,0,0,0,0,0,0,0,0,0,0,0,0,0,0,0,0,0,0,0,0,0,0,0,0,0,0,2,0,0.7,1.166666667,1.6,0,0
D,1,PyDC5,PM6 : L8-BO,1,非挥发性固体,ITO / PEDOT:PSS /PM6 : L8-BO/ PNDITF3N / Ag,O=C(N(CCCCC)C1=O)C2=C1C3=CC=CC4=C3C(C2=CC=C5)=C5C6=C4C(N(CCCCC)C6=O)=O,0.884,26.71,78.15,18.45,0.37985405,13.57995586,13.57995586,0.272824389,-0.272824389,0.221861024,12.38888889,480.564,452.34,480.2049074,182,0,0.261699923,-0.274307752,0.274307752,0.261699923,16.16018236,9.881561262,2.257274586,-2.122642898,2.414838317,-2.250653237,6.392885413,0.58435567,3.288342418,1.820124483,1731.104324,25.13709924,20.64837622,20.64837622,17.50643772,12.99562674,12.99562674,9.89436713,9.89436713,7.762885053,7.762885053,6.074166753,6.074166753,-3.8,240755279.8,22.65057232,8.400836079,2.901822476,205.952524,0,0,0,0,22.23706758,0,28.31234803,0,0,0,75.9289633,45.15898853,13.08951281,21.54489686,0,53.86224214,0,9.134199296,0,65.46191695,0,77.81341873,0,0,22.23706758,0,0,0,9.134199296,13.08951281,0,52.37240414,55.57635115,0,53.86224214,0,78.14,0,19.17814874,0,22.23706758,56.17930653,49.29737817,9.134199296,0,36.39820241,13.8474744,0,2.728830779,0,54.31982344,5.937053766,-1.091297558,0,11.07974038,5.409453176,4.949729348,0,0.333333333,36,0,6,0,0,0,4,2,6,6,0,6,8,0,0,0,6,5.1902,147.64,0,0,0,0,0,2,0,0,0,0,0,0,0,0,0,2,0,0,0,0,0,0,0,0,0,0,0,0,0,0,0,0,0,0,4,0,6,0,0,0,0,0,0,0,0,0,0,0,0,0,0,0,0,0,0,0,0,0,0,0,0,0,0,0,0,0,0,0,0,0,0,0,0,0,0,0,0,0,0,0,0,0,0,4,0,0.472222222,0.777777778,1.055555556,0,0
D,1,PyMC5,PM6 : L8-BO,1,非挥发性固体,ITO / PEDOT:PSS /PM6 : L8-BO/ PNDITF3N / Ag,O=C(N(CCCCC)C1=O)C2=C1C3=CC=CC4=C3C(C2=CC=C5)=C5C(OC)=C4OC,0.899,26.92,78.61,19.02,0.39568953,13.38197271,13.38197271,0.198110172,-0.198110172,0.299809351,11.96666667,401.462,378.278,401.1627082,152,0,0.261699939,-0.49218472,0.49218472,0.261699939,16.50832707,9.896375299,2.247999202,-2.178904923,2.480882459,-2.249442362,6.350892828,0.361899818,3.02301686,2.061266847,1407.17805,20.99083487,17.3727355,17.3727355,14.63375892,10.34157518,10.34157518,7.741813838,7.741813838,6.174628884,6.174628884,4.887106455,4.887106455,-3.34,10941096.09,18.67364714,6.869651735,2.288905066,172.6609475,9.473725908,0,11.49902367,0,11.11853379,0,14.15617402,0,0,0,56.16358286,17.19327005,28.08965326,24.99204351,9.473725908,43.08979372,0,4.567099648,0,32.73095847,14.21959508,57.10581057,0,11.49902367,20.5922597,0,11.49902367,0,18.78669473,6.544756406,0,26.18620207,45.98727678,0,43.08979372,0,57.53,0,9.589074368,0,11.11853379,28.8162285,51.57981016,4.567099648,14.21959508,36.39820241,6.9237372,9.473725908,12.85326209,0,26.76394542,6.244265018,-0.396220343,1.27708216,11.61790496,2.839344071,2.558694901,3.241721725,0.28,30,0,5,0,0,0,4,1,5,5,0,5,6,0,0,0,5,4.9043,121.997,0,0,0,0,0,1,0,0,0,0,0,0,0,0,0,1,0,0,0,0,0,0,0,0,0,0,0,0,0,0,0,0,0,0,4,0,3,0,0,0,0,2,0,0,0,0,0,0,0,0,0,0,0,0,0,2,0,0,0,0,0,0,0,0,0,0,0,0,0,0,0,0,0,0,0,0,0,0,0,0,0,0,0,2,0,0.7,1.166666667,1.6,0,0
D,1,PyMC5,PM6 : L8-BO,1,非挥发性固体,ITO / 3-BPIC-F /PM6 : L8-BO/ PNDITF3N / Ag,O=C(N(CCCCC)C1=O)C2=C1C3=CC=CC4=C3C(C2=CC=C5)=C5C(OC)=C4OC,0.904,27.25,79.10 ,19.52,0.39568953,13.38197271,13.38197271,0.198110172,-0.198110172,0.299809351,11.96666667,401.462,378.278,401.1627082,152,0,0.261699939,-0.49218472,0.49218472,0.261699939,16.50832707,9.896375299,2.247999202,-2.178904923,2.480882459,-2.249442362,6.350892828,0.361899818,3.02301686,2.061266847,1407.17805,20.99083487,17.3727355,17.3727355,14.63375892,10.34157518,10.34157518,7.741813838,7.741813838,6.174628884,6.174628884,4.887106455,4.887106455,-3.34,10941096.09,18.67364714,6.869651735,2.288905066,172.6609475,9.473725908,0,11.49902367,0,11.11853379,0,14.15617402,0,0,0,56.16358286,17.19327005,28.08965326,24.99204351,9.473725908,43.08979372,0,4.567099648,0,32.73095847,14.21959508,57.10581057,0,11.49902367,20.5922597,0,11.49902367,0,18.78669473,6.544756406,0,26.18620207,45.98727678,0,43.08979372,0,57.53,0,9.589074368,0,11.11853379,28.8162285,51.57981016,4.567099648,14.21959508,36.39820241,6.9237372,9.473725908,12.85326209,0,26.76394542,6.244265018,-0.396220343,1.27708216,11.61790496,2.839344071,2.558694901,3.241721725,0.28,30,0,5,0,0,0,4,1,5,5,0,5,6,0,0,0,5,4.9043,121.997,0,0,0,0,0,1,0,0,0,0,0,0,0,0,0,1,0,0,0,0,0,0,0,0,0,0,0,0,0,0,0,0,0,0,4,0,3,0,0,0,0,2,0,0,0,0,0,0,0,0,0,0,0,0,0,2,0,0,0,0,0,0,0,0,0,0,0,0,0,0,0,0,0,0,0,0,0,0,0,0,0,0,0,2,0,0.7,1.166666667,1.6,0,0
D,2,SA-T1,PM6 :PY-IT,1,挥发性固体,ITO/PEDOT:PSS / PM6 :PY-IT / PNDIT-F3N/Ag,IC1=C(Br)C(Br)=C(I)S1,0.933,25.61,76.5,18.3,0.93007242,3.451149074,3.451149074,1.178240741,1.178240741,0.467674996,10.22222222,493.727,493.727,491.6176912,50,0,0.081803332,-0.120649476,0.120649476,0.081803332,126.9137227,10.67768974,2.080282745,-1.818963974,2.38070025,-1.589587645,14.11418373,1.71587483,1.984759608,3.292165666,210.2166615,7.016507858,3.920106183,12.22359242,4.125897658,1.914177236,6.474168648,1.277436277,7.505546065,0.717052589,8.009112199,0.340845244,5.891892437,2.12,109.1617784,9.209928058,3.681854371,2.032245564,101.3305378,0,0,0,0,0,0,0,0,0,11.33678588,0,77.04162905,0,14.71319498,0,88.37841493,0,0,0,0,0,14.71319498,0,0,0,0,0,88.37841493,0,0,5.767755946,0,8.945439032,0,0,0,0,0,0,0,0,0,0,14.71319498,11.33678588,0,77.04162905,0,4.946990741,13.29300926,0,0,0,0,0,0,0,0,0,9,0,0,0,0,0,0,1,1,1,0,5,0,0,0,0,1,4.4823,65.153,0,0,0,0,0,0,0,0,0,0,0,0,0,0,0,0,0,0,0,0,0,0,0,0,0,0,0,0,0,0,0,0,0,0,0,0,0,0,0,0,0,0,0,0,4,0,0,0,0,0,0,0,0,0,0,0,0,0,0,0,0,0,0,0,0,0,0,0,0,0,0,0,0,0,0,0,0,0,0,0,0,0,1,0,0,1,1.333333333,1.444444444,0,0
D,2,SA-T2,PM6 :PY-IT,1,挥发性固体,ITO/PEDOT:PSS / PM6 :PY-IT / PNDIT-F3N/Ag,BrC1=C(I)C(I)=C(Br)S1,0.926,25.55,75.7,17.9,0.8611164,3.443047222,3.443047222,1.20775463,1.20775463,0.467674996,10.22222222,493.727,493.727,491.6176912,50,0,0.085444199,-0.118903635,0.118903635,0.085444199,126.9137837,10.68029666,2.079941084,-1.819941405,2.377097058,-1.663066019,14.11989684,1.707594738,1.984759608,3.292165666,210.2166615,7.016507858,3.920106183,12.22359242,4.125897658,1.914177236,6.474168648,1.277436277,7.091353101,0.717052589,8.651969342,0.340845244,5.208104689,2.12,109.1617784,9.209928058,3.681854371,2.032245564,101.3305378,0,0,0,0,0,0,0,0,0,11.33678588,0,77.04162905,0,14.71319498,0,88.37841493,0,0,0,0,0,14.71319498,0,0,0,0,0,88.37841493,0,0,7.140364542,0,7.572830436,0,0,0,0,0,0,0,0,0,0,14.71319498,11.33678588,0,77.04162905,0,5.008240741,13.23175926,0,0,0,0,0,0,0,0,0,9,0,0,0,0,0,0,1,1,1,0,5,0,0,0,0,1,4.4823,65.153,0,0,0,0,0,0,0,0,0,0,0,0,0,0,0,0,0,0,0,0,0,0,0,0,0,0,0,0,0,0,0,0,0,0,0,0,0,0,0,0,0,0,0,0,4,0,0,0,0,0,0,0,0,0,0,0,0,0,0,0,0,0,0,0,0,0,0,0,0,0,0,0,0,0,0,0,0,0,0,0,0,0,1,0,0,1,1.333333333,1.444444444,0,0
D,2,SA-T3,PM6 :PY-IT,1,挥发性固体,ITO/PEDOT:PSS / PM6 :PY-IT / PNDIT-F3N/Ag,IC1=C(I)C(Br)=C(Br)S1,0.932,24.57,75.9,17.4,0.91432745,3.451149074,3.451149074,1.17712963,1.17712963,0.467674996,10.22222222,493.727,493.727,491.6176912,50,0,0.086229303,-0.119776447,0.119776447,0.086229303,126.9137838,10.67898751,2.08011292,-1.819456995,2.380128028,-1.638362267,14.12003606,1.711670342,1.984759608,3.292165666,210.2166615,7.016507858,3.920106183,12.22359242,4.125897658,1.914177236,6.474168648,1.277436277,7.298449583,0.717052589,8.371367552,0.340845244,5.499996171,2.12,109.1617784,9.209928058,3.681854371,2.032245564,101.3305378,0,0,0,0,0,0,0,0,0,11.33678588,0,77.04162905,0,14.71319498,0,88.37841493,0,0,0,0,0,14.71319498,0,0,0,0,0,88.37841493,0,0,6.454060244,0,8.259134734,0,0,0,0,0,0,0,0,0,0,14.71319498,11.33678588,0,77.04162905,0,4.977615741,13.26238426,0,0,0,0,0,0,0,0,0,9,0,0,0,0,0,0,1,1,1,0,5,0,0,0,0,1,4.4823,65.153,0,0,0,0,0,0,0,0,0,0,0,0,0,0,0,0,0,0,0,0,0,0,0,0,0,0,0,0,0,0,0,0,0,0,0,0,0,0,0,0,0,0,0,0,4,0,0,0,0,0,0,0,0,0,0,0,0,0,0,0,0,0,0,0,0,0,0,0,0,0,0,0,0,0,0,0,0,0,0,0,0,0,1,0,0,1.222222222,1.777777778,1.888888889,0,0
D,2,SA-T1,PM6 :PY-DT,1,挥发性固体,ITO/PEDOT:PSS / PM6 :PY-DT / PNDIT-F3N/Ag,IC1=C(Br)C(Br)=C(I)S1,0.947,24.37,75.2,17.3,0.93007242,3.451149074,3.451149074,1.178240741,1.178240741,0.467674996,10.22222222,493.727,493.727,491.6176912,50,0,0.081803332,-0.120649476,0.120649476,0.081803332,126.9137227,10.67768974,2.080282745,-1.818963974,2.38070025,-1.589587645,14.11418373,1.71587483,1.984759608,3.292165666,210.2166615,7.016507858,3.920106183,12.22359242,4.125897658,1.914177236,6.474168648,1.277436277,7.505546065,0.717052589,8.009112199,0.340845244,5.891892437,2.12,109.1617784,9.209928058,3.681854371,2.032245564,101.3305378,0,0,0,0,0,0,0,0,0,11.33678588,0,77.04162905,0,14.71319498,0,88.37841493,0,0,0,0,0,14.71319498,0,0,0,0,0,88.37841493,0,0,5.767755946,0,8.945439032,0,0,0,0,0,0,0,0,0,0,14.71319498,11.33678588,0,77.04162905,0,4.946990741,13.29300926,0,0,0,0,0,0,0,0,0,9,0,0,0,0,0,0,1,1,1,0,5,0,0,0,0,1,4.4823,65.153,0,0,0,0,0,0,0,0,0,0,0,0,0,0,0,0,0,0,0,0,0,0,0,0,0,0,0,0,0,0,0,0,0,0,0,0,0,0,0,0,0,0,0,0,4,0,0,0,0,0,0,0,0,0,0,0,0,0,0,0,0,0,0,0,0,0,0,0,0,0,0,0,0,0,0,0,0,0,0,0,0,0,1,0,0,1,1.333333333,1.444444444,0,0
D,2,SA-T1,PM6 :PY-V-γ,1,挥发性固体,ITO/PEDOT:PSS / PM6 :PY-V-γ / PNDIT-F3N/Ag,IC1=C(Br)C(Br)=C(I)S1,0.889,25.11,76.1,17.0 ,0.93007242,3.451149074,3.451149074,1.178240741,1.178240741,0.467674996,10.22222222,493.727,493.727,491.6176912,50,0,0.081803332,-0.120649476,0.120649476,0.081803332,126.9137227,10.67768974,2.080282745,-1.818963974,2.38070025,-1.589587645,14.11418373,1.71587483,1.984759608,3.292165666,210.2166615,7.016507858,3.920106183,12.22359242,4.125897658,1.914177236,6.474168648,1.277436277,7.505546065,0.717052589,8.009112199,0.340845244,5.891892437,2.12,109.1617784,9.209928058,3.681854371,2.032245564,101.3305378,0,0,0,0,0,0,0,0,0,11.33678588,0,77.04162905,0,14.71319498,0,88.37841493,0,0,0,0,0,14.71319498,0,0,0,0,0,88.37841493,0,0,5.767755946,0,8.945439032,0,0,0,0,0,0,0,0,0,0,14.71319498,11.33678588,0,77.04162905,0,4.946990741,13.29300926,0,0,0,0,0,0,0,0,0,9,0,0,0,0,0,0,1,1,1,0,5,0,0,0,0,1,4.4823,65.153,0,0,0,0,0,0,0,0,0,0,0,0,0,0,0,0,0,0,0,0,0,0,0,0,0,0,0,0,0,0,0,0,0,0,0,0,0,0,0,0,0,0,0,0,4,0,0,0,0,0,0,0,0,0,0,0,0,0,0,0,0,0,0,0,0,0,0,0,0,0,0,0,0,0,0,0,0,0,0,0,0,0,1,0,0,1,1.333333333,1.444444444,0,0
D,2,SA-T1,PM6 :PYF-T-o,1,挥发性固体,ITO/PEDOT:PSS / PM6 :PYF-T-o / PNDIT-F3N/Ag,IC1=C(Br)C(Br)=C(I)S1,0.873,25.88,71.3,16.1,0.93007242,3.451149074,3.451149074,1.178240741,1.178240741,0.467674996,10.22222222,493.727,493.727,491.6176912,50,0,0.081803332,-0.120649476,0.120649476,0.081803332,126.9137227,10.67768974,2.080282745,-1.818963974,2.38070025,-1.589587645,14.11418373,1.71587483,1.984759608,3.292165666,210.2166615,7.016507858,3.920106183,12.22359242,4.125897658,1.914177236,6.474168648,1.277436277,7.505546065,0.717052589,8.009112199,0.340845244,5.891892437,2.12,109.1617784,9.209928058,3.681854371,2.032245564,101.3305378,0,0,0,0,0,0,0,0,0,11.33678588,0,77.04162905,0,14.71319498,0,88.37841493,0,0,0,0,0,14.71319498,0,0,0,0,0,88.37841493,0,0,5.767755946,0,8.945439032,0,0,0,0,0,0,0,0,0,0,14.71319498,11.33678588,0,77.04162905,0,4.946990741,13.29300926,0,0,0,0,0,0,0,0,0,9,0,0,0,0,0,0,1,1,1,0,5,0,0,0,0,1,4.4823,65.153,0,0,0,0,0,0,0,0,0,0,0,0,0,0,0,0,0,0,0,0,0,0,0,0,0,0,0,0,0,0,0,0,0,0,0,0,0,0,0,0,0,0,0,0,4,0,0,0,0,0,0,0,0,0,0,0,0,0,0,0,0,0,0,0,0,0,0,0,0,0,0,0,0,0,0,0,0,0,0,0,0,0,1,0,0,1,1.333333333,1.444444444,0,0
D,3,5%TDZ-3TR,PM6/L8 - BO,1,非挥发性固体,ITO/PEDOT:PSS/PM6/L8 - BO/PNDIT - F3N/Ag,O=C(N(CC)C(S/1)=S)C1=C\C(S2)=CC(CCCCCCCC)=C2C3=CC(CCCCCCCC)=C(C(S4)=CC(CCCCCCCC)=C4C5=NN=C(C(SC(C(SC(C(SC(/C=C6SC(N(C\6=O)CC)=S)=C7)=C7CCCCCCCC)=C8)=C8CCCCCCCC)=C9)=C9CCCCCCCC)S5)S3,0.904,25.62,77.35,17.91,5.37350332,13.63944374,13.63944374,0.034278004,0.034278004,0.02122839,14.36893204,1594.669,1473.709,1592.63391,562,0,0.265699873,-0.293173611,0.293173611,0.265699873,32.18405149,10.02009637,2.33226216,-2.089228802,2.524181613,-2.267613709,8.268123073,-0.122328049,1.626643083,1.114928535,3577.946616,72.71353475,63.82758268,72.80904507,50.42918011,40.56180426,48.72677007,28.73722186,39.44262312,20.32509271,31.98874145,14.30064765,25.9477424,-2.94,1.05E+28,84.08668269,45.89816053,24.78031619,668.9764114,0,8.641068171,10.01524739,0,11.81435946,0,19.38889383,0,0,78.21807888,293.4633745,172.8282854,61.86098475,19.56456742,9.589074368,159.9244858,0,19.99718308,0,325.0644058,13.08951281,89.34347878,0,58.78671933,0,0,0,127.3170179,53.54212352,48.11400411,0,329.6744794,46.20847544,0,70.93875954,0,66.4,0,9.589074368,0,11.81435946,21.73058098,68.10474455,336.8255292,9.799819462,93.20497554,90.09266582,34.6331105,1.318555525,27.86239529,48.22611032,12.72169441,8.653919854,0.068556009,15.13326811,56.09376472,19.08840243,0,0.604651163,103,0,6,0,2,2,0,7,7,15,0,17,52,0,2,2,9,30.7693,473.373,0,0,0,0,0,2,0,0,0,0,2,2,2,0,0,4,0,0,0,2,0,0,0,0,0,0,0,2,0,0,6,0,0,0,0,0,0,0,0,0,0,0,0,0,0,0,0,0,0,0,0,0,0,0,0,0,0,0,0,0,0,0,0,0,0,0,0,0,0,0,0,0,0,0,0,2,0,0,0,0,0,0,6,30,0,0.300970874,0.533980583,0.796116505,0,0
D,4,PFO,D18:L8BO,1,非挥发性固体,ITO/PEDOT:PSS / D18:L8BO /PDINN /Ag,C1=C(C)C=C2C(CCCCCCCCC)(CCCCCCCCCC)C3C(C2=C1)=CC=C(C)C=3,0.910 ,26.44,78.10 ,18.79,0,2.538356268,2.538356268,0.230491861,0.230491861,0.205823824,13.76470588,460.79,408.374,460.4069017,188,0,0.021496058,-0.065382383,0.065382383,0.021496058,14.4462437,9.699101185,2.4168528,-2.330728531,2.541963528,-2.254576554,5.812849187,0.396653873,3.084515927,1.733956051,806.8371867,24.22755758,22.9849169,22.9849169,16.61935747,14.84738809,14.84738809,11.27637707,11.27637707,8.335665872,8.335665872,6.331081785,6.331081785,-1.56,45102186.7,27.03458049,14.10896604,6.989045139,211.5113927,0,0,0,0,0,0,0,0,0,0,157.6849041,48.94292361,5.414990469,0,0,0,0,0,0,142.2639069,0,58.65200838,0,11.12690298,0,0,0,0,0,5.414990469,13.8474744,145.255248,36.39820241,0,11.12690298,0,0,0,0,0,5.414990469,0,0,131.4077736,11.12690298,0,64.09315121,0,0,0,0,0,9.384719676,0,14.55219842,23.62667162,9.186410286,0,0.647058824,34,0,0,1,0,1,2,0,2,0,0,0,17,0,0,0,3,11.24144,151.969,0,0,0,0,0,0,0,0,0,0,0,0,0,0,0,0,0,0,0,0,0,0,0,0,0,0,0,0,0,0,2,0,0,0,2,0,3,0,0,0,0,0,0,0,0,0,0,0,0,0,0,0,0,0,0,0,0,0,0,0,0,0,0,0,0,0,0,0,0,0,0,0,0,0,0,0,0,0,0,0,0,0,0,13,0,0.470588235,0.823529412,1.205882353,0,0
D,5,SF-1,PM6 :PY-DT,1,挥发性固体,ITO/HTL/PM6 :PY-DT/PNDIT-F3N/Ag,FC1=CC2=NSN=C2C=C1F,0.964,25.36,72.5,17.83,0.94659243,12.48805556,12.48805556,0.39712963,-0.884074074,0.606711586,10.72727273,172.159,170.143,171.9906755,56,0,0.160676136,-0.203680647,0.203680647,0.160676136,32.14068147,10.27854992,2.051198913,-1.885372635,2.149651691,-1.818671211,6.99566415,0.510413941,2.362776016,2.857746579,362.3816552,7.844934983,5.213304966,6.029801547,5.270856948,2.845026979,3.575323722,2.019255062,2.54770275,1.295818873,1.852510886,0.780450624,1.289674184,-1.1,526.8990516,6.600277754,2.197100589,0.970053341,64.80597767,0,11.03340144,11.63444168,0,0,0,0,8.780830095,8.747079963,0,0,0,12.13273414,11.72818735,8.780830095,22.76158878,0,8.747079963,0,0,0,23.76717582,0,0,0,8.780830095,0,11.72818735,8.747079963,0,11.63444168,0,12.13273414,0,11.03340144,0,25.78,11.63444168,8.780830095,0,0,11.03340144,23.86092148,0,0,0,8.747079963,0,32.46518519,0.936944444,0,0,0.794259259,-1.768148148,2.071759259,0,0,0,0,11,0,2,0,0,0,1,1,2,3,0,5,0,0,0,0,2,1.9695,37.331,0,0,0,0,0,2,0,0,0,0,0,0,0,0,0,2,0,0,0,0,0,0,0,0,0,0,0,0,0,0,0,0,0,0,1,0,1,0,0,0,0,0,0,0,2,0,0,0,0,0,0,0,0,0,0,0,0,0,0,0,0,0,0,0,0,0,0,0,0,0,0,0,0,0,0,0,0,0,0,0,0,0,0,0,0,1,1.454545455,1.909090909,0,0
D,5,SF-2,PM6 :PY-DT,1,挥发性固体,ITO/HTL/PM6 :PY-DT/PNDIT-F3N/Ag,FC1=C(F)C2=NSN=C2C=C1,0.970 ,25.99,74.5,18.83,1.42655849,12.76074074,12.76074074,0.009259259,-0.920138889,0.606711586,10.72727273,172.159,170.143,171.9906755,56,0,0.187265107,-0.203675643,0.203675643,0.187265107,32.14068148,10.27601238,2.085645356,-1.891038783,2.16781431,-1.835134574,6.99570714,0.515563075,2.446712491,2.927072203,398.3816552,7.844934983,5.213304966,6.029801547,5.2876937,2.851010043,3.581306786,1.993324253,2.521771941,1.319022881,1.861592731,0.795469811,1.326912298,-1.1,570.0840105,6.600277754,2.197100589,0.883486583,64.80597767,0,11.03340144,11.63444168,0,0,0,0,8.780830095,8.747079963,0,0,12.13273414,0,11.72818735,8.780830095,22.76158878,0,8.747079963,0,0,0,23.76717582,0,0,0,8.780830095,0,11.72818735,8.747079963,0,11.63444168,0,12.13273414,0,11.03340144,0,25.78,11.63444168,8.780830095,0,5.516700718,5.516700718,17.79455441,6.066367068,0,0,8.747079963,0,32.58796296,0.869074074,0,0,0.406388889,-1.804212963,2.440787037,0,0,0,0,11,0,2,0,0,0,1,1,2,3,0,5,0,0,0,0,2,1.9695,37.331,0,0,0,0,0,2,0,0,0,0,0,0,0,0,0,2,0,0,0,0,0,0,0,0,0,0,0,0,0,0,0,0,0,0,1,0,1,0,0,0,0,0,0,0,2,0,0,0,0,0,0,0,0,0,0,0,0,0,0,0,0,0,0,0,0,0,0,0,0,0,0,0,0,0,0,0,0,0,0,0,0,0,0,0,0,1.181818182,2,2.818181818,0,0
D,5,SF-2,PM6 :PY-DT: L8-BO,1,挥发性固体,ITO/HTL/PM6 :PY-DT:L8BO/PNDIT-F3N/Ag,FC1=C(F)C2=NSN=C2C=C1,0.961,26.50 ,74.5,19.02,1.42655455,12.76074074,12.76074074,0.009259259,-0.920138889,0.606711586,10.72727273,172.159,170.143,171.9906755,56,0,0.187265107,-0.203675643,0.203675643,0.187265107,32.14068148,10.27601238,2.085645356,-1.891038783,2.16781431,-1.835134574,6.99570714,0.515563075,2.446712491,2.927072203,398.3816552,7.844934983,5.213304966,6.029801547,5.2876937,2.851010043,3.581306786,1.993324253,2.521771941,1.319022881,1.861592731,0.795469811,1.326912298,-1.1,570.0840105,6.600277754,2.197100589,0.883486583,64.80597767,0,11.03340144,11.63444168,0,0,0,0,8.780830095,8.747079963,0,0,12.13273414,0,11.72818735,8.780830095,22.76158878,0,8.747079963,0,0,0,23.76717582,0,0,0,8.780830095,0,11.72818735,8.747079963,0,11.63444168,0,12.13273414,0,11.03340144,0,25.78,11.63444168,8.780830095,0,5.516700718,5.516700718,17.79455441,6.066367068,0,0,8.747079963,0,32.58796296,0.869074074,0,0,0.406388889,-1.804212963,2.440787037,0,0,0,0,11,0,2,0,0,0,1,1,2,3,0,5,0,0,0,0,2,1.9695,37.331,0,0,0,0,0,2,0,0,0,0,0,0,0,0,0,2,0,0,0,0,0,0,0,0,0,0,0,0,0,0,0,0,0,0,1,0,1,0,0,0,0,0,0,0,2,0,0,0,0,0,0,0,0,0,0,0,0,0,0,0,0,0,0,0,0,0,0,0,0,0,0,0,0,0,0,0,0,0,0,0,0,0,0,0,0,1.181818182,2,2.818181818,0,0
D,6,ADT,PM6 :Y6,1,非挥发性固体,ITO/PEDOT:PSS/PM6 :Y6/PDINO/Al,C12=CC(C=C(C=C(C=CS3)C3=C4)C4=C5)=C5C=C1C=CS2,0.831,26.05,68.1,14.75,0.04640489,2.32037037,2.32037037,1.332690854,1.332690854,0.288506318,12,290.412,280.332,290.0223923,94,0,0.034859325,-0.143799322,0.143799322,0.034859325,32.13462288,10.01520162,2.036711822,-2.035677335,2.324188723,-1.764730521,7.17128975,1.893834523,3.072008037,1.980568147,926.3848816,13.10408353,10.58999927,12.22299243,9.865305981,6.587771362,8.347076985,5.167778872,7.063167258,3.938128305,5.697433927,2.920723555,4.559357604,-1.9,127601.9978,10.83643046,3.811878983,1.462528436,123.4387878,0,0,0,0,0,0,0,0,0,22.67357176,0,91.60840738,9.399839833,0,0,64.39075688,0,0,0,0,0,59.29106209,0,0,0,0,0,22.67357176,0,0,0,0,59.29106209,0,41.71718512,0,0,0,0,0,0,0,0,41.71718512,0,22.67357176,59.29106209,0,2.737891471,3.626296296,0,12.3603151,0,0,18.27549713,0,0,0,0,20,0,0,0,0,0,3,2,5,2,0,2,0,0,0,0,5,6.4224,92.22,0,0,0,0,0,0,0,0,0,0,0,0,0,0,0,0,0,0,0,0,0,0,0,0,0,0,0,0,0,0,0,0,0,0,3,0,4,0,0,0,0,0,0,0,0,0,0,0,0,0,0,0,0,0,0,0,0,0,0,0,0,0,0,0,0,0,0,0,0,0,0,0,0,0,0,0,0,0,0,0,0,0,2,0,0,0.45,0.85,1.35,0,0
D,6,NDT,PM6 :Y6,1,挥发性固体,ITO/PEDOT:PSS/PM6 :Y6/PDINO/Al,C1(C=CS2)=C2C(C=CC3=C4SC=C3)=C4C=C1,0.858,26.23,73.2,16.48,0.00569397,2.253194444,2.253194444,1.355005669,1.355005669,0.392601705,11.75,240.352,232.288,240.0067423,76,0,0.04211358,-0.143164294,0.143164294,0.04211358,32.13462499,10.07164648,2.051015179,-2.004095792,2.353382781,-1.72480338,7.191376487,1.929568397,2.961277254,2.3776321,735.3168369,10.53516943,8.435298734,10.0682919,7.93265299,5.195036952,6.954342575,3.90414995,5.736382105,3.029900366,4.956866867,2.260430956,4.116157764,-1.38,15531.8992,8.735540461,3.061115491,1.032741842,100.7571233,0,0,0,0,0,0,0,0,0,22.67357176,24.26546827,33.66530811,20.17228826,0,0,53.61830845,0,0,0,0,0,47.15832795,0,0,0,0,0,22.67357176,0,0,0,0,47.15832795,0,30.94473669,0,0,0,0,0,0,0,0,30.94473669,0,22.67357176,47.15832795,0,2.82,3.665190854,0,9.831067649,0,0,13.35040816,0,0,0,0,16,0,0,0,0,0,2,2,4,2,0,2,0,0,0,0,4,5.2692,74.714,0,0,0,0,0,0,0,0,0,0,0,0,0,0,0,0,0,0,0,0,0,0,0,0,0,0,0,0,0,0,0,0,0,0,2,0,5,0,0,0,0,0,0,0,0,0,0,0,0,0,0,0,0,0,0,0,0,0,0,0,0,0,0,0,0,0,0,0,0,0,0,0,0,0,0,0,0,0,0,0,0,0,2,0,0,0.5625,1.0625,1.5625,0,0
D,6,NDT,PM6 :BO-4Cl,1,挥发性固体,ITO/PEDOT:PSS/PM6 :BO-4Cl/PDINO/Al,C1(C=CS2)=C2C(C=CC3=C4SC=C3)=C4C=C1,0.871,27.26,76.4,18.14,0.00569441,2.253194444,2.253194444,1.355005669,1.355005669,0.392601705,11.75,240.352,232.288,240.0067423,76,0,0.04211358,-0.143164294,0.143164294,0.04211358,32.13462499,10.07164648,2.051015179,-2.004095792,2.353382781,-1.72480338,7.191376487,1.929568397,2.961277254,2.3776321,735.3168369,10.53516943,8.435298734,10.0682919,7.93265299,5.195036952,6.954342575,3.90414995,5.736382105,3.029900366,4.956866867,2.260430956,4.116157764,-1.38,15531.8992,8.735540461,3.061115491,1.032741842,100.7571233,0,0,0,0,0,0,0,0,0,22.67357176,24.26546827,33.66530811,20.17228826,0,0,53.61830845,0,0,0,0,0,47.15832795,0,0,0,0,0,22.67357176,0,0,0,0,47.15832795,0,30.94473669,0,0,0,0,0,0,0,0,30.94473669,0,22.67357176,47.15832795,0,2.82,3.665190854,0,9.831067649,0,0,13.35040816,0,0,0,0,16,0,0,0,0,0,2,2,4,2,0,2,0,0,0,0,4,5.2692,74.714,0,0,0,0,0,0,0,0,0,0,0,0,0,0,0,0,0,0,0,0,0,0,0,0,0,0,0,0,0,0,0,0,0,0,2,0,5,0,0,0,0,0,0,0,0,0,0,0,0,0,0,0,0,0,0,0,0,0,0,0,0,0,0,0,0,0,0,0,0,0,0,0,0,0,0,0,0,0,0,0,0,0,2,0,0,0.5625,1.0625,1.5625,0,0
D,6,NDT,PM6 : L8-BO,1,挥发性固体,ITO/PEDOT:PSS/PM6 : L8-BO/PDINO/Al,C1(C=CS2)=C2C(C=CC3=C4SC=C3)=C4C=C1,0.912,26.46,78.1,18.85,0.00569441,2.253194444,2.253194444,1.355005669,1.355005669,0.392601705,11.75,240.352,232.288,240.0067423,76,0,0.04211358,-0.143164294,0.143164294,0.04211358,32.13462499,10.07164648,2.051015179,-2.004095792,2.353382781,-1.72480338,7.191376487,1.929568397,2.961277254,2.3776321,735.3168369,10.53516943,8.435298734,10.0682919,7.93265299,5.195036952,6.954342575,3.90414995,5.736382105,3.029900366,4.956866867,2.260430956,4.116157764,-1.38,15531.8992,8.735540461,3.061115491,1.032741842,100.7571233,0,0,0,0,0,0,0,0,0,22.67357176,24.26546827,33.66530811,20.17228826,0,0,53.61830845,0,0,0,0,0,47.15832795,0,0,0,0,0,22.67357176,0,0,0,0,47.15832795,0,30.94473669,0,0,0,0,0,0,0,0,30.94473669,0,22.67357176,47.15832795,0,2.82,3.665190854,0,9.831067649,0,0,13.35040816,0,0,0,0,16,0,0,0,0,0,2,2,4,2,0,2,0,0,0,0,4,5.2692,74.714,0,0,0,0,0,0,0,0,0,0,0,0,0,0,0,0,0,0,0,0,0,0,0,0,0,0,0,0,0,0,0,0,0,0,2,0,5,0,0,0,0,0,0,0,0,0,0,0,0,0,0,0,0,0,0,0,0,0,0,0,0,0,0,0,0,0,0,0,0,0,0,0,0,0,0,0,0,0,0,0,0,0,2,0,0,0.5625,1.0625,1.5625,0,0
D,7,CN,PM6:M34,1,液体,ITO/PEDOT:PSS/PM6:M34/PDIN/Ag,ClC1=CC=CC2=CC=CC=C21,0.91,23.63,70.66,15.24,0.83984921,5.957037037,5.957037037,0.822314815,0.822314815,0.55644797,10.27272727,162.619,155.563,162.0236279,54,0,0.048389036,-0.083664219,0.083664219,0.048389036,35.49569104,10.12844457,1.934419766,-1.966428521,2.214722752,-1.704476637,6.349799888,1.748124801,2.05595014,2.913161164,374.0344904,7.681798276,5.919416357,6.675345303,5.377010098,3.510349442,3.888313915,2.460971502,2.868171629,1.736428508,2.066016729,1.185882541,1.430724861,-1.01,505.7637346,6.684816447,2.554171088,1.099229702,70.41633388,0,0,0,0,0,0,0,0,0,0,47.9991423,11.45259128,10.40885753,0,0,22.37338832,0,0,0,0,0,47.48720279,0,0,0,0,0,11.60093989,0,0,0,0,42.46456948,5.022633314,10.77244843,0,0,0,0,0,0,0,10.40885753,5.386224214,0,30.33183534,12.13273414,11.60093989,0,5.957037037,0,3.13867284,0,0,14.01540123,0,0,0,0,11,0,0,0,0,0,2,0,2,0,0,1,0,0,0,0,2,3.4932,48.958,0,0,0,0,0,0,0,0,0,0,0,0,0,0,0,0,0,0,0,0,0,0,0,0,0,0,0,0,0,0,0,0,0,0,2,0,1,0,0,0,0,0,0,0,1,0,0,0,0,0,0,0,0,0,0,0,0,0,0,0,0,0,0,0,0,0,0,0,0,0,0,0,0,0,0,0,0,0,0,0,0,0,0,0,0,0.818181818,1.545454545,2.363636364,0,0
D,8,DIO（对照组）,1PM6:1.3L8 - BO,1,液体,ITO/PEDOT:PSS-TA / PM6-L8BO/ PNDIT-F3N/Ag,ICCCCCCCCI,0.861,26.27,80.3,18.16,1.74E-06,2.454655993,2.454655993,1.337345679,1.337345679,0.360140031,10.2,366.024,349.896,365.9341465,62,0,-0.000472812,-0.086375917,0.086375917,0.000472812,126.9137216,10.13204741,1.878618147,-1.964807038,2.067504511,-1.799735234,14.10995232,0.63270578,1.967154472,2.647604849,47.21928095,7.656854249,6.412783196,10.72777978,4.914213562,4.034522484,7.085685828,2.499284817,4.656783108,1.517261242,3.042842914,0.896089018,1.974838163,1.46,175.076748,11.46,10.46,9.46,91.81752207,0,0,0,0,0,0,0,0,0,0,70.86502775,21.69674805,0,0,0,45.18174125,0,0,0,38.52492974,8.855104805,0,0,0,0,0,0,45.18174125,8.855104805,0,0,38.52492974,0,0,0,0,0,0,0,0,0,0,0,47.38003454,0,0,45.18174125,0,2.674691358,4.909311987,0,0,0,0,0,8.655996655,0,0,1,10,0,0,0,0,0,0,0,0,0,0,2,7,0,0,0,0,4.197,65.476,0,0,0,0,0,0,0,0,0,0,0,0,0,0,0,0,0,0,0,0,0,0,0,0,0,2,0,0,0,0,0,0,0,0,0,0,0,0,0,0,0,0,0,0,2,0,0,0,0,0,0,0,0,0,0,0,0,0,0,0,0,0,0,0,0,0,0,0,0,0,0,0,0,0,0,0,0,0,0,0,0,0,0,5,0,0.5,0.8,1.1,0,0
D,8,DIO,0.8PM6:0.2D18-Fu:1.3L8-BO,1,液体,ITO/PEDOT:PSS-TA / PM6:D18-Fu:L8-BO / PNDIT-F3N/Ag,ICCCCCCCCI,0.869,27.16,79.8,18.83,1.74E-06,2.454655993,2.454655993,1.337345679,1.337345679,0.360140031,10.2,366.024,349.896,365.9341465,62,0,-0.000472812,-0.086375917,0.086375917,0.000472812,126.9137216,10.13204741,1.878618147,-1.964807038,2.067504511,-1.799735234,14.10995232,0.63270578,1.967154472,2.647604849,47.21928095,7.656854249,6.412783196,10.72777978,4.914213562,4.034522484,7.085685828,2.499284817,4.656783108,1.517261242,3.042842914,0.896089018,1.974838163,1.46,175.076748,11.46,10.46,9.46,91.81752207,0,0,0,0,0,0,0,0,0,0,70.86502775,21.69674805,0,0,0,45.18174125,0,0,0,38.52492974,8.855104805,0,0,0,0,0,0,45.18174125,8.855104805,0,0,38.52492974,0,0,0,0,0,0,0,0,0,0,0,47.38003454,0,0,45.18174125,0,2.674691358,4.909311987,0,0,0,0,0,8.655996655,0,0,1,10,0,0,0,0,0,0,0,0,0,0,2,7,0,0,0,0,4.197,65.476,0,0,0,0,0,0,0,0,0,0,0,0,0,0,0,0,0,0,0,0,0,0,0,0,0,2,0,0,0,0,0,0,0,0,0,0,0,0,0,0,0,0,0,0,2,0,0,0,0,0,0,0,0,0,0,0,0,0,0,0,0,0,0,0,0,0,0,0,0,0,0,0,0,0,0,0,0,0,0,0,0,0,0,5,0,0.5,0.8,1.1,0,0
D,8,DIO,0.6PM6:0.4D18-Fu:1.3L8-BO,1,液体,ITO/PEDOT:PSS-TA / PM6:D18-Fu:L8-BO / PNDIT-F3N/Ag,ICCCCCCCCI,0.871,26.84,79.3,18.54,1.74E-06,2.454655993,2.454655993,1.337345679,1.337345679,0.360140031,10.2,366.024,349.896,365.9341465,62,0,-0.000472812,-0.086375917,0.086375917,0.000472812,126.9137216,10.13204741,1.878618147,-1.964807038,2.067504511,-1.799735234,14.10995232,0.63270578,1.967154472,2.647604849,47.21928095,7.656854249,6.412783196,10.72777978,4.914213562,4.034522484,7.085685828,2.499284817,4.656783108,1.517261242,3.042842914,0.896089018,1.974838163,1.46,175.076748,11.46,10.46,9.46,91.81752207,0,0,0,0,0,0,0,0,0,0,70.86502775,21.69674805,0,0,0,45.18174125,0,0,0,38.52492974,8.855104805,0,0,0,0,0,0,45.18174125,8.855104805,0,0,38.52492974,0,0,0,0,0,0,0,0,0,0,0,47.38003454,0,0,45.18174125,0,2.674691358,4.909311987,0,0,0,0,0,8.655996655,0,0,1,10,0,0,0,0,0,0,0,0,0,0,2,7,0,0,0,0,4.197,65.476,0,0,0,0,0,0,0,0,0,0,0,0,0,0,0,0,0,0,0,0,0,0,0,0,0,2,0,0,0,0,0,0,0,0,0,0,0,0,0,0,0,0,0,0,2,0,0,0,0,0,0,0,0,0,0,0,0,0,0,0,0,0,0,0,0,0,0,0,0,0,0,0,0,0,0,0,0,0,0,0,0,0,0,5,0,0.5,0.8,1.1,0,0
D,8,CN,1D18-Fu:1.3L8-BO,1,液体,ITO/PEDOT:PSS-TA / D18-Fu:L8-BO/ PNDIT-F3N/Ag,ClC1=CC=CC2=CC=CC=C21,0.868,26.00 ,78.4,17.69,0.83984914,5.957037037,5.957037037,0.822314815,0.822314815,0.55644797,10.27272727,162.619,155.563,162.0236279,54,0,0.048389036,-0.083664219,0.083664219,0.048389036,35.49569104,10.12844457,1.934419766,-1.966428521,2.214722752,-1.704476637,6.349799888,1.748124801,2.05595014,2.913161164,374.0344904,7.681798276,5.919416357,6.675345303,5.377010098,3.510349442,3.888313915,2.460971502,2.868171629,1.736428508,2.066016729,1.185882541,1.430724861,-1.01,505.7637346,6.684816447,2.554171088,1.099229702,70.41633388,0,0,0,0,0,0,0,0,0,0,47.9991423,11.45259128,10.40885753,0,0,22.37338832,0,0,0,0,0,47.48720279,0,0,0,0,0,11.60093989,0,0,0,0,42.46456948,5.022633314,10.77244843,0,0,0,0,0,0,0,10.40885753,5.386224214,0,30.33183534,12.13273414,11.60093989,0,5.957037037,0,3.13867284,0,0,14.01540123,0,0,0,0,11,0,0,0,0,0,2,0,2,0,0,1,0,0,0,0,2,3.4932,48.958,0,0,0,0,0,0,0,0,0,0,0,0,0,0,0,0,0,0,0,0,0,0,0,0,0,0,0,0,0,0,0,0,0,0,2,0,1,0,0,0,0,0,0,0,1,0,0,0,0,0,0,0,0,0,0,0,0,0,0,0,0,0,0,0,0,0,0,0,0,0,0,0,0,0,0,0,0,0,0,0,0,0,0,0,0,0.818181818,1.545454545,2.363636364,0,0
D,8,CN,0.8D18-Fu:0.2PM6:1.3L8-BO,1,液体,ITO/PEDOT:PSS-TA / D18-Fu:PM6:L8-BO/ PNDIT-F3N/Ag,ClC1=CC=CC2=CC=CC=C21,0.867,26.73,78.8,18.26,0.83984923,5.957037037,5.957037037,0.822314815,0.822314815,0.55644797,10.27272727,162.619,155.563,162.0236279,54,0,0.048389036,-0.083664219,0.083664219,0.048389036,35.49569104,10.12844457,1.934419766,-1.966428521,2.214722752,-1.704476637,6.349799888,1.748124801,2.05595014,2.913161164,374.0344904,7.681798276,5.919416357,6.675345303,5.377010098,3.510349442,3.888313915,2.460971502,2.868171629,1.736428508,2.066016729,1.185882541,1.430724861,-1.01,505.7637346,6.684816447,2.554171088,1.099229702,70.41633388,0,0,0,0,0,0,0,0,0,0,47.9991423,11.45259128,10.40885753,0,0,22.37338832,0,0,0,0,0,47.48720279,0,0,0,0,0,11.60093989,0,0,0,0,42.46456948,5.022633314,10.77244843,0,0,0,0,0,0,0,10.40885753,5.386224214,0,30.33183534,12.13273414,11.60093989,0,5.957037037,0,3.13867284,0,0,14.01540123,0,0,0,0,11,0,0,0,0,0,2,0,2,0,0,1,0,0,0,0,2,3.4932,48.958,0,0,0,0,0,0,0,0,0,0,0,0,0,0,0,0,0,0,0,0,0,0,0,0,0,0,0,0,0,0,0,0,0,0,2,0,1,0,0,0,0,0,0,0,1,0,0,0,0,0,0,0,0,0,0,0,0,0,0,0,0,0,0,0,0,0,0,0,0,0,0,0,0,0,0,0,0,0,0,0,0,0,0,0,0,0.818181818,1.545454545,2.363636364,0,0
D,8,CN,0.6D18-Fu0.4:PM6:1.3L8-BO,1,液体,ITO/PEDOT:PSS-TA / D18-Fu:PM6:L8-BO/ PNDIT-F3N/Ag,ClC1=CC=CC2=CC=CC=C21,0.864,26.48,79.2,18.12,0.83984914,5.957037037,5.957037037,0.822314815,0.822314815,0.55644797,10.27272727,162.619,155.563,162.0236279,54,0,0.048389036,-0.083664219,0.083664219,0.048389036,35.49569104,10.12844457,1.934419766,-1.966428521,2.214722752,-1.704476637,6.349799888,1.748124801,2.05595014,2.913161164,374.0344904,7.681798276,5.919416357,6.675345303,5.377010098,3.510349442,3.888313915,2.460971502,2.868171629,1.736428508,2.066016729,1.185882541,1.430724861,-1.01,505.7637346,6.684816447,2.554171088,1.099229702,70.41633388,0,0,0,0,0,0,0,0,0,0,47.9991423,11.45259128,10.40885753,0,0,22.37338832,0,0,0,0,0,47.48720279,0,0,0,0,0,11.60093989,0,0,0,0,42.46456948,5.022633314,10.77244843,0,0,0,0,0,0,0,10.40885753,5.386224214,0,30.33183534,12.13273414,11.60093989,0,5.957037037,0,3.13867284,0,0,14.01540123,0,0,0,0,11,0,0,0,0,0,2,0,2,0,0,1,0,0,0,0,2,3.4932,48.958,0,0,0,0,0,0,0,0,0,0,0,0,0,0,0,0,0,0,0,0,0,0,0,0,0,0,0,0,0,0,0,0,0,0,2,0,1,0,0,0,0,0,0,0,1,0,0,0,0,0,0,0,0,0,0,0,0,0,0,0,0,0,0,0,0,0,0,0,0,0,0,0,0,0,0,0,0,0,0,0,0,0,0,0,0,0.818181818,1.545454545,2.363636364,0,0
D,9,DOB,PM6:L8-BO,1,挥发性固体,ITO/PEDOT:PSS/PM6:L8-BO/PNDIT-F3N/Ag,COC1=CC=C(OC)C=C1,0.900 ,25.05,75.60 ,17.05,8.46E-06,4.958112245,4.958112245,0.847962963,0.847962963,0.618911315,9,138.166,128.086,138.0680796,54,0,0.118629093,-0.496763807,0.496763807,0.118629093,16.47041523,10.31021897,1.894532295,-1.999616946,2.152676394,-1.834139467,5.303277061,0.402870363,2.048167391,2.797251263,167.9174942,7.397341225,6.125897658,6.125897658,4.863703305,3.046112076,3.046112076,1.879652811,1.879652811,1.295136894,1.295136894,0.711809491,0.711809491,-1.18,237.5874173,6.933378685,3.106854972,1.405575872,60.38837781,9.473725908,11.49902367,0,0,0,0,0,0,0,0,0,24.26546827,0,14.21959508,9.473725908,0,0,0,0,0,14.21959508,24.26546827,0,11.49902367,9.473725908,0,11.49902367,0,14.21959508,0,0,0,24.26546827,0,0,0,18.46,0,0,0,0,0,11.49902367,0,14.21959508,24.26546827,0,9.473725908,9.91622449,0,0,0,0,1.695925926,7.439814815,0,0,3.281368103,0.25,10,0,2,0,0,0,1,0,1,2,0,2,2,0,0,0,1,1.7038,39.546,0,0,0,0,0,0,0,0,0,0,0,0,0,0,0,0,0,0,0,0,0,0,0,0,0,0,0,0,0,0,0,0,0,0,1,0,0,0,0,0,0,2,0,0,0,0,0,0,0,0,0,0,0,0,0,2,0,0,0,0,0,0,0,0,0,0,0,0,0,0,0,0,0,0,0,0,0,0,0,0,0,0,0,0,0,0.8,1.1,1.3,0,0
D,9,OIB,PM6:L8-BO,1,挥发性固体,ITO/PEDOT:PSS/PM6:L8-BO/PNDIT-F3N/Ag,COC1=CC=C(I)C=C1,0.910 ,25.86,75.78,17.83,1.28624604,4.965833333,4.965833333,0.912422222,0.912422222,0.67715712,9.111111111,234.036,226.98,233.9541628,48,0,0.118432066,-0.496767288,0.496767288,0.118432066,126.9127043,10.34067978,1.862682344,-1.958506557,2.114055037,-1.799501778,14.11191551,0.414469965,1.900372628,2.881555878,180.6125685,6.690234444,5.09561384,7.253112131,4.325698503,2.622721877,3.701471023,1.658044296,2.903676515,1.049340028,1.768506125,0.570679425,0.930262473,-0.25,129.2253387,6.864285714,3.055570579,1.855930285,68.17172858,4.736862954,5.749511833,0,0,0,0,0,0,0,0,0,46.8563389,3.570182271,7.109797541,4.736862954,22.59087063,0,0,0,0,7.109797541,27.83565054,0,5.749511833,4.736862954,0,5.749511833,22.59087063,7.109797541,0,3.570182271,0,24.26546827,0,0,0,9.23,0,0,0,0,0,5.749511833,3.570182271,7.109797541,24.26546827,22.59087063,4.736862954,6.195833333,2.25724898,0,0,0,0.912422222,7.918981481,0,0,1.668847317,0.142857143,9,0,1,0,0,0,1,0,1,1,0,2,1,0,0,0,1,2.2998,45.711,0,0,0,0,0,0,0,0,0,0,0,0,0,0,0,0,0,0,0,0,0,0,0,0,0,0,0,0,0,0,0,0,0,0,1,0,0,0,0,0,0,1,0,0,1,0,0,0,0,0,0,0,0,0,0,1,0,0,0,0,0,0,0,0,0,0,0,0,0,0,0,0,0,0,0,0,0,0,0,0,0,0,0,0,0,1.222222222,1.777777778,2.222222222,0,0
D,9,DIB,PM6:L8-BO,1,挥发性固体,ITO/PEDOT:PSS/PM6:L8-BO/PNDIT-F3N/Ag,IC1=CC=C(I)C=C1,0.893,26.17,79.43,18.57,0.83750645,2.293133333,2.293133333,1.294459259,1.294459259,0.642051393,9.25,329.906,325.874,329.8402461,42,0,0.013054724,-0.047792868,0.047792868,0.013054724,126.913722,10.37614531,1.823583796,-1.865196704,2.071859743,-1.684989424,14.11320949,1.599140599,1.769973094,3.032455532,145.3883389,5.983127663,4.065330023,8.380326605,3.7876937,2.199331678,4.356829969,1.43643578,3.927700219,0.803543161,2.241875356,0.429549359,1.148715456,0.68,70.79892376,6.795207373,3.004496065,1.889429225,75.95507936,0,0,0,0,0,0,0,0,0,0,0,69.44720953,7.140364542,0,0,45.18174125,0,0,0,0,0,31.40583282,0,0,0,0,0,45.18174125,0,0,7.140364542,0,24.26546827,0,0,0,0,0,0,0,0,0,0,7.140364542,0,0,69.44720953,0,2.588918519,4.586266667,0,0,0,0,8.398148148,0,0,0,0,8,0,0,0,0,0,1,0,1,0,0,2,0,0,0,0,1,2.8958,51.876,0,0,0,0,0,0,0,0,0,0,0,0,0,0,0,0,0,0,0,0,0,0,0,0,0,0,0,0,0,0,0,0,0,0,1,0,0,0,0,0,0,0,0,0,2,0,0,0,0,0,0,0,0,0,0,0,0,0,0,0,0,0,0,0,0,0,0,0,0,0,0,0,0,0,0,0,0,0,0,0,0,0,0,0,0,0.75,1,1.25,0,0
D,9,SIB,PM6:L8-BO,1,挥发性固体,ITO/PEDOT:PSS/PM6:L8-BO/PNDIT-F3N/Ag,CSC1=CC=C(I)C=C1,0.898,26.30 ,79.92,18.87,1.25875119,2.303545276,2.303545276,1.296666667,1.296666667,0.544998502,9.555555556,250.104,243.048,249.9313192,48,0,0.013060301,-0.129600591,0.129600591,0.013060301,126.9127043,10.36950205,1.859896496,-1.924669187,2.147117967,-1.689712133,14.11191561,1.44515631,1.900372628,2.881555878,180.6125685,6.690234444,5.09561384,8.069608712,4.325698503,2.622721877,4.926215894,1.658044296,3.783329326,1.049340028,2.512076173,0.570679425,1.338510764,0.3,129.2253387,7.407526882,3.463912601,2.177453896,73.18129338,0,0,0,0,0,0,0,0,0,11.76188495,0,53.11210808,8.465665747,0,0,34.35275558,0,0,0,4.895483476,6.255769184,27.83565054,0,0,0,0,0,34.35275558,6.255769184,0,3.570182271,0,29.16095175,0,0,0,0,0,0,0,0,0,0,8.465665747,11.76188495,0,53.11210808,0,1.296666667,4.077711943,1.329088889,0,0,0,8.497685185,2.085513983,0,0,0.142857143,9,0,0,0,0,0,1,0,1,1,0,2,1,0,0,0,1,3.0131,50.94,0,0,0,0,0,0,0,0,0,0,0,0,0,0,0,0,0,0,0,0,0,0,0,0,0,0,0,0,0,0,0,0,0,0,1,0,0,0,0,0,0,0,0,0,1,0,0,0,0,0,0,0,0,0,0,0,0,0,0,0,0,0,0,0,0,0,0,0,0,0,0,0,0,0,0,1,0,0,0,0,0,0,0,0,0,1.222222222,1.777777778,2.222222222,0,0
D,9,DSB,PM6:L8-BO,1,挥发性固体,ITO/PEDOT:PSS/PM6:L8-BO/PNDIT-F3N/Ag,CSC1=CC=C(SC)C=C1,0.858,24.60 ,73.90 ,15.59,3.66E-06,2.149305556,2.149305556,1.331296296,1.331296296,0.625388376,9.8,170.302,160.222,170.0223923,54,0,0.006986309,-0.129600488,0.129600488,0.006986309,32.16762555,10.36303382,1.886799077,-1.962016885,2.191134073,-1.693719906,7.986021713,1.358787383,2.048167391,2.797251263,167.9174942,7.397341225,6.125897658,7.75889082,4.863703305,3.046112076,5.495601819,1.879652811,3.638958434,1.295136894,2.782276989,0.711809491,1.528306072,-0.08,237.5874173,8.020806452,3.937882077,1.957306778,70.4075074,0,0,0,0,0,0,0,0,0,23.5237699,0,36.77700664,9.790966951,0,0,23.5237699,0,0,0,9.790966951,12.51153837,24.26546827,0,0,0,0,0,23.5237699,12.51153837,0,0,0,34.05643522,0,0,0,0,0,0,0,0,0,0,9.790966951,23.5237699,0,36.77700664,0,0,3.557456538,2.662592593,0,0,0,8.597222222,4.182728647,0,0,0.25,10,0,0,0,0,0,1,0,1,2,0,2,2,0,0,0,1,3.1304,50.004,0,0,0,0,0,0,0,0,0,0,0,0,0,0,0,0,0,0,0,0,0,0,0,0,0,0,0,0,0,0,0,0,0,0,1,0,0,0,0,0,0,0,0,0,0,0,0,0,0,0,0,0,0,0,0,0,0,0,0,0,0,0,0,0,0,0,0,0,0,0,0,0,0,0,0,2,0,0,0,0,0,0,0,0,0,0.8,1.1,1.3,0,0
D,9,SIB,PBTz-F:L8-BO,1,挥发性固体,ITO/PEDOT:PSS/PBTz-F:L8-BO/PNDIT-F3N/Ag,CSC1=CC=C(I)C=C1,0.905,26.57,78.23,18.81,1.25875119,2.303545276,2.303545276,1.296666667,1.296666667,0.544998502,9.555555556,250.104,243.048,249.9313192,48,0,0.013060301,-0.129600591,0.129600591,0.013060301,126.9127043,10.36950205,1.859896496,-1.924669187,2.147117967,-1.689712133,14.11191561,1.44515631,1.900372628,2.881555878,180.6125685,6.690234444,5.09561384,8.069608712,4.325698503,2.622721877,4.926215894,1.658044296,3.783329326,1.049340028,2.512076173,0.570679425,1.338510764,0.3,129.2253387,7.407526882,3.463912601,2.177453896,73.18129338,0,0,0,0,0,0,0,0,0,11.76188495,0,53.11210808,8.465665747,0,0,34.35275558,0,0,0,4.895483476,6.255769184,27.83565054,0,0,0,0,0,34.35275558,6.255769184,0,3.570182271,0,29.16095175,0,0,0,0,0,0,0,0,0,0,8.465665747,11.76188495,0,53.11210808,0,1.296666667,4.077711943,1.329088889,0,0,0,8.497685185,2.085513983,0,0,0.142857143,9,0,0,0,0,0,1,0,1,1,0,2,1,0,0,0,1,3.0131,50.94,0,0,0,0,0,0,0,0,0,0,0,0,0,0,0,0,0,0,0,0,0,0,0,0,0,0,0,0,0,0,0,0,0,0,1,0,0,0,0,0,0,0,0,0,1,0,0,0,0,0,0,0,0,0,0,0,0,0,0,0,0,0,0,0,0,0,0,0,0,0,0,0,0,0,0,1,0,0,0,0,0,0,0,0,0,1.222222222,1.777777778,2.222222222,0,0
D,9,SIB,20%PBTz-F：PM6:L8-BO,1,挥发性固体,ITO/PEDOT:PSS/PBTz-F:L8-BO/PNDIT-F3N/Ag,CSC1=CC=C(I)C=C1,0.905,27.10 ,80.06,19.68,1.25875119,2.303545276,2.303545276,1.296666667,1.296666667,0.544998502,9.555555556,250.104,243.048,249.9313192,48,0,0.013060301,-0.129600591,0.129600591,0.013060301,126.9127043,10.36950205,1.859896496,-1.924669187,2.147117967,-1.689712133,14.11191561,1.44515631,1.900372628,2.881555878,180.6125685,6.690234444,5.09561384,8.069608712,4.325698503,2.622721877,4.926215894,1.658044296,3.783329326,1.049340028,2.512076173,0.570679425,1.338510764,0.3,129.2253387,7.407526882,3.463912601,2.177453896,73.18129338,0,0,0,0,0,0,0,0,0,11.76188495,0,53.11210808,8.465665747,0,0,34.35275558,0,0,0,4.895483476,6.255769184,27.83565054,0,0,0,0,0,34.35275558,6.255769184,0,3.570182271,0,29.16095175,0,0,0,0,0,0,0,0,0,0,8.465665747,11.76188495,0,53.11210808,0,1.296666667,4.077711943,1.329088889,0,0,0,8.497685185,2.085513983,0,0,0.142857143,9,0,0,0,0,0,1,0,1,1,0,2,1,0,0,0,1,3.0131,50.94,0,0,0,0,0,0,0,0,0,0,0,0,0,0,0,0,0,0,0,0,0,0,0,0,0,0,0,0,0,0,0,0,0,0,1,0,0,0,0,0,0,0,0,0,1,0,0,0,0,0,0,0,0,0,0,0,0,0,0,0,0,0,0,0,0,0,0,0,0,0,0,0,0,0,0,1,0,0,0,0,0,0,0,0,0,1.222222222,1.777777778,2.222222222,0,0
D,9,SIB,30%PBTz-F：PM6:L8-BO,1,挥发性固体,ITO/PEDOT:PSS/PBTz-F:L8-BO/PNDIT-F3N/Ag,CSC1=CC=C(I)C=C1,0.905,27.10 ,80.06,19.37,1.25875119,2.303545276,2.303545276,1.296666667,1.296666667,0.544998502,9.555555556,250.104,243.048,249.9313192,48,0,0.013060301,-0.129600591,0.129600591,0.013060301,126.9127043,10.36950205,1.859896496,-1.924669187,2.147117967,-1.689712133,14.11191561,1.44515631,1.900372628,2.881555878,180.6125685,6.690234444,5.09561384,8.069608712,4.325698503,2.622721877,4.926215894,1.658044296,3.783329326,1.049340028,2.512076173,0.570679425,1.338510764,0.3,129.2253387,7.407526882,3.463912601,2.177453896,73.18129338,0,0,0,0,0,0,0,0,0,11.76188495,0,53.11210808,8.465665747,0,0,34.35275558,0,0,0,4.895483476,6.255769184,27.83565054,0,0,0,0,0,34.35275558,6.255769184,0,3.570182271,0,29.16095175,0,0,0,0,0,0,0,0,0,0,8.465665747,11.76188495,0,53.11210808,0,1.296666667,4.077711943,1.329088889,0,0,0,8.497685185,2.085513983,0,0,0.142857143,9,0,0,0,0,0,1,0,1,1,0,2,1,0,0,0,1,3.0131,50.94,0,0,0,0,0,0,0,0,0,0,0,0,0,0,0,0,0,0,0,0,0,0,0,0,0,0,0,0,0,0,0,0,0,0,1,0,0,0,0,0,0,0,0,0,1,0,0,0,0,0,0,0,0,0,0,0,0,0,0,0,0,0,0,0,0,0,0,0,0,0,0,0,0,0,0,1,0,0,0,0,0,0,0,0,0,1.222222222,1.777777778,2.222222222,0,0
D,10,0.5%ODT,FTAZ:ITIC-Th,1,液体,"ITO/ZnO/FTAZ:ITIC-Th (1:1.5, w/w)/MoO3/Ag",SCCCCCCCCS,0.884,17.82,66.3,10.44,8.46E-06,4.151822204,4.151822204,1.048182442,1.048182442,0.434021734,10.2,178.366,160.222,178.0849926,62,0,-0.009791409,-0.179363901,0.179363901,0.009791409,32.11797135,10.13005948,1.874878608,-1.968574923,2.054006733,-1.805272694,7.798885556,0.629688282,1.967154472,2.647604849,47.21928095,7.656854249,6.55128144,8.340135822,4.914213562,4.132455532,5.397366596,2.568533939,3.46296113,1.566227766,2.198683298,0.930713579,1.377927174,0.7,175.076748,10.7,9.7,8.7,75.60397916,0,0,0,0,0,0,0,0,25.2575783,0,25.68328649,24.34735046,0,0,0,25.2575783,0,0,0,38.52492974,11.50570721,0,0,0,0,0,0,25.2575783,11.50570721,0,0,38.52492974,0,0,0,0,0,0,0,0,0,0,11.50570721,38.52492974,0,0,25.2575783,0,0,8.303644407,0,0,0,2.096364883,0,8.044435154,0,0,1,10,0,0,0,0,0,0,0,0,2,2,2,7,0,0,0,0,3.1866,55.408,0,0,0,0,0,0,0,0,0,0,0,0,0,0,0,0,0,0,0,0,0,0,2,0,0,0,0,0,0,0,0,0,0,0,0,0,0,0,0,0,0,0,0,0,0,0,0,0,0,0,0,0,0,0,0,0,0,0,0,0,0,0,0,0,0,0,0,0,0,0,0,0,0,0,0,0,0,0,0,0,0,0,0,5,0,0.5,0.8,1.1,0,0
D,10,0.5%DIO,FTAZ:ITIC-Th,1,液体,"ITO/ZnO/FTAZ:ITIC-Th (1:1.5, w/w)/MoO3/Ag",ICCCCCCCCI,0.879,16.4,62.69,9.04,1.74E-06,2.454655993,2.454655993,1.337345679,1.337345679,0.360140031,10.2,366.024,349.896,365.9341465,62,0,-0.000472812,-0.086375917,0.086375917,0.000472812,126.9137216,10.13204741,1.878618147,-1.964807038,2.067504511,-1.799735234,14.10995232,0.63270578,1.967154472,2.647604849,47.21928095,7.656854249,6.412783196,10.72777978,4.914213562,4.034522484,7.085685828,2.499284817,4.656783108,1.517261242,3.042842914,0.896089018,1.974838163,1.46,175.076748,11.46,10.46,9.46,91.81752207,0,0,0,0,0,0,0,0,0,0,70.86502775,21.69674805,0,0,0,45.18174125,0,0,0,38.52492974,8.855104805,0,0,0,0,0,0,45.18174125,8.855104805,0,0,38.52492974,0,0,0,0,0,0,0,0,0,0,0,47.38003454,0,0,45.18174125,0,2.674691358,4.909311987,0,0,0,0,0,8.655996655,0,0,1,10,0,0,0,0,0,0,0,0,0,0,2,7,0,0,0,0,4.197,65.476,0,0,0,0,0,0,0,0,0,0,0,0,0,0,0,0,0,0,0,0,0,0,0,0,0,2,0,0,0,0,0,0,0,0,0,0,0,0,0,0,0,0,0,0,2,0,0,0,0,0,0,0,0,0,0,0,0,0,0,0,0,0,0,0,0,0,0,0,0,0,0,0,0,0,0,0,0,0,0,0,0,0,0,5,0,0.5,0.8,1.1,0,0
D,10,0.375%ODT0.125%DIO,FTAZ:ITIC-Th,2,液体,"ITO/ZnO/FTAZ:ITIC-Th (1:1.5, w/w)/MoO3/Ag",ICCCCCCCCI,0.922,17.78,66.64,10.93,1.74E-06,2.454655993,2.454655993,1.337345679,1.337345679,0.360140031,10.2,366.024,349.896,365.9341465,62,0,-0.000472812,-0.086375917,0.086375917,0.000472812,126.9137216,10.13204741,1.878618147,-1.964807038,2.067504511,-1.799735234,14.10995232,0.63270578,1.967154472,2.647604849,47.21928095,7.656854249,6.412783196,10.72777978,4.914213562,4.034522484,7.085685828,2.499284817,4.656783108,1.517261242,3.042842914,0.896089018,1.974838163,1.46,175.076748,11.46,10.46,9.46,91.81752207,0,0,0,0,0,0,0,0,0,0,70.86502775,21.69674805,0,0,0,45.18174125,0,0,0,38.52492974,8.855104805,0,0,0,0,0,0,45.18174125,8.855104805,0,0,38.52492974,0,0,0,0,0,0,0,0,0,0,0,47.38003454,0,0,45.18174125,0,2.674691358,4.909311987,0,0,0,0,0,8.655996655,0,0,1,10,0,0,0,0,0,0,0,0,0,0,2,7,0,0,0,0,4.197,65.476,0,0,0,0,0,0,0,0,0,0,0,0,0,0,0,0,0,0,0,0,0,0,0,0,0,2,0,0,0,0,0,0,0,0,0,0,0,0,0,0,0,0,0,0,2,0,0,0,0,0,0,0,0,0,0,0,0,0,0,0,0,0,0,0,0,0,0,0,0,0,0,0,0,0,0,0,0,0,0,0,0,0,0,5,0,0.5,0.8,1.1,0,0
D,10,0.375%ODT0.125%DIO,FTAZ:ITIC-Th,2,液体,"ITO/ZnO/FTAZ:ITIC-Th (1:1.5, w/w)/MoO3/Ag",SCCCCCCCCS,0.922,17.78,66.64,10.93,8.46E-06,4.151822204,4.151822204,1.048182442,1.048182442,0.434021734,10.2,178.366,160.222,178.0849926,62,0,-0.009791409,-0.179363901,0.179363901,0.009791409,32.11797135,10.13005948,1.874878608,-1.968574923,2.054006733,-1.805272694,7.798885556,0.629688282,1.967154472,2.647604849,47.21928095,7.656854249,6.55128144,8.340135822,4.914213562,4.132455532,5.397366596,2.568533939,3.46296113,1.566227766,2.198683298,0.930713579,1.377927174,0.7,175.076748,10.7,9.7,8.7,75.60397916,0,0,0,0,0,0,0,0,25.2575783,0,25.68328649,24.34735046,0,0,0,25.2575783,0,0,0,38.52492974,11.50570721,0,0,0,0,0,0,25.2575783,11.50570721,0,0,38.52492974,0,0,0,0,0,0,0,0,0,0,11.50570721,38.52492974,0,0,25.2575783,0,0,8.303644407,0,0,0,2.096364883,0,8.044435154,0,0,1,10,0,0,0,0,0,0,0,0,2,2,2,7,0,0,0,0,3.1866,55.408,0,0,0,0,0,0,0,0,0,0,0,0,0,0,0,0,0,0,0,0,0,0,2,0,0,0,0,0,0,0,0,0,0,0,0,0,0,0,0,0,0,0,0,0,0,0,0,0,0,0,0,0,0,0,0,0,0,0,0,0,0,0,0,0,0,0,0,0,0,0,0,0,0,0,0,0,0,0,0,0,0,0,0,5,0,0.5,0.8,1.1,0,0
D,11,TTz,100nmD18-Cl:L8-BO,1,挥发性固体,ITO/PEDOT:PSS / D18-Cl:L8-BO / PDINN/Ag,C1(C2=CC=CS2)=NC=CS1,0.929,26.61,79.4,19.63,1.42312786,4.187638889,4.187638889,1.12037037,1.12037037,0.636089755,10,167.258,162.218,166.9863412,50,0,0.13277223,-0.243674777,0.243674777,0.13277223,32.13629873,10.48484767,1.975735293,-1.828925819,2.251289899,-1.627815798,7.195196338,1.431339519,2.591730967,2.479782759,251.0152576,6.811554788,5.150461522,6.783454684,4.966326495,2.900133633,4.659439256,1.814558522,3.656818833,1.164280595,2.976454941,0.74537954,2.204981912,-0.67,497.6123456,6.066958211,2.51879401,0.977944637,66.98887185,0,5.007623697,0,0,0,0,0,4.983978521,0,22.67357176,6.066367068,11.44642984,11.57690634,4.877147194,0,22.67357176,0,4.983978521,0,0,0,29.08970325,0,9.884770891,0,0,0,22.67357176,4.983978521,0,0,0,29.08970325,0,9.884770891,0,12.89,0,0,0,0,0,5.007623697,4.877147194,22.67357176,17.64327341,16.43040836,0,0,3.408518519,5.446898148,5.181666667,0,0,4.129861111,1.833055556,0,0,0,10,0,1,0,0,0,0,2,2,3,0,3,1,0,0,0,2,2.8716,45.427,0,0,0,0,0,1,0,0,0,0,0,0,0,0,0,1,0,0,0,0,0,0,0,0,0,0,0,0,0,0,0,0,0,0,0,0,0,0,0,0,0,0,0,0,0,0,0,0,0,0,0,0,0,0,0,0,0,0,0,0,0,0,0,0,0,0,0,0,0,0,0,0,0,0,0,0,0,0,0,0,1,0,1,0,0,1.2,2.2,2.8,0,0
D,11,TTz,300nmD18-Cl:L8-BO,1,挥发性固体,ITO/PEDOT:PSS / D18-Cl:L8-BO / PDINN/Ag,C1(C2=CC=CS2)=NC=CS1,0.918,27.57,73.6,18.63,1.42312786,4.187638889,4.187638889,1.12037037,1.12037037,0.636089755,10,167.258,162.218,166.9863412,50,0,0.13277223,-0.243674777,0.243674777,0.13277223,32.13629873,10.48484767,1.975735293,-1.828925819,2.251289899,-1.627815798,7.195196338,1.431339519,2.591730967,2.479782759,251.0152576,6.811554788,5.150461522,6.783454684,4.966326495,2.900133633,4.659439256,1.814558522,3.656818833,1.164280595,2.976454941,0.74537954,2.204981912,-0.67,497.6123456,6.066958211,2.51879401,0.977944637,66.98887185,0,5.007623697,0,0,0,0,0,4.983978521,0,22.67357176,6.066367068,11.44642984,11.57690634,4.877147194,0,22.67357176,0,4.983978521,0,0,0,29.08970325,0,9.884770891,0,0,0,22.67357176,4.983978521,0,0,0,29.08970325,0,9.884770891,0,12.89,0,0,0,0,0,5.007623697,4.877147194,22.67357176,17.64327341,16.43040836,0,0,3.408518519,5.446898148,5.181666667,0,0,4.129861111,1.833055556,0,0,0,10,0,1,0,0,0,0,2,2,3,0,3,1,0,0,0,2,2.8716,45.427,0,0,0,0,0,1,0,0,0,0,0,0,0,0,0,1,0,0,0,0,0,0,0,0,0,0,0,0,0,0,0,0,0,0,0,0,0,0,0,0,0,0,0,0,0,0,0,0,0,0,0,0,0,0,0,0,0,0,0,0,0,0,0,0,0,0,0,0,0,0,0,0,0,0,0,0,0,0,0,0,1,0,1,0,0,1.2,2.2,2.8,0,0
D,12,"3,6TTBr",PM6:L8-BO,1,低挥发性固体,ITO/ph-4PACz / PM6:L8-BO / PNDI-F3N-Br/Ag,BrC1=CSC2=C1SC=C2Br,0.89,26.8,80.4,19.1,0.36748708,3.480162037,3.480162037,1.211296296,1.211296296,0.672076209,11,298.024,296.008,295.7964663,52,0,0.060416376,-0.140482668,0.140482668,0.060416376,79.91976129,10.53011354,2.051462852,-1.746887195,2.392978534,-1.455238923,9.107257344,2.062341493,2.405109318,2.950478061,324.5871887,7.137828202,4.727126065,9.532112305,4.7876937,2.584967553,5.930269715,1.825528073,5.293507493,1.200551831,5.738186729,0.764897078,4.438541575,0.62,339.1204139,7.278843883,2.587781268,0.978209795,83.1288894,0,0,0,0,0,0,0,0,0,22.67357176,0,31.8598878,19.70556457,9.399839833,0,63.93329938,0,0,0,0,0,19.70556457,0,0,0,0,0,54.53345955,0,0,0,0,19.70556457,0,9.399839833,0,0,0,0,0,0,0,0,18.34527886,22.67357176,0,42.62001334,0,5.11125,10.48810185,0,4.233981481,0,0,0,0,0,0,0,10,0,0,0,0,0,0,2,2,2,0,4,0,0,0,0,2,4.4878,55.102,0,0,0,0,0,0,0,0,0,0,0,0,0,0,0,0,0,0,0,0,0,0,0,0,0,0,0,0,0,0,0,0,0,0,0,0,1,0,0,0,0,0,0,0,2,0,0,0,0,0,0,0,0,0,0,0,0,0,0,0,0,0,0,0,0,0,0,0,0,0,0,0,0,0,0,0,0,0,0,0,0,0,2,0,0,0.9,1.3,1.7,0,0
D,12,"3,6TTBr",PM6:L8-BO,1,低挥发性固体,ITO/ph-4PACz / PM6:L8-BO / PNDI-F3N-Br/Ag,BrC1=CSC2=C1SC=C2Br,0.90 ,27.4,81.2,20.1,0.36748708,3.480162037,3.480162037,1.211296296,1.211296296,0.672076209,11,298.024,296.008,295.7964663,52,0,0.060416376,-0.140482668,0.140482668,0.060416376,79.91976129,10.53011354,2.051462852,-1.746887195,2.392978534,-1.455238923,9.107257344,2.062341493,2.405109318,2.950478061,324.5871887,7.137828202,4.727126065,9.532112305,4.7876937,2.584967553,5.930269715,1.825528073,5.293507493,1.200551831,5.738186729,0.764897078,4.438541575,0.62,339.1204139,7.278843883,2.587781268,0.978209795,83.1288894,0,0,0,0,0,0,0,0,0,22.67357176,0,31.8598878,19.70556457,9.399839833,0,63.93329938,0,0,0,0,0,19.70556457,0,0,0,0,0,54.53345955,0,0,0,0,19.70556457,0,9.399839833,0,0,0,0,0,0,0,0,18.34527886,22.67357176,0,42.62001334,0,5.11125,10.48810185,0,4.233981481,0,0,0,0,0,0,0,10,0,0,0,0,0,0,2,2,2,0,4,0,0,0,0,2,4.4878,55.102,0,0,0,0,0,0,0,0,0,0,0,0,0,0,0,0,0,0,0,0,0,0,0,0,0,0,0,0,0,0,0,0,0,0,0,0,1,0,0,0,0,0,0,0,2,0,0,0,0,0,0,0,0,0,0,0,0,0,0,0,0,0,0,0,0,0,0,0,0,0,0,0,0,0,0,0,0,0,0,0,0,0,2,0,0,0.9,1.3,1.7,0,0
D,12,"1,5-BN",PM6:D18:L8-BO,1,低挥发性固体,ITO/ph-4PACz / PM6:D18:L8-BO / PNDI-F3N-Br/Ag,BrC1=C(C=CC=C2Br)C2=CC=C1,0.90 ,27.5,82.0 ,20.5,0.04378829,3.510162037,3.510162037,1.140092593,1.140092593,0.674443745,10.5,285.966,279.918,283.8836244,60,0,0.025362781,-0.06046703,0.06046703,0.025362781,79.91976132,10.12949483,1.986372023,-2.006608135,2.28320092,-1.740877125,9.106261823,1.679066039,2.071169043,2.943372852,379.8581353,8.552041764,6.220030561,9.392023639,5.7876937,3.615998345,5.201994884,2.574792377,4.283466175,1.815663535,3.198665947,1.233277505,2.230003887,-0.34,737.3361792,8.266954521,3.189554733,1.294146463,87.84816286,0,0,0,0,0,0,0,0,0,0,56.12535607,22.90518257,8.945439032,0,0,42.63233622,0,0,0,0,0,45.34364144,0,0,0,0,0,31.8598878,0,0,0,0,45.34364144,0,10.77244843,0,0,0,0,0,0,0,8.945439032,10.77244843,0,12.13273414,56.12535607,0,2.280185185,7.020324074,0,2.484953704,0,0,12.3812037,0,0,0,0,12,0,0,0,0,0,2,0,2,0,0,2,0,0,0,0,2,4.3648,59.348,0,0,0,0,0,0,0,0,0,0,0,0,0,0,0,0,0,0,0,0,0,0,0,0,0,0,0,0,0,0,0,0,0,0,2,0,1,0,0,0,0,0,0,0,2,0,0,0,0,0,0,0,0,0,0,0,0,0,0,0,0,0,0,0,0,0,0,0,0,0,0,0,0,0,0,0,0,0,0,0,0,0,0,0,0,0.666666667,1.083333333,1.5,0,0
D,13,BPH,PM6:D18:L8-BO,1,非挥发性固体,Glass/ITO/PEDOT:PSS/PM6:D18:L8-BO/BCP/Ag,NNC1=CC=C(Br)C=C1,0.896,26.8,80.1,19.3,0.75583322,5.134584278,5.134584278,0.915,0.915,0.518562161,9.111111111,187.04,179.984,185.9792603,48,0,0.048535672,-0.324149834,0.324149834,0.048535672,79.91873095,10.31879197,1.848914792,-1.960267129,2.118570465,-2.052628943,9.102991412,1.349675842,1.900372628,2.881555878,182.754278,6.690234444,4.764715819,6.350712358,4.325698503,2.549024576,3.342022846,1.651230592,2.566906121,1.010888337,1.53955385,0.546113658,0.810446414,-0.54,129.2253387,6.57820331,2.84538144,1.69338176,62.15883963,5.425791397,0,0,0,0,0,5.84267027,0,0,0,15.9299439,24.26546827,10.16010579,0,0,21.61733017,0,0,5.84267027,0,5.425791397,28.73818779,0,0,11.26846167,5.687386275,0,15.9299439,0,0,0,0,28.73818779,0,0,0,38.05,0,0,0,0,0,10.16010579,0,0,24.26546827,21.3557353,5.84267027,1.056944444,3.306017574,0,0,3.448333333,5.134584278,7.637453704,0,0,0,0,9,3,2,0,0,0,1,0,1,2,2,3,1,0,0,0,1,1.7347,41.9521,0,0,0,1,0,0,0,0,0,0,0,0,0,0,0,0,1,1,0,0,0,0,0,0,0,0,0,0,0,1,0,0,0,0,1,0,0,0,0,0,0,0,0,0,1,1,0,0,0,0,0,0,0,0,0,0,0,0,0,0,0,0,0,0,0,0,0,0,0,0,0,0,0,0,0,0,0,0,0,0,0,0,0,0,0,1.222222222,1.777777778,2.222222222,1,0
D,14,PDCI,PM6:Y6,1,挥发性固体,ITO/PEDOT:PSS/PM6:Y6/PNDIT-F3N/Ag,ClC1=NC=C(I)C=C1,0.8369,27.51,78.69,18.12,1.37690432,5.497222222,5.497222222,0.546681481,0.546681481,0.500128449,9.25,239.443,236.419,238.8998748,42,0,0.128587321,-0.243477181,0.243477181,0.128587321,126.9127043,10.51182735,1.842907833,-1.854021942,2.056268131,-1.726770275,14.111915,1.307892404,1.769973094,3.032455532,151.2884734,5.983127663,3.935193349,6.848620586,3.7876937,2.059128898,3.515842516,1.299140595,2.932021556,0.691293063,1.552986109,0.3577713,0.788617823,0.17,70.79892376,6.292399021,2.639049753,1.594499342,66.21615545,0,5.153109817,0,0,0,0,0,4.983978521,0,0,11.60093989,34.72360476,9.767025843,0,0,34.19181052,0,4.983978521,0,0,0,27.0528698,0,0,0,0,0,34.19181052,4.983978521,0,3.570182271,0,18.32957771,5.153109817,0,0,12.89,0,0,0,0,5.153109817,3.570182271,0,12.26321064,6.066367068,27.57484915,11.60093989,1.103703704,7.672546914,3.836635802,0.546681481,0,0,3.679783951,1.725092593,0,0,0,8,0,1,0,0,0,0,1,1,1,0,3,0,0,0,0,1,2.3396,41.964,0,0,0,0,0,1,0,0,0,0,0,0,0,0,0,1,0,0,0,0,0,0,0,0,0,0,0,0,0,0,0,0,0,0,0,0,0,0,0,0,0,0,0,0,2,0,0,0,0,0,0,0,0,0,0,0,0,0,0,0,0,0,0,0,0,0,0,0,0,0,0,0,0,1,0,0,0,0,0,0,0,0,0,0,0,1.5,2.25,2.625,0,0
D,14,PDCI,PM6:eC9,1,挥发性固体,ITO/PEDOT:PSS/PM6:eC9/PNDIT-F3N/Ag,ClC1=NC=C(I)C=C1,0.8528,28.27,78.91,19.02,1.37690432,5.497222222,5.497222222,0.546681481,0.546681481,0.500128449,9.25,239.443,236.419,238.8998748,42,0,0.128587321,-0.243477181,0.243477181,0.128587321,126.9127043,10.51182735,1.842907833,-1.854021942,2.056268131,-1.726770275,14.111915,1.307892404,1.769973094,3.032455532,151.2884734,5.983127663,3.935193349,6.848620586,3.7876937,2.059128898,3.515842516,1.299140595,2.932021556,0.691293063,1.552986109,0.3577713,0.788617823,0.17,70.79892376,6.292399021,2.639049753,1.594499342,66.21615545,0,5.153109817,0,0,0,0,0,4.983978521,0,0,11.60093989,34.72360476,9.767025843,0,0,34.19181052,0,4.983978521,0,0,0,27.0528698,0,0,0,0,0,34.19181052,4.983978521,0,3.570182271,0,18.32957771,5.153109817,0,0,12.89,0,0,0,0,5.153109817,3.570182271,0,12.26321064,6.066367068,27.57484915,11.60093989,1.103703704,7.672546914,3.836635802,0.546681481,0,0,3.679783951,1.725092593,0,0,0,8,0,1,0,0,0,0,1,1,1,0,3,0,0,0,0,1,2.3396,41.964,0,0,0,0,0,1,0,0,0,0,0,0,0,0,0,1,0,0,0,0,0,0,0,0,0,0,0,0,0,0,0,0,0,0,0,0,0,0,0,0,0,0,0,0,2,0,0,0,0,0,0,0,0,0,0,0,0,0,0,0,0,0,0,0,0,0,0,0,0,0,0,0,0,1,0,0,0,0,0,0,0,0,0,0,0,1.5,2.25,2.625,0,0
D,14,PDCI,PM6:L8-BO,1,挥发性固体,ITO/PEDOT:PSS/PM6:L8-BO/PNDIT-F3N/Ag,ClC1=NC=C(I)C=C1,0.8883,26.05,79.26,18.34,1.37690432,5.497222222,5.497222222,0.546681481,0.546681481,0.500128449,9.25,239.443,236.419,238.8998748,42,0,0.128587321,-0.243477181,0.243477181,0.128587321,126.9127043,10.51182735,1.842907833,-1.854021942,2.056268131,-1.726770275,14.111915,1.307892404,1.769973094,3.032455532,151.2884734,5.983127663,3.935193349,6.848620586,3.7876937,2.059128898,3.515842516,1.299140595,2.932021556,0.691293063,1.552986109,0.3577713,0.788617823,0.17,70.79892376,6.292399021,2.639049753,1.594499342,66.21615545,0,5.153109817,0,0,0,0,0,4.983978521,0,0,11.60093989,34.72360476,9.767025843,0,0,34.19181052,0,4.983978521,0,0,0,27.0528698,0,0,0,0,0,34.19181052,4.983978521,0,3.570182271,0,18.32957771,5.153109817,0,0,12.89,0,0,0,0,5.153109817,3.570182271,0,12.26321064,6.066367068,27.57484915,11.60093989,1.103703704,7.672546914,3.836635802,0.546681481,0,0,3.679783951,1.725092593,0,0,0,8,0,1,0,0,0,0,1,1,1,0,3,0,0,0,0,1,2.3396,41.964,0,0,0,0,0,1,0,0,0,0,0,0,0,0,0,1,0,0,0,0,0,0,0,0,0,0,0,0,0,0,0,0,0,0,0,0,0,0,0,0,0,0,0,0,2,0,0,0,0,0,0,0,0,0,0,0,0,0,0,0,0,0,0,0,0,0,0,0,0,0,0,0,0,1,0,0,0,0,0,0,0,0,0,0,0,1.5,2.25,2.625,0,0
D,14,PDCI,PM6:N3,1,挥发性固体,ITO/PEDOT:PSS/PM6:N3/PNDIT-F3N/Ag,ClC1=NC=C(I)C=C1,0.8289,27.53,77.09,17.59,1.37690432,5.497222222,5.497222222,0.546681481,0.546681481,0.500128449,9.25,239.443,236.419,238.8998748,42,0,0.128587321,-0.243477181,0.243477181,0.128587321,126.9127043,10.51182735,1.842907833,-1.854021942,2.056268131,-1.726770275,14.111915,1.307892404,1.769973094,3.032455532,151.2884734,5.983127663,3.935193349,6.848620586,3.7876937,2.059128898,3.515842516,1.299140595,2.932021556,0.691293063,1.552986109,0.3577713,0.788617823,0.17,70.79892376,6.292399021,2.639049753,1.594499342,66.21615545,0,5.153109817,0,0,0,0,0,4.983978521,0,0,11.60093989,34.72360476,9.767025843,0,0,34.19181052,0,4.983978521,0,0,0,27.0528698,0,0,0,0,0,34.19181052,4.983978521,0,3.570182271,0,18.32957771,5.153109817,0,0,12.89,0,0,0,0,5.153109817,3.570182271,0,12.26321064,6.066367068,27.57484915,11.60093989,1.103703704,7.672546914,3.836635802,0.546681481,0,0,3.679783951,1.725092593,0,0,0,8,0,1,0,0,0,0,1,1,1,0,3,0,0,0,0,1,2.3396,41.964,0,0,0,0,0,1,0,0,0,0,0,0,0,0,0,1,0,0,0,0,0,0,0,0,0,0,0,0,0,0,0,0,0,0,0,0,0,0,0,0,0,0,0,0,2,0,0,0,0,0,0,0,0,0,0,0,0,0,0,0,0,0,0,0,0,0,0,0,0,0,0,0,0,1,0,0,0,0,0,0,0,0,0,0,0,1.5,2.25,2.625,0,0
D,14,PDCI,D18:Y6,1,挥发性固体,ITO/PEDOT:PSS/D18:Y6/PNDIT-F3N/Ag,ClC1=NC=C(I)C=C1,0.8618,26.49,77.01,17.58,1.37690432,5.497222222,5.497222222,0.546681481,0.546681481,0.500128449,9.25,239.443,236.419,238.8998748,42,0,0.128587321,-0.243477181,0.243477181,0.128587321,126.9127043,10.51182735,1.842907833,-1.854021942,2.056268131,-1.726770275,14.111915,1.307892404,1.769973094,3.032455532,151.2884734,5.983127663,3.935193349,6.848620586,3.7876937,2.059128898,3.515842516,1.299140595,2.932021556,0.691293063,1.552986109,0.3577713,0.788617823,0.17,70.79892376,6.292399021,2.639049753,1.594499342,66.21615545,0,5.153109817,0,0,0,0,0,4.983978521,0,0,11.60093989,34.72360476,9.767025843,0,0,34.19181052,0,4.983978521,0,0,0,27.0528698,0,0,0,0,0,34.19181052,4.983978521,0,3.570182271,0,18.32957771,5.153109817,0,0,12.89,0,0,0,0,5.153109817,3.570182271,0,12.26321064,6.066367068,27.57484915,11.60093989,1.103703704,7.672546914,3.836635802,0.546681481,0,0,3.679783951,1.725092593,0,0,0,8,0,1,0,0,0,0,1,1,1,0,3,0,0,0,0,1,2.3396,41.964,0,0,0,0,0,1,0,0,0,0,0,0,0,0,0,1,0,0,0,0,0,0,0,0,0,0,0,0,0,0,0,0,0,0,0,0,0,0,0,0,0,0,0,0,2,0,0,0,0,0,0,0,0,0,0,0,0,0,0,0,0,0,0,0,0,0,0,0,0,0,0,0,0,1,0,0,0,0,0,0,0,0,0,0,0,1.5,2.25,2.625,0,0
D,15,DB,PP2/BTP-eC9,1,非挥发固体,ITO/PEDOT/ PP2/BTP-eC9/ PNDIT-F3N/Ag,C1(OC2=CC=CC(OC3=CC=CC=C3)=C2)=CC=CC=C1,0.824,19.02,70.8,11.10 ,2.01155453,5.776710601,5.776710601,0.754288076,0.754288076,0.637198212,10,262.308,248.196,262.0993797,98,0,0.130647272,-0.457240026,0.457240026,0.130647272,16.4909132,10.2758087,2.003810216,-2.084942771,2.274215,-1.8625555,5.386411495,0.46014308,2.496345735,1.761736049,606.51805,13.62310958,10.89940035,10.89940035,9.898979486,6.459230991,6.459230991,4.305088049,4.305088049,2.763315591,2.763315591,1.850431957,1.850431957,-2.74,64505.57379,12.30181831,5.934210068,3.175525739,117.772682,9.473725908,22.99804733,0,0,0,0,0,0,0,0,42.46456948,36.39820241,6.066367068,0,9.473725908,0,0,0,0,0,0,84.92913896,0,22.99804733,9.473725908,0,22.99804733,0,0,0,0,0,84.92913896,0,0,0,18.46,0,0,0,0,0,22.99804733,0,0,84.92913896,0,9.473725908,11.5534212,0,0,0,0,3.127763395,26.98548207,0,0,0,0,20,0,2,0,0,0,3,0,3,2,0,2,4,0,0,0,3,5.2712,79.474,0,0,0,0,0,0,0,0,0,0,0,0,0,0,0,0,0,0,0,0,0,0,0,0,0,0,0,0,0,0,0,0,0,0,3,0,0,0,0,0,0,2,0,0,0,0,0,0,0,0,0,0,0,0,0,0,0,0,0,0,0,0,0,0,2,0,0,0,0,0,0,0,0,0,0,0,0,0,0,0,0,0,0,0,0,0.4,0.8,1.25,0,0
D,16,2-HM,PM6:Y6,1,挥发性固体,ITO/PEDOT:PSS / PM6:Y6 / PNDIT-F3N/Ag,O=C(C1=CC=C(OC)C=C1O)C2=CC=CC=C2,0.838,26.82,75.7,17.01,3.40040556,12.06594246,12.06594246,0.071108277,-0.203006425,0.821283475,9.941176471,228.247,216.151,228.0786442,86,0,0.196243807,-0.507040687,0.507040687,0.196243807,16.46577938,10.02374961,2.129829029,-2.055596007,2.249535623,-2.009402474,6.102102671,0.103154813,2.38556992,2.382869011,532.4185153,12.25071238,9.38251233,9.38251233,8.219545353,5.188820853,5.188820853,3.578229068,3.578229068,2.485502781,2.485502781,1.575463799,1.575463799,-2.29,9198.757612,11.2030226,4.69903748,2.280787688,99.28768264,9.843390349,11.49902367,5.783244946,0,0,0,4.794537184,0,0,0,30.33183534,12.13273414,11.62981856,12.67324903,14.63792753,5.783244946,0,0,0,0,7.109797541,59.65783953,0,11.49902367,4.736862954,0,11.49902367,0,17.99956988,0,0,15.92144017,48.53093655,0,0,0,46.53,0,9.901064579,0,17.09620827,11.31296332,0,13.17616461,36.39820241,6.066367068,0,4.736862954,4.964157691,0,12.06594246,9.753357899,0.824043367,0.246359074,13.47206827,0,0,1.507404573,0.071428571,17,1,3,0,0,0,2,0,2,3,1,3,3,0,0,0,2,2.6318,64.5333,0,0,0,0,0,0,0,1,0,0,1,1,0,0,0,0,0,0,0,0,0,0,0,0,0,0,0,0,0,0,0,0,0,0,2,0,0,0,0,0,0,1,0,0,0,0,0,0,0,0,0,1,0,0,0,1,0,0,0,0,0,0,0,0,0,1,1,0,0,0,0,0,0,0,0,0,0,0,0,0,0,0,0,0,0,1.117647059,1.823529412,2.411764706,0,0
D,16,CN,PM6:BTP-eC9,1,液体,ITO/PEDOT:PSS / PM6:BTP-eC9 / PNDIT-F3N/Ag,ClC1=CC=CC2=CC=CC=C21,0.837,26.37,75.8,16.73,0.83984921,5.957037037,5.957037037,0.822314815,0.822314815,0.55644797,10.27272727,162.619,155.563,162.0236279,54,0,0.048389036,-0.083664219,0.083664219,0.048389036,35.49569104,10.12844457,1.934419766,-1.966428521,2.214722752,-1.704476637,6.349799888,1.748124801,2.05595014,2.913161164,374.0344904,7.681798276,5.919416357,6.675345303,5.377010098,3.510349442,3.888313915,2.460971502,2.868171629,1.736428508,2.066016729,1.185882541,1.430724861,-1.01,505.7637346,6.684816447,2.554171088,1.099229702,70.41633388,0,0,0,0,0,0,0,0,0,0,47.9991423,11.45259128,10.40885753,0,0,22.37338832,0,0,0,0,0,47.48720279,0,0,0,0,0,11.60093989,0,0,0,0,42.46456948,5.022633314,10.77244843,0,0,0,0,0,0,0,10.40885753,5.386224214,0,30.33183534,12.13273414,11.60093989,0,5.957037037,0,3.13867284,0,0,14.01540123,0,0,0,0,11,0,0,0,0,0,2,0,2,0,0,1,0,0,0,0,2,3.4932,48.958,0,0,0,0,0,0,0,0,0,0,0,0,0,0,0,0,0,0,0,0,0,0,0,0,0,0,0,0,0,0,0,0,0,0,2,0,1,0,0,0,0,0,0,0,1,0,0,0,0,0,0,0,0,0,0,0,0,0,0,0,0,0,0,0,0,0,0,0,0,0,0,0,0,0,0,0,0,0,0,0,0,0,0,0,0,0.818181818,1.545454545,2.363636364,0,0
D,16,2-HM,PM6:BTP-eC9,1,挥发性固体,ITO/PEDOT:PSS / PM6:BTP-eC9 / PNDIT-F3N/Ag,O=C(C1=CC=C(OC)C=C1O)C2=CC=CC=C2,0.822,27.27,77.9,17.46,3.40040556,12.06594246,12.06594246,0.071108277,-0.203006425,0.821283475,9.941176471,228.247,216.151,228.0786442,86,0,0.196243807,-0.507040687,0.507040687,0.196243807,16.46577938,10.02374961,2.129829029,-2.055596007,2.249535623,-2.009402474,6.102102671,0.103154813,2.38556992,2.382869011,532.4185153,12.25071238,9.38251233,9.38251233,8.219545353,5.188820853,5.188820853,3.578229068,3.578229068,2.485502781,2.485502781,1.575463799,1.575463799,-2.29,9198.757612,11.2030226,4.69903748,2.280787688,99.28768264,9.843390349,11.49902367,5.783244946,0,0,0,4.794537184,0,0,0,30.33183534,12.13273414,11.62981856,12.67324903,14.63792753,5.783244946,0,0,0,0,7.109797541,59.65783953,0,11.49902367,4.736862954,0,11.49902367,0,17.99956988,0,0,15.92144017,48.53093655,0,0,0,46.53,0,9.901064579,0,17.09620827,11.31296332,0,13.17616461,36.39820241,6.066367068,0,4.736862954,4.964157691,0,12.06594246,9.753357899,0.824043367,0.246359074,13.47206827,0,0,1.507404573,0.071428571,17,1,3,0,0,0,2,0,2,3,1,3,3,0,0,0,2,2.6318,64.5333,0,0,0,0,0,0,0,1,0,0,1,1,0,0,0,0,0,0,0,0,0,0,0,0,0,0,0,0,0,0,0,0,0,0,2,0,0,0,0,0,0,1,0,0,0,0,0,0,0,0,0,1,0,0,0,1,0,0,0,0,0,0,0,0,0,1,1,0,0,0,0,0,0,0,0,0,0,0,0,0,0,0,0,0,0,1.117647059,1.823529412,2.411764706,0,0
D,16,2-HM,PM6:L8-BO,1,挥发性固体,ITO/PEDOT:PSS/PM6:L8-BO/PNDIT-F3N/Ag,O=C(C1=CC=C(OC)C=C1O)C2=CC=CC=C2,0.875,27.13,79.4,18.85,3.40040556,12.06594246,12.06594246,0.071108277,-0.203006425,0.821283475,9.941176471,228.247,216.151,228.0786442,86,0,0.196243807,-0.507040687,0.507040687,0.196243807,16.46577938,10.02374961,2.129829029,-2.055596007,2.249535623,-2.009402474,6.102102671,0.103154813,2.38556992,2.382869011,532.4185153,12.25071238,9.38251233,9.38251233,8.219545353,5.188820853,5.188820853,3.578229068,3.578229068,2.485502781,2.485502781,1.575463799,1.575463799,-2.29,9198.757612,11.2030226,4.69903748,2.280787688,99.28768264,9.843390349,11.49902367,5.783244946,0,0,0,4.794537184,0,0,0,30.33183534,12.13273414,11.62981856,12.67324903,14.63792753,5.783244946,0,0,0,0,7.109797541,59.65783953,0,11.49902367,4.736862954,0,11.49902367,0,17.99956988,0,0,15.92144017,48.53093655,0,0,0,46.53,0,9.901064579,0,17.09620827,11.31296332,0,13.17616461,36.39820241,6.066367068,0,4.736862954,4.964157691,0,12.06594246,9.753357899,0.824043367,0.246359074,13.47206827,0,0,1.507404573,0.071428571,17,1,3,0,0,0,2,0,2,3,1,3,3,0,0,0,2,2.6318,64.5333,0,0,0,0,0,0,0,1,0,0,1,1,0,0,0,0,0,0,0,0,0,0,0,0,0,0,0,0,0,0,0,0,0,0,2,0,0,0,0,0,0,1,0,0,0,0,0,0,0,0,0,1,0,0,0,1,0,0,0,0,0,0,0,0,0,1,1,0,0,0,0,0,0,0,0,0,0,0,0,0,0,0,0,0,0,1.117647059,1.823529412,2.411764706,0,0
D,17,DIO,PBQx-TF:eC9-2Cl,1,液体,(ITO)/ZnO/PBQx-TF:eC9-2Cl/MoOx/Ag,ICCCCCCCCI,0.869,26.6,78.4,18.1,1.74E-06,2.454655993,2.454655993,1.337345679,1.337345679,0.360140031,10.2,366.024,349.896,365.9341465,62,0,-0.000472812,-0.086375917,0.086375917,0.000472812,126.9137216,10.13204741,1.878618147,-1.964807038,2.067504511,-1.799735234,14.10995232,0.63270578,1.967154472,2.647604849,47.21928095,7.656854249,6.412783196,10.72777978,4.914213562,4.034522484,7.085685828,2.499284817,4.656783108,1.517261242,3.042842914,0.896089018,1.974838163,1.46,175.076748,11.46,10.46,9.46,91.81752207,0,0,0,0,0,0,0,0,0,0,70.86502775,21.69674805,0,0,0,45.18174125,0,0,0,38.52492974,8.855104805,0,0,0,0,0,0,45.18174125,8.855104805,0,0,38.52492974,0,0,0,0,0,0,0,0,0,0,0,47.38003454,0,0,45.18174125,0,2.674691358,4.909311987,0,0,0,0,0,8.655996655,0,0,1,10,0,0,0,0,0,0,0,0,0,0,2,7,0,0,0,0,4.197,65.476,0,0,0,0,0,0,0,0,0,0,0,0,0,0,0,0,0,0,0,0,0,0,0,0,0,2,0,0,0,0,0,0,0,0,0,0,0,0,0,0,0,0,0,0,2,0,0,0,0,0,0,0,0,0,0,0,0,0,0,0,0,0,0,0,0,0,0,0,0,0,0,0,0,0,0,0,0,0,0,0,0,0,0,5,0,0.5,0.8,1.1,0,0
D,17,DCBB,PBQx-TF:eC9-2Cl,1,挥发性固体,(ITO)/ZnO/PBQx-TF:eC9-2Cl/MoOx/Ag,BrC1=CC(Cl)=CC(Cl)=C1,0.879,27.2,80.4,19.2,1.41093284,5.635802469,5.635802469,0.647569444,0.647569444,0.631143056,9.666666667,225.9,222.876,223.8795176,48,0,0.043152582,-0.084246886,0.084246886,0.043152582,79.91873097,10.36322151,1.918319172,-1.916151582,2.216502449,-1.655721717,9.103014166,1.649483839,1.588091448,3.16567031,171.8200652,6.853371151,4.365944227,7.463798658,4.18154055,2.298997517,3.847924733,1.587666373,3.376213462,0.827326835,1.72160038,0.520178761,1.803062891,0.28,85.75693819,7.387758621,2.9100226,2.165473586,71.90548318,0,0,0,0,0,0,0,0,0,0,39.13182368,18.19910121,14.51798614,0,0,39.13182368,0,0,0,0,0,32.71708735,0,0,0,0,0,39.13182368,0,0,0,0,22.67182072,10.04526663,0,0,0,0,0,0,0,10.04526663,4.472719516,0,18.19910121,0,15.9299439,23.20187978,0.902777778,14.51563272,0,1.295138889,0,0,5.25867284,0,0,0,0,9,0,0,0,0,0,1,0,1,0,0,3,0,0,0,0,1,3.7559,44.162,0,0,0,0,0,0,0,0,0,0,0,0,0,0,0,0,0,0,0,0,0,0,0,0,0,0,0,0,0,0,0,0,0,0,1,0,0,0,0,0,0,0,0,0,3,0,0,0,0,0,0,0,0,0,0,0,0,0,0,0,0,0,0,0,0,0,0,0,0,0,0,0,0,0,0,0,0,0,0,0,0,0,0,0,0,1,1.444444444,1.777777778,0,0
D,17,DCBB（NIM）,PBQx-TF:eC9-2Cl,1,挥发性固体,(ITO)/ZnO/PBQx-TF:eC9-2Cl/MoOx/Ag,BrC1=CC(Cl)=CC(Cl)=C1,0.877,27.1,79.8,19.0 ,1.41093284,5.635802469,5.635802469,0.647569444,0.647569444,0.631143056,9.666666667,225.9,222.876,223.8795176,48,0,0.043152582,-0.084246886,0.084246886,0.043152582,79.91873097,10.36322151,1.918319172,-1.916151582,2.216502449,-1.655721717,9.103014166,1.649483839,1.588091448,3.16567031,171.8200652,6.853371151,4.365944227,7.463798658,4.18154055,2.298997517,3.847924733,1.587666373,3.376213462,0.827326835,1.72160038,0.520178761,1.803062891,0.28,85.75693819,7.387758621,2.9100226,2.165473586,71.90548318,0,0,0,0,0,0,0,0,0,0,39.13182368,18.19910121,14.51798614,0,0,39.13182368,0,0,0,0,0,32.71708735,0,0,0,0,0,39.13182368,0,0,0,0,22.67182072,10.04526663,0,0,0,0,0,0,0,10.04526663,4.472719516,0,18.19910121,0,15.9299439,23.20187978,0.902777778,14.51563272,0,1.295138889,0,0,5.25867284,0,0,0,0,9,0,0,0,0,0,1,0,1,0,0,3,0,0,0,0,1,3.7559,44.162,0,0,0,0,0,0,0,0,0,0,0,0,0,0,0,0,0,0,0,0,0,0,0,0,0,0,0,0,0,0,0,0,0,0,1,0,0,0,0,0,0,0,0,0,3,0,0,0,0,0,0,0,0,0,0,0,0,0,0,0,0,0,0,0,0,0,0,0,0,0,0,0,0,0,0,0,0,0,0,0,0,0,0,0,0,1,1.444444444,1.777777778,0,0
D,18,5%CN,PM6:1.2Y6,1,液体,ITO/PEDOT:PSS/PM6:Y6 (1:1.2 byweight ratio)/PDINO/Ag,ClC1=CC=CC2=CC=CC=C21,0.83,25.5,74.5,15.8,0.83984923,5.957037037,5.957037037,0.822314815,0.822314815,0.55644797,10.27272727,162.619,155.563,162.0236279,54,0,0.048389036,-0.083664219,0.083664219,0.048389036,35.49569104,10.12844457,1.934419766,-1.966428521,2.214722752,-1.704476637,6.349799888,1.748124801,2.05595014,2.913161164,374.0344904,7.681798276,5.919416357,6.675345303,5.377010098,3.510349442,3.888313915,2.460971502,2.868171629,1.736428508,2.066016729,1.185882541,1.430724861,-1.01,505.7637346,6.684816447,2.554171088,1.099229702,70.41633388,0,0,0,0,0,0,0,0,0,0,47.9991423,11.45259128,10.40885753,0,0,22.37338832,0,0,0,0,0,47.48720279,0,0,0,0,0,11.60093989,0,0,0,0,42.46456948,5.022633314,10.77244843,0,0,0,0,0,0,0,10.40885753,5.386224214,0,30.33183534,12.13273414,11.60093989,0,5.957037037,0,3.13867284,0,0,14.01540123,0,0,0,0,11,0,0,0,0,0,2,0,2,0,0,1,0,0,0,0,2,3.4932,48.958,0,0,0,0,0,0,0,0,0,0,0,0,0,0,0,0,0,0,0,0,0,0,0,0,0,0,0,0,0,0,0,0,0,0,2,0,1,0,0,0,0,0,0,0,1,0,0,0,0,0,0,0,0,0,0,0,0,0,0,0,0,0,0,0,0,0,0,0,0,0,0,0,0,0,0,0,0,0,0,0,0,0,0,0,0,0.818181818,1.545454545,2.363636364,0,0
D,18,2%GDTA（5%CN）,PM6:1.2Y6,1,非挥发性固体,ITO/PEDOT:PSS/PM6:Y6 (1:1.2 byweight ratio)/PDINO/Ag,"C12SC(C3=CC=CS3)=CC=1C(C1SC(CCCCCCCC)=C(CCCCCCCC)C=1)=C1SC(C3=C(C(=O)C4CC(C)(C)N([O])C(C)(C)C4)C=C(C4=CC=CS4)C(C(=O)OC4CC(C)(C)N([O])C(C)(C)C4)=C3)=CC1=C2C1SC(CCCCCCCC)=C(CCCCCCCC)C=1 |^1:45,67|",0.85,27.1,76.2,17.6,3.27500918,16.32425109,16.32425109,0.001503368,-0.787744071,0.021983982,16.7628866,1424.247,1309.335,1422.705201,526,2,0.338587519,-0.458615968,0.458615968,0.338587519,32.14013994,9.718072736,2.497586181,-2.491692597,2.564301995,-2.596205894,7.277546015,-0.297644227,1.578448217,1.235960716,3598.813525,69.07355284,61.09547915,65.99445864,46.58718418,37.823604,42.84889594,31.28755607,37.5608418,21.10625858,27.92264267,16.23113982,23.08747444,-3.86,3.77E+26,75.79506721,34.40946965,18.3222495,607.3405118,4.736862954,6.103966388,5.783244946,0,0,5.969305288,4.794537184,4.794537184,0,88.56165677,168.2441154,190.0160789,127.9219736,5.563451492,24.74044337,99.94555376,0,10.12643545,5.917906046,316.8108057,0,103.4318966,0,51.51668913,0,0,0,68.02071527,50.13865308,40.8346555,5.917906046,304.4650266,71.42379623,0,71.68897739,0,89.65,40.14687873,10.41450605,9.589074368,5.783244946,42.37364097,41.00103237,235.9151318,22.67357176,130.3825722,69.47321398,4.736862954,9.257879713,11.17315928,42.04998867,36.97665316,4.896611059,-0.898433834,22.69389976,35.76371801,24.91985751,0,0.595238095,97,0,7,0,2,2,2,6,8,11,0,13,37,0,2,2,10,27.6303,421.075,0,0,0,0,0,0,0,0,0,0,2,2,0,0,0,2,0,0,4,0,0,0,0,0,0,0,0,0,0,0,4,0,0,0,2,0,2,0,0,0,1,1,0,0,0,0,0,0,0,0,0,1,1,0,0,0,0,0,0,0,0,0,0,0,0,0,0,0,0,2,0,0,0,0,0,0,0,0,0,0,0,0,6,20,0,0.422680412,0.804123711,1.24742268,0,0
D,18,2%GDZZ（5%CN）,PM6:1.2Y6,1,非挥发性固体,ITO/PEDOT:PSS/PM6:Y6 (1:1.2 byweight ratio)/PDINO/Ag,C=C(OCC)C1=C(C2=CC=CS2)C=C(C(OCC)=O)C(C3=CC4=C(C5=CC(CCCCCCCC)=C(CCCCCCCC)S5)C6=C(C=C(C7=CC=CS7)S6)C(C8=CC(CCCCCCCC)=C(CCCCCCCC)S8)=C4S3)=C1,0.828,25.54,71.42,15.10 ,2.25247608,14.51710585,14.51710585,0.29625693,-0.303507827,0.021978924,11.725,1185.916,1093.18,1184.537073,430,0,0.338298504,-0.49385917,0.49385917,0.338298504,32.14013292,9.939255253,2.285044997,-2.163275534,2.556431442,-2.076379059,7.277408005,0.052697905,4.526440481,1.377258635,2938.809439,56.05704498,49.52274806,54.42172755,39.31145661,31.33756154,36.36285348,22.12073523,28.39402096,15.94527845,22.76166254,11.58033272,18.43666733,-3.83,7.92E+17,62.22138202,32.86606187,16.28167826,505.8541348,9.473725908,5.759164872,0,0,0,5.969305288,0,4.794537184,0,68.02071527,174.8230511,135.6320125,87.00672327,18.77721542,14.26826309,99.92147369,0,0,0,221.3254286,13.21376393,110.0108323,0,51.51668913,0,0,0,68.02071527,19.18306922,35.1570124,0,232.4447797,78.00273191,0,77.44814226,0,35.53,0,4.794537184,0,5.969305288,24.53638029,52.12793535,204.907499,32.21798325,47.85783203,128.3712525,9.473725908,14.88925889,11.52108484,25.27844998,6.975569856,9.156194505,0.307983944,23.22702452,35.83209673,18.4790034,0,0.507042254,80,0,3,0,0,0,2,6,8,9,0,9,38,0,0,0,8,25.4929,360.8325,0,0,0,0,0,0,0,0,0,0,1,1,0,0,0,0,0,0,0,0,0,0,0,0,0,0,0,0,0,0,4,0,0,0,2,0,2,0,0,0,1,2,0,0,0,0,0,0,0,0,0,0,0,0,0,0,0,0,0,0,0,0,0,0,0,0,0,0,0,0,0,0,0,0,0,0,0,0,0,0,0,0,6,20,0,0.4125,0.825,1.2875,0,0
D,19,P-H,PM6:BTP-eC9,1,非挥发性固体,ITO/PEDOT:PSS/PM6:BTP-eC9（BHJ）/PNDIT-F3N/Ag,[H]C1=C(CC(CCCC)CC)CC(C2=C(SC(C3=CC=C(C4=C(C5=CC=C(C)S5)C(N(CC(CCCCCC)CCCC)C4=O)=O)S3)=C6)C6=C(C7=CC([H])=C(CC(CC)CCCC)C7)C8=C2C=C(C)S8)=C1,0.850 ,26.52,74.26,16.72,0.32796771,14.86312207,14.86312207,0.115516405,-0.116674102,0.038830336,16.66666667,998.587,918.955,997.4993648,368,0,0.262546813,-0.273974721,0.273974721,0.262546813,32.1380714,9.874137665,2.414419356,-2.23013825,2.527716554,-2.356747932,7.268636234,-0.136360892,4.225309124,1.184221712,2664.578925,48.6051438,43.25149924,46.51748557,33.58231355,27.14031341,30.40629973,20.73443845,25.41463834,15.40879073,19.94603428,11.37594066,15.78865194,-3.62,2.55978E+15,51.72609623,24.19816236,11.69171519,431.145196,0,0,0,0,11.81435946,0,14.4889841,0,0,45.34714351,166.8842154,117.6705337,67.10683081,11.14620906,9.589074368,99.62620935,0,4.899909731,17.75371814,183.8063301,6.544756406,102.4839837,0,9.754294387,0,0,0,45.34714351,23.2590256,9.589074368,31.60119254,200.5943474,71.8484919,0,52.21900077,0,37.38,0,9.589074368,0,11.81435946,23.60887151,76.29015223,135.6703758,38.71969055,22.67357176,116.0921804,0,2.805459888,7.217320224,37.86643933,2.766663591,10.08900841,1.579357032,13.46258158,33.6337001,18.74613651,0,0.516129032,69,0,3,2,1,3,1,4,5,6,0,7,27,0,0,0,8,20.21924,306.822,0,0,0,0,0,0,0,0,0,0,2,2,0,0,0,1,0,0,0,0,0,0,0,0,0,0,8,2,0,0,2,0,0,0,1,0,2,0,0,0,0,0,0,0,0,0,0,0,1,0,0,0,0,0,0,0,0,0,0,0,0,0,0,0,0,0,0,0,0,0,0,0,0,0,0,0,0,0,0,0,0,0,4,6,0,0.492753623,1,1.550724638,0,0
D,19,P-S,PM6:BTP-eC9,1,非挥发性固体,ITO/PEDOT:PSS/PM6:BTP-eC9（BHJ）/PNDIT-F3N/Ag,CC1=CC2=C(S1)C(C3=CC=C(SCC(CC)CCCC)S3)=C4C(SC(C5=CC=C(C6=C(C7=CC=C(C)S7)C(N(CC(CCCCCC)CCCC)C6=O)=O)S5)=C4)=C2C8=CC=C(SC(CCCC)CC)S8,0.845,26.68,74.43,16.78,1.99065367,14.86456425,14.86456425,0.123035131,-0.125559286,0.027830159,14.65714286,1084.774,1011.19,1083.340699,374,0,0.262546813,-0.273974721,0.273974721,0.262546813,32.19732584,9.94289552,2.413808581,-2.230138068,2.548120856,-2.35674793,8.014537486,-0.136360577,4.238407029,1.213594895,2875.909043,49.31225058,42.76317206,49.29514471,34.08231355,26.35986704,33.1240979,19.36119867,29.12981943,13.98068159,23.78435959,9.904123357,19.48188322,-2.48,4.19127E+15,53.80110831,25.64663866,12.36496026,451.5420421,0,0,0,0,11.81435946,0,14.4889841,0,0,91.54448517,112.1714611,118.4510653,87.86391684,19.56456742,9.589074368,134.6773419,0,4.899909731,11.83581209,171.7913399,12.29761001,80.17225946,0,30.63549176,0,0,0,91.54448517,34.26181723,9.589074368,25.68328649,163.7841579,69.08202904,0,61.95398908,0,37.38,0,9.589074368,0,11.81435946,28.85880954,57.53060294,135.6080298,27.57348149,63.17539553,121.7490862,0,5.513563298,15.16683175,40.43872544,3.303225801,3.879976067,1.993960415,22.87616826,19.19788316,18.62966581,0,0.491525424,70,0,3,0,1,1,1,6,7,10,0,11,28,0,0,0,8,21.40564,319.739,0,0,0,0,0,0,0,0,0,0,2,2,0,0,0,1,0,0,0,0,0,0,0,0,0,0,0,2,0,0,2,0,0,0,1,0,2,0,0,0,0,0,0,0,0,0,0,0,1,0,0,0,0,0,0,0,0,0,0,0,0,0,0,0,0,0,0,0,0,0,0,0,0,0,0,2,0,0,0,0,0,0,6,6,0,0.485714286,1.057142857,1.714285714,0,0
D,19,P-F,PM6:BTP-eC9,1,非挥发性固体,ITO/PEDOT:PSS/PM6:BTP-eC9（BHJ）/PNDIT-F3N/Ag,FC1=C(CC(CCCC)CC)CC(C2=C(SC(C3=CC=C(C4=C(C5=CC=C(C)S5)C(N(CC(CCCCCC)CCCC)C4=O)=O)S3)=C6)C6=C(C7=CC(F)=C(CC(CC)CCCC)C7)C8=C2C=C(C)S8)=C1,0.846,26.78,74.83,16.95,1.32545592,16.33703486,16.33703486,0.085247456,-0.186995163,0.038822562,16.84507042,1034.567,956.951,1033.480521,380,0,0.262546813,-0.273974721,0.273974721,0.262546813,32.13807219,9.87362779,2.415618536,-2.230138234,2.538306962,-2.356747933,7.268650754,-0.136362946,4.248727426,1.211665259,2776.008822,50.34563078,43.85272765,47.11871397,34.40368076,27.35161121,30.61759754,20.94293238,25.62313227,15.58684281,20.12408636,11.44682224,15.85953352,-3.76,5.50877E+15,53.52940621,24.51515356,11.79434528,439.4762668,0,11.65374776,0,0,11.81435946,0,14.4889841,8.780830095,0,45.34714351,131.4339259,140.968783,67.10683081,11.14620906,18.36990446,99.62620935,0,4.899909731,17.75371814,183.8063301,6.544756406,101.9856912,0,9.754294387,0,8.780830095,0,45.34714351,23.2590256,9.589074368,31.60119254,200.5943474,71.35019944,0,52.21900077,0,37.38,0,9.589074368,8.780830095,29.38601326,42.3684208,174.2896697,24.13961206,50.24705324,37.27487862,66.6652616,0,34.91435954,6.638518836,37.07761458,2.201493523,7.084611008,0.66280711,12.76418714,24.14569414,18.01071412,0,0.516129032,71,0,3,2,1,3,1,4,5,6,0,9,27,0,0,0,8,20.81364,306.924,0,0,0,0,0,0,0,0,0,0,2,2,0,0,0,1,0,0,0,0,0,0,0,0,0,0,8,2,0,0,2,0,0,0,1,0,2,0,0,0,0,0,0,0,2,0,0,0,1,0,0,0,0,0,0,0,0,0,0,0,0,0,0,0,0,0,0,0,0,0,0,0,0,0,0,0,0,0,0,0,0,0,4,6,0,0.521126761,1.014084507,1.549295775,0,0
D,19,P-Cl,PM6:BTP-eC9,1,非挥发性固体,ITO/PEDOT:PSS/PM6:BTP-eC9（BHJ）/PNDIT-F3N/Ag,ClC1=C(CC(CCCC)CC)CC(C2=C(SC(C3=CC=C(C4=C(C5=CC=C(C)S5)C(N(CC(CCCCCC)CCCC)C4=O)=O)S3)=C6)C6=C(C7=CC(Cl)=C(CC(CC)CCCC)C7)C8=C2C=C(C)S8)=C1,0.846,26.70 ,74.46,16.82,1.38374488,14.8965453,14.8965453,0.136514943,-0.140972809,0.03881837,16.84507042,1067.477,989.861,1065.42142,380,0,0.262546813,-0.273974721,0.273974721,0.262546813,35.49680542,9.873967515,2.415376353,-2.230138241,2.540643163,-2.356747933,7.268712778,-0.13636123,4.248727426,1.211665259,2776.008822,50.34563078,43.85272765,48.63057187,34.40368076,27.35161121,31.37352648,20.94293238,26.43753252,15.58684281,20.87682673,11.44682224,16.41087978,-3.04,5.50877E+15,54.22818942,24.99487604,12.07679592,451.7517284,0,0,0,0,11.81435946,0,14.4889841,0,0,45.34714351,154.6358057,140.968783,77.17140352,11.14620906,9.589074368,122.8280891,0,4.899909731,17.75371814,183.8063301,6.544756406,100.3965161,0,9.754294387,0,0,0,68.54902329,23.2590256,9.589074368,31.60119254,200.5943474,69.76102439,0,52.21900077,0,37.38,0,9.589074368,0,11.81435946,35.4446836,87.36055609,133.9749416,27.57348149,28.73993882,97.87377315,23.20187978,2.615069361,21.59148907,37.66496871,4.414501752,9.127894342,1.306522326,13.25145186,27.23036116,18.51996366,0,0.516129032,71,0,3,2,1,3,1,4,5,6,0,9,27,0,0,0,8,21.35224,316.414,0,0,0,0,0,0,0,0,0,0,2,2,0,0,0,1,0,0,0,0,0,0,0,0,0,0,8,2,0,0,2,0,0,0,1,0,2,0,0,0,0,0,0,0,2,0,0,0,1,0,0,0,0,0,0,0,0,0,0,0,0,0,0,0,0,0,0,0,0,0,0,0,0,0,0,0,0,0,0,0,0,0,4,6,0,0.521126761,1.014084507,1.549295775,0,0
D,19,P-H,PM6:BTP-eC9,1,非挥发性固体,ITO/PEDOT:PSS/PM6:BTP-eC9（LbL）/PNDIT-F3N/Ag,[H]C1=C(CC(CCCC)CC)CC(C2=C(SC(C3=CC=C(C4=C(C5=CC=C(C)S5)C(N(CC(CCCCCC)CCCC)C4=O)=O)S3)=C6)C6=C(C7=CC([H])=C(CC(CC)CCCC)C7)C8=C2C=C(C)S8)=C1,0.851,26.74,77.06,17.54,0.58135627,14.86312207,14.86312207,0.115516405,-0.116674102,0.038830336,16.66666667,998.587,918.955,997.4993648,368,0,0.262546813,-0.273974721,0.273974721,0.262546813,32.1380714,9.874137665,2.414419356,-2.23013825,2.527716554,-2.356747932,7.268636234,-0.136360892,4.225309124,1.184221712,2664.578925,48.6051438,43.25149924,46.51748557,33.58231355,27.14031341,30.40629973,20.73443845,25.41463834,15.40879073,19.94603428,11.37594066,15.78865194,-3.62,2.55978E+15,51.72609623,24.19816236,11.69171519,431.145196,0,0,0,0,11.81435946,0,14.4889841,0,0,45.34714351,166.8842154,117.6705337,67.10683081,11.14620906,9.589074368,99.62620935,0,4.899909731,17.75371814,183.8063301,6.544756406,102.4839837,0,9.754294387,0,0,0,45.34714351,23.2590256,9.589074368,31.60119254,200.5943474,71.8484919,0,52.21900077,0,37.38,0,9.589074368,0,11.81435946,23.60887151,76.29015223,135.6703758,38.71969055,22.67357176,116.0921804,0,2.805459888,7.217320224,37.86643933,2.766663591,10.08900841,1.579357032,13.46258158,33.6337001,18.74613651,0,0.516129032,69,0,3,2,1,3,1,4,5,6,0,7,27,0,0,0,8,20.21924,306.822,0,0,0,0,0,0,0,0,0,0,2,2,0,0,0,1,0,0,0,0,0,0,0,0,0,0,8,2,0,0,2,0,0,0,1,0,2,0,0,0,0,0,0,0,0,0,0,0,1,0,0,0,0,0,0,0,0,0,0,0,0,0,0,0,0,0,0,0,0,0,0,0,0,0,0,0,0,0,0,0,0,0,4,6,0,0.492753623,1,1.550724638,0,0
D,19,P-S,PM6:BTP-eC9,1,非挥发性固体,ITO/PEDOT:PSS/PM6:BTP-eC9（LbL）/PNDIT-F3N/Ag,CC1=CC2=C(S1)C(C3=CC=C(SCC(CC)CCCC)S3)=C4C(SC(C5=CC=C(C6=C(C7=CC=C(C)S7)C(N(CC(CCCCCC)CCCC)C6=O)=O)S5)=C4)=C2C8=CC=C(SC(CCCC)CC)S8,0.851,27.42,78.66,18.35,1.11628176,14.86456425,14.86456425,0.123035131,-0.125559286,0.027830159,14.65714286,1084.774,1011.19,1083.340699,374,0,0.262546813,-0.273974721,0.273974721,0.262546813,32.19732584,9.94289552,2.413808581,-2.230138068,2.548120856,-2.35674793,8.014537486,-0.136360577,4.238407029,1.213594895,2875.909043,49.31225058,42.76317206,49.29514471,34.08231355,26.35986704,33.1240979,19.36119867,29.12981943,13.98068159,23.78435959,9.904123357,19.48188322,-2.48,4.19127E+15,53.80110831,25.64663866,12.36496026,451.5420421,0,0,0,0,11.81435946,0,14.4889841,0,0,91.54448517,112.1714611,118.4510653,87.86391684,19.56456742,9.589074368,134.6773419,0,4.899909731,11.83581209,171.7913399,12.29761001,80.17225946,0,30.63549176,0,0,0,91.54448517,34.26181723,9.589074368,25.68328649,163.7841579,69.08202904,0,61.95398908,0,37.38,0,9.589074368,0,11.81435946,28.85880954,57.53060294,135.6080298,27.57348149,63.17539553,121.7490862,0,5.513563298,15.16683175,40.43872544,3.303225801,3.879976067,1.993960415,22.87616826,19.19788316,18.62966581,0,0.491525424,70,0,3,0,1,1,1,6,7,10,0,11,28,0,0,0,8,21.40564,319.739,0,0,0,0,0,0,0,0,0,0,2,2,0,0,0,1,0,0,0,0,0,0,0,0,0,0,0,2,0,0,2,0,0,0,1,0,2,0,0,0,0,0,0,0,0,0,0,0,1,0,0,0,0,0,0,0,0,0,0,0,0,0,0,0,0,0,0,0,0,0,0,0,0,0,0,2,0,0,0,0,0,0,6,6,0,0.485714286,1.057142857,1.714285714,0,0
D,19,P-F,PM6:BTP-eC9,1,非挥发性固体,ITO/PEDOT:PSS/PM6:BTP-eC9（LbL）/PNDIT-F3N/Ag,FC1=C(CC(CCCC)CC)CC(C2=C(SC(C3=CC=C(C4=C(C5=CC=C(C)S5)C(N(CC(CCCCCC)CCCC)C4=O)=O)S3)=C6)C6=C(C7=CC(F)=C(CC(CC)CCCC)C7)C8=C2C=C(C)S8)=C1,0.853,27.76,79.06,18.72,1.32545592,16.33703486,16.33703486,0.085247456,-0.186995163,0.038822562,16.84507042,1034.567,956.951,1033.480521,380,0,0.262546813,-0.273974721,0.273974721,0.262546813,32.13807219,9.87362779,2.415618536,-2.230138234,2.538306962,-2.356747933,7.268650754,-0.136362946,4.248727426,1.211665259,2776.008822,50.34563078,43.85272765,47.11871397,34.40368076,27.35161121,30.61759754,20.94293238,25.62313227,15.58684281,20.12408636,11.44682224,15.85953352,-3.76,5.50877E+15,53.52940621,24.51515356,11.79434528,439.4762668,0,11.65374776,0,0,11.81435946,0,14.4889841,8.780830095,0,45.34714351,131.4339259,140.968783,67.10683081,11.14620906,18.36990446,99.62620935,0,4.899909731,17.75371814,183.8063301,6.544756406,101.9856912,0,9.754294387,0,8.780830095,0,45.34714351,23.2590256,9.589074368,31.60119254,200.5943474,71.35019944,0,52.21900077,0,37.38,0,9.589074368,8.780830095,29.38601326,42.3684208,174.2896697,24.13961206,50.24705324,37.27487862,66.6652616,0,34.91435954,6.638518836,37.07761458,2.201493523,7.084611008,0.66280711,12.76418714,24.14569414,18.01071412,0,0.516129032,71,0,3,2,1,3,1,4,5,6,0,9,27,0,0,0,8,20.81364,306.924,0,0,0,0,0,0,0,0,0,0,2,2,0,0,0,1,0,0,0,0,0,0,0,0,0,0,8,2,0,0,2,0,0,0,1,0,2,0,0,0,0,0,0,0,2,0,0,0,1,0,0,0,0,0,0,0,0,0,0,0,0,0,0,0,0,0,0,0,0,0,0,0,0,0,0,0,0,0,0,0,0,0,4,6,0,0.521126761,1.014084507,1.549295775,0,0
D,19,P-Cl,PM6:BTP-eC9,1,非挥发性固体,ITO/PEDOT:PSS/PM6:BTP-eC9（LbL）/PNDIT-F3N/Ag,ClC1=C(CC(CCCC)CC)CC(C2=C(SC(C3=CC=C(C4=C(C5=CC=C(C)S5)C(N(CC(CCCCCC)CCCC)C4=O)=O)S3)=C6)C6=C(C7=CC(Cl)=C(CC(CC)CCCC)C7)C8=C2C=C(C)S8)=C1,0.853,27.81,80.50 ,19.10 ,1.39112719,14.8965453,14.8965453,0.136514943,-0.140972809,0.03881837,16.84507042,1067.477,989.861,1065.42142,380,0,0.262546813,-0.273974721,0.273974721,0.262546813,35.49680542,9.873967515,2.415376353,-2.230138241,2.540643163,-2.356747933,7.268712778,-0.13636123,4.248727426,1.211665259,2776.008822,50.34563078,43.85272765,48.63057187,34.40368076,27.35161121,31.37352648,20.94293238,26.43753252,15.58684281,20.87682673,11.44682224,16.41087978,-3.04,5.50877E+15,54.22818942,24.99487604,12.07679592,451.7517284,0,0,0,0,11.81435946,0,14.4889841,0,0,45.34714351,154.6358057,140.968783,77.17140352,11.14620906,9.589074368,122.8280891,0,4.899909731,17.75371814,183.8063301,6.544756406,100.3965161,0,9.754294387,0,0,0,68.54902329,23.2590256,9.589074368,31.60119254,200.5943474,69.76102439,0,52.21900077,0,37.38,0,9.589074368,0,11.81435946,35.4446836,87.36055609,133.9749416,27.57348149,28.73993882,97.87377315,23.20187978,2.615069361,21.59148907,37.66496871,4.414501752,9.127894342,1.306522326,13.25145186,27.23036116,18.51996366,0,0.516129032,71,0,3,2,1,3,1,4,5,6,0,9,27,0,0,0,8,21.35224,316.414,0,0,0,0,0,0,0,0,0,0,2,2,0,0,0,1,0,0,0,0,0,0,0,0,0,0,8,2,0,0,2,0,0,0,1,0,2,0,0,0,0,0,0,0,2,0,0,0,1,0,0,0,0,0,0,0,0,0,0,0,0,0,0,0,0,0,0,0,0,0,0,0,0,0,0,0,0,0,0,0,0,0,4,6,0,0.521126761,1.014084507,1.549295775,0,0
D,20,BBS,PM6:Y6,1,非挥发性固体,ITO/PEDOT:PSS/ PM6:Y6 /PNDITF3N/Ag,[H]/C(C1=CC=C(B(C2=C(C)C=C(C)C=C2C)C3=C(C)C=C(C)C=C3C)C=C1)=C(C4=CC=C(B(C5=C(C)C=C(C)C=C5C)C6=C(C)C=C(C)C=C6C)C=C4)/[H],0.858,27.1,75.5,17.6,0.1713634,2.341261301,2.341261301,0.181783005,0.181783005,0.112000745,11.38461538,676.606,622.174,676.4411625,260,0,0.242063187,-0.068571352,0.242063187,0.068571352,14.1313275,9.338649966,2.293959586,-2.244712685,2.161800778,-2.55405116,6.968153506,1.335785345,3.046381597,1.338758256,1930.168919,37.42962798,33.54700538,33.54700538,24.70932545,18.90427097,18.90427097,15.78226251,15.78226251,11.11467026,11.11467026,9.333046957,9.333046957,-4.81012987,1.96325E+11,36.96322298,15.04144868,7.538993081,314.7820564,0,0,0,13.42550457,0,0,0,0,0,0,208.7521508,94.21174938,0,0,0,58.35436435,0,0,0,83.0848464,0,174.950194,0,0,32.77681956,0,0,0,13.42550457,0,83.0848464,77.88832088,97.0618731,0,12.15204021,0,0,0,0,0,13.42550457,0,0,110.6651404,0,0,192.2987597,0,0,0,0,0,26.92183363,0,37.20959435,4.497159159,27.37141286,0,0.24,52,0,0,0,0,0,6,0,6,0,0,2,8,0,0,0,6,8.59044,233.736,0,0,0,0,0,0,0,0,0,0,0,0,0,0,0,0,0,0,0,0,0,0,0,0,0,0,0,0,0,0,12,0,0,0,6,0,0,0,0,0,0,0,0,0,0,0,0,0,0,0,0,0,0,0,0,0,0,0,0,0,0,0,0,0,0,0,0,0,0,0,0,0,0,0,0,0,0,0,0,0,0,0,0,0,0,0.288461538,0.480769231,0.673076923,0,0
D,21,0.5% CN（对照组）,PM6:Y6,1,液体,ITO/PEDOT:PSS/ PM6:Y6 /PDINO/Al,ClC1=CC=CC2=CC=CC=C21,0.821,25.91,73.9,15.74,0.83984914,5.957037037,5.957037037,0.822314815,0.822314815,0.55644797,10.27272727,162.619,155.563,162.0236279,54,0,0.048389036,-0.083664219,0.083664219,0.048389036,35.49569104,10.12844457,1.934419766,-1.966428521,2.214722752,-1.704476637,6.349799888,1.748124801,2.05595014,2.913161164,374.0344904,7.681798276,5.919416357,6.675345303,5.377010098,3.510349442,3.888313915,2.460971502,2.868171629,1.736428508,2.066016729,1.185882541,1.430724861,-1.01,505.7637346,6.684816447,2.554171088,1.099229702,70.41633388,0,0,0,0,0,0,0,0,0,0,47.9991423,11.45259128,10.40885753,0,0,22.37338832,0,0,0,0,0,47.48720279,0,0,0,0,0,11.60093989,0,0,0,0,42.46456948,5.022633314,10.77244843,0,0,0,0,0,0,0,10.40885753,5.386224214,0,30.33183534,12.13273414,11.60093989,0,5.957037037,0,3.13867284,0,0,14.01540123,0,0,0,0,11,0,0,0,0,0,2,0,2,0,0,1,0,0,0,0,2,3.4932,48.958,0,0,0,0,0,0,0,0,0,0,0,0,0,0,0,0,0,0,0,0,0,0,0,0,0,0,0,0,0,0,0,0,0,0,2,0,1,0,0,0,0,0,0,0,1,0,0,0,0,0,0,0,0,0,0,0,0,0,0,0,0,0,0,0,0,0,0,0,0,0,0,0,0,0,0,0,0,0,0,0,0,0,0,0,0,0.818181818,1.545454545,2.363636364,0,0
D,21,0.5% CN + 25% DTT,PM6:Y6,2,挥发性固体,ITO/PEDOT:PSS/ PM6:Y6 /PDINO/Al,ClC1=CC=CC2=CC=CC=C21,0.839,26.42,76.5,16.97,0.83984923,5.957037037,5.957037037,0.822314815,0.822314815,0.55644797,10.27272727,162.619,155.563,162.0236279,54,0,0.048389036,-0.083664219,0.083664219,0.048389036,35.49569104,10.12844457,1.934419766,-1.966428521,2.214722752,-1.704476637,6.349799888,1.748124801,2.05595014,2.913161164,374.0344904,7.681798276,5.919416357,6.675345303,5.377010098,3.510349442,3.888313915,2.460971502,2.868171629,1.736428508,2.066016729,1.185882541,1.430724861,-1.01,505.7637346,6.684816447,2.554171088,1.099229702,70.41633388,0,0,0,0,0,0,0,0,0,0,47.9991423,11.45259128,10.40885753,0,0,22.37338832,0,0,0,0,0,47.48720279,0,0,0,0,0,11.60093989,0,0,0,0,42.46456948,5.022633314,10.77244843,0,0,0,0,0,0,0,10.40885753,5.386224214,0,30.33183534,12.13273414,11.60093989,0,5.957037037,0,3.13867284,0,0,14.01540123,0,0,0,0,11,0,0,0,0,0,2,0,2,0,0,1,0,0,0,0,2,3.4932,48.958,0,0,0,0,0,0,0,0,0,0,0,0,0,0,0,0,0,0,0,0,0,0,0,0,0,0,0,0,0,0,0,0,0,0,2,0,1,0,0,0,0,0,0,0,1,0,0,0,0,0,0,0,0,0,0,0,0,0,0,0,0,0,0,0,0,0,0,0,0,0,0,0,0,0,0,0,0,0,0,0,0,0,0,0,0,0.818181818,1.545454545,2.363636364,0,0
D,21,0.5% CN + 25% DTT,PM6:Y6,2,挥发性固体,ITO/PEDOT:PSS/ PM6:Y6 /PDINO/Al,C1(C=CS2)=C2C(SC=C3)=C3S1,0.839,26.42,76.5,16.97,0.0697161,2.205740741,2.205740741,1.441527778,1.441527778,0.505800042,11.63636364,196.321,192.289,195.9475131,54,0,0.062877584,-0.141380533,0.141380533,0.062877584,32.1386473,10.47133603,2.049032072,-1.711356312,2.394695257,-1.387331084,7.371547009,2.251640555,2.52397821,2.753722456,452.0727689,7.259148545,5.534145948,7.983635691,5.449489743,3.281918038,5.857720241,2.330013024,5.246022136,1.684343263,5.056021321,1.2052807,4.715521468,-0.38,883.3923736,6.171005749,2.061722689,0.732213389,75.71582199,0,0,0,0,0,0,0,0,0,34.01035763,0,22.89285968,9.399839833,9.399839833,0,52.8100373,0,0,0,0,0,22.89285968,0,0,0,0,0,34.01035763,0,0,0,0,22.89285968,0,18.79967967,0,0,0,0,0,0,0,0,18.79967967,0,34.01035763,22.89285968,0,5.8275,5.593703704,0,4.333981481,0,0,4.411481481,0,0,0,0,11,0,0,0,0,0,0,3,3,3,0,3,0,0,0,0,3,4.1775,55.085,0,0,0,0,0,0,0,0,0,0,0,0,0,0,0,0,0,0,0,0,0,0,0,0,0,0,0,0,0,0,0,0,0,0,0,0,3,0,0,0,0,0,0,0,0,0,0,0,0,0,0,0,0,0,0,0,0,0,0,0,0,0,0,0,0,0,0,0,0,0,0,0,0,0,0,0,0,0,0,0,0,0,3,0,0,0.818181818,1.363636364,1.909090909,0,0
D,21,0.5% CN（对照组）,PTQ10:Y6,1,液体,ITO/PEDOT:PSS/ PTQ10:Y6 /PDINO/Al,ClC1=CC=CC2=CC=CC=C21,0.819,26.21,76.5,16.39,0.83984914,5.957037037,5.957037037,0.822314815,0.822314815,0.55644797,10.27272727,162.619,155.563,162.0236279,54,0,0.048389036,-0.083664219,0.083664219,0.048389036,35.49569104,10.12844457,1.934419766,-1.966428521,2.214722752,-1.704476637,6.349799888,1.748124801,2.05595014,2.913161164,374.0344904,7.681798276,5.919416357,6.675345303,5.377010098,3.510349442,3.888313915,2.460971502,2.868171629,1.736428508,2.066016729,1.185882541,1.430724861,-1.01,505.7637346,6.684816447,2.554171088,1.099229702,70.41633388,0,0,0,0,0,0,0,0,0,0,47.9991423,11.45259128,10.40885753,0,0,22.37338832,0,0,0,0,0,47.48720279,0,0,0,0,0,11.60093989,0,0,0,0,42.46456948,5.022633314,10.77244843,0,0,0,0,0,0,0,10.40885753,5.386224214,0,30.33183534,12.13273414,11.60093989,0,5.957037037,0,3.13867284,0,0,14.01540123,0,0,0,0,11,0,0,0,0,0,2,0,2,0,0,1,0,0,0,0,2,3.4932,48.958,0,0,0,0,0,0,0,0,0,0,0,0,0,0,0,0,0,0,0,0,0,0,0,0,0,0,0,0,0,0,0,0,0,0,2,0,1,0,0,0,0,0,0,0,1,0,0,0,0,0,0,0,0,0,0,0,0,0,0,0,0,0,0,0,0,0,0,0,0,0,0,0,0,0,0,0,0,0,0,0,0,0,0,0,0,0.818181818,1.545454545,2.363636364,0,0
D,21,0.5% CN + 25% DTT,PTQ10:Y6,2,挥发性固体,ITO/PEDOT:PSS/ PTQ10:Y6 /PDINO/Al,ClC1=CC=CC2=CC=CC=C21,0.825,26.60 ,79.6,17.47,0.83984914,5.957037037,5.957037037,0.822314815,0.822314815,0.55644797,10.27272727,162.619,155.563,162.0236279,54,0,0.048389036,-0.083664219,0.083664219,0.048389036,35.49569104,10.12844457,1.934419766,-1.966428521,2.214722752,-1.704476637,6.349799888,1.748124801,2.05595014,2.913161164,374.0344904,7.681798276,5.919416357,6.675345303,5.377010098,3.510349442,3.888313915,2.460971502,2.868171629,1.736428508,2.066016729,1.185882541,1.430724861,-1.01,505.7637346,6.684816447,2.554171088,1.099229702,70.41633388,0,0,0,0,0,0,0,0,0,0,47.9991423,11.45259128,10.40885753,0,0,22.37338832,0,0,0,0,0,47.48720279,0,0,0,0,0,11.60093989,0,0,0,0,42.46456948,5.022633314,10.77244843,0,0,0,0,0,0,0,10.40885753,5.386224214,0,30.33183534,12.13273414,11.60093989,0,5.957037037,0,3.13867284,0,0,14.01540123,0,0,0,0,11,0,0,0,0,0,2,0,2,0,0,1,0,0,0,0,2,3.4932,48.958,0,0,0,0,0,0,0,0,0,0,0,0,0,0,0,0,0,0,0,0,0,0,0,0,0,0,0,0,0,0,0,0,0,0,2,0,1,0,0,0,0,0,0,0,1,0,0,0,0,0,0,0,0,0,0,0,0,0,0,0,0,0,0,0,0,0,0,0,0,0,0,0,0,0,0,0,0,0,0,0,0,0,0,0,0,0.818181818,1.545454545,2.363636364,0,0
D,21,0.5% CN + 25% DTT,PTQ10:Y6,2,挥发性固体,ITO/PEDOT:PSS/ PTQ10:Y6 /PDINO/Al,C1(C=CS2)=C2C(SC=C3)=C3S1,0.825,26.60 ,79.6,17.47,0.06971603,2.205740741,2.205740741,1.441527778,1.441527778,0.505800042,11.63636364,196.321,192.289,195.9475131,54,0,0.062877584,-0.141380533,0.141380533,0.062877584,32.1386473,10.47133603,2.049032072,-1.711356312,2.394695257,-1.387331084,7.371547009,2.251640555,2.52397821,2.753722456,452.0727689,7.259148545,5.534145948,7.983635691,5.449489743,3.281918038,5.857720241,2.330013024,5.246022136,1.684343263,5.056021321,1.2052807,4.715521468,-0.38,883.3923736,6.171005749,2.061722689,0.732213389,75.71582199,0,0,0,0,0,0,0,0,0,34.01035763,0,22.89285968,9.399839833,9.399839833,0,52.8100373,0,0,0,0,0,22.89285968,0,0,0,0,0,34.01035763,0,0,0,0,22.89285968,0,18.79967967,0,0,0,0,0,0,0,0,18.79967967,0,34.01035763,22.89285968,0,5.8275,5.593703704,0,4.333981481,0,0,4.411481481,0,0,0,0,11,0,0,0,0,0,0,3,3,3,0,3,0,0,0,0,3,4.1775,55.085,0,0,0,0,0,0,0,0,0,0,0,0,0,0,0,0,0,0,0,0,0,0,0,0,0,0,0,0,0,0,0,0,0,0,0,0,3,0,0,0,0,0,0,0,0,0,0,0,0,0,0,0,0,0,0,0,0,0,0,0,0,0,0,0,0,0,0,0,0,0,0,0,0,0,0,0,0,0,0,0,0,0,3,0,0,0.818181818,1.363636364,1.909090909,0,0
D,21,0.7% CN（对照组）,PTQ10:m-BTP-PhC6,1,液体,ITO/PEDOT:PSS/ PTQ10:m-BTP-PhC6 /PDINO/Al,ClC1=CC=CC2=CC=CC=C21,0.864,24.79,78.4,16.78,0.83984921,5.957037037,5.957037037,0.822314815,0.822314815,0.55644797,10.27272727,162.619,155.563,162.0236279,54,0,0.048389036,-0.083664219,0.083664219,0.048389036,35.49569104,10.12844457,1.934419766,-1.966428521,2.214722752,-1.704476637,6.349799888,1.748124801,2.05595014,2.913161164,374.0344904,7.681798276,5.919416357,6.675345303,5.377010098,3.510349442,3.888313915,2.460971502,2.868171629,1.736428508,2.066016729,1.185882541,1.430724861,-1.01,505.7637346,6.684816447,2.554171088,1.099229702,70.41633388,0,0,0,0,0,0,0,0,0,0,47.9991423,11.45259128,10.40885753,0,0,22.37338832,0,0,0,0,0,47.48720279,0,0,0,0,0,11.60093989,0,0,0,0,42.46456948,5.022633314,10.77244843,0,0,0,0,0,0,0,10.40885753,5.386224214,0,30.33183534,12.13273414,11.60093989,0,5.957037037,0,3.13867284,0,0,14.01540123,0,0,0,0,11,0,0,0,0,0,2,0,2,0,0,1,0,0,0,0,2,3.4932,48.958,0,0,0,0,0,0,0,0,0,0,0,0,0,0,0,0,0,0,0,0,0,0,0,0,0,0,0,0,0,0,0,0,0,0,2,0,1,0,0,0,0,0,0,0,1,0,0,0,0,0,0,0,0,0,0,0,0,0,0,0,0,0,0,0,0,0,0,0,0,0,0,0,0,0,0,0,0,0,0,0,0,0,0,0,0,0.818181818,1.545454545,2.363636364,0,0
D,21,0.7% CN + 15% DTT,PTQ10:m-BTP-PhC6,1,挥发性固体,ITO/PEDOT:PSS/ PTQ10:m-BTP-PhC6 /PDINO/Al,ClC1=CC=CC2=CC=CC=C21,0.871,25.42,80.4,17.78,0.83984923,5.957037037,5.957037037,0.822314815,0.822314815,0.55644797,10.27272727,162.619,155.563,162.0236279,54,0,0.048389036,-0.083664219,0.083664219,0.048389036,35.49569104,10.12844457,1.934419766,-1.966428521,2.214722752,-1.704476637,6.349799888,1.748124801,2.05595014,2.913161164,374.0344904,7.681798276,5.919416357,6.675345303,5.377010098,3.510349442,3.888313915,2.460971502,2.868171629,1.736428508,2.066016729,1.185882541,1.430724861,-1.01,505.7637346,6.684816447,2.554171088,1.099229702,70.41633388,0,0,0,0,0,0,0,0,0,0,47.9991423,11.45259128,10.40885753,0,0,22.37338832,0,0,0,0,0,47.48720279,0,0,0,0,0,11.60093989,0,0,0,0,42.46456948,5.022633314,10.77244843,0,0,0,0,0,0,0,10.40885753,5.386224214,0,30.33183534,12.13273414,11.60093989,0,5.957037037,0,3.13867284,0,0,14.01540123,0,0,0,0,11,0,0,0,0,0,2,0,2,0,0,1,0,0,0,0,2,3.4932,48.958,0,0,0,0,0,0,0,0,0,0,0,0,0,0,0,0,0,0,0,0,0,0,0,0,0,0,0,0,0,0,0,0,0,0,2,0,1,0,0,0,0,0,0,0,1,0,0,0,0,0,0,0,0,0,0,0,0,0,0,0,0,0,0,0,0,0,0,0,0,0,0,0,0,0,0,0,0,0,0,0,0,0,0,0,0,0.818181818,1.545454545,2.363636364,0,0
D,21,0.7% CN + 15% DTT,PTQ10:m-BTP-PhC6,1,挥发性固体,ITO/PEDOT:PSS/ PTQ10:m-BTP-PhC6 /PDINO/Al,C1(C=CS2)=C2C(SC=C3)=C3S1,0.871,25.42,80.4,17.78,0.0697164,2.205740741,2.205740741,1.441527778,1.441527778,0.505800042,11.63636364,196.321,192.289,195.9475131,54,0,0.062877584,-0.141380533,0.141380533,0.062877584,32.1386473,10.47133603,2.049032072,-1.711356312,2.394695257,-1.387331084,7.371547009,2.251640555,2.52397821,2.753722456,452.0727689,7.259148545,5.534145948,7.983635691,5.449489743,3.281918038,5.857720241,2.330013024,5.246022136,1.684343263,5.056021321,1.2052807,4.715521468,-0.38,883.3923736,6.171005749,2.061722689,0.732213389,75.71582199,0,0,0,0,0,0,0,0,0,34.01035763,0,22.89285968,9.399839833,9.399839833,0,52.8100373,0,0,0,0,0,22.89285968,0,0,0,0,0,34.01035763,0,0,0,0,22.89285968,0,18.79967967,0,0,0,0,0,0,0,0,18.79967967,0,34.01035763,22.89285968,0,5.8275,5.593703704,0,4.333981481,0,0,4.411481481,0,0,0,0,11,0,0,0,0,0,0,3,3,3,0,3,0,0,0,0,3,4.1775,55.085,0,0,0,0,0,0,0,0,0,0,0,0,0,0,0,0,0,0,0,0,0,0,0,0,0,0,0,0,0,0,0,0,0,0,0,0,3,0,0,0,0,0,0,0,0,0,0,0,0,0,0,0,0,0,0,0,0,0,0,0,0,0,0,0,0,0,0,0,0,0,0,0,0,0,0,0,0,0,0,0,0,0,3,0,0,0.818181818,1.363636364,1.909090909,0,0
D,22,0.5% CN（对照组）,1J61:1.2Y5,1,液体,ITO/PEDOT:PSS/ J61:Y5 / PDINO /Al,ClC1=CC=CC2=CC=CC=C21,0..90,21.1,58.3,11.0 ,0.83984923,5.957037037,5.957037037,0.822314815,0.822314815,0.55644797,10.27272727,162.619,155.563,162.0236279,54,0,0.048389036,-0.083664219,0.083664219,0.048389036,35.49569104,10.12844457,1.934419766,-1.966428521,2.214722752,-1.704476637,6.349799888,1.748124801,2.05595014,2.913161164,374.0344904,7.681798276,5.919416357,6.675345303,5.377010098,3.510349442,3.888313915,2.460971502,2.868171629,1.736428508,2.066016729,1.185882541,1.430724861,-1.01,505.7637346,6.684816447,2.554171088,1.099229702,70.41633388,0,0,0,0,0,0,0,0,0,0,47.9991423,11.45259128,10.40885753,0,0,22.37338832,0,0,0,0,0,47.48720279,0,0,0,0,0,11.60093989,0,0,0,0,42.46456948,5.022633314,10.77244843,0,0,0,0,0,0,0,10.40885753,5.386224214,0,30.33183534,12.13273414,11.60093989,0,5.957037037,0,3.13867284,0,0,14.01540123,0,0,0,0,11,0,0,0,0,0,2,0,2,0,0,1,0,0,0,0,2,3.4932,48.958,0,0,0,0,0,0,0,0,0,0,0,0,0,0,0,0,0,0,0,0,0,0,0,0,0,0,0,0,0,0,0,0,0,0,2,0,1,0,0,0,0,0,0,0,1,0,0,0,0,0,0,0,0,0,0,0,0,0,0,0,0,0,0,0,0,0,0,0,0,0,0,0,0,0,0,0,0,0,0,0,0,0,0,0,0,0.818181818,1.545454545,2.363636364,0,0
D,22,0.8% CN,1TTFQx-T1:1.2Y5,1,液体,ITO/PEDOT:PSS/ TTFQx-T1:Y5 / PDINO /Al,ClC1=CC=CC2=CC=CC=C21,0.89,21.2,69.6,13.1,0.83984914,5.957037037,5.957037037,0.822314815,0.822314815,0.55644797,10.27272727,162.619,155.563,162.0236279,54,0,0.048389036,-0.083664219,0.083664219,0.048389036,35.49569104,10.12844457,1.934419766,-1.966428521,2.214722752,-1.704476637,6.349799888,1.748124801,2.05595014,2.913161164,374.0344904,7.681798276,5.919416357,6.675345303,5.377010098,3.510349442,3.888313915,2.460971502,2.868171629,1.736428508,2.066016729,1.185882541,1.430724861,-1.01,505.7637346,6.684816447,2.554171088,1.099229702,70.41633388,0,0,0,0,0,0,0,0,0,0,47.9991423,11.45259128,10.40885753,0,0,22.37338832,0,0,0,0,0,47.48720279,0,0,0,0,0,11.60093989,0,0,0,0,42.46456948,5.022633314,10.77244843,0,0,0,0,0,0,0,10.40885753,5.386224214,0,30.33183534,12.13273414,11.60093989,0,5.957037037,0,3.13867284,0,0,14.01540123,0,0,0,0,11,0,0,0,0,0,2,0,2,0,0,1,0,0,0,0,2,3.4932,48.958,0,0,0,0,0,0,0,0,0,0,0,0,0,0,0,0,0,0,0,0,0,0,0,0,0,0,0,0,0,0,0,0,0,0,2,0,1,0,0,0,0,0,0,0,1,0,0,0,0,0,0,0,0,0,0,0,0,0,0,0,0,0,0,0,0,0,0,0,0,0,0,0,0,0,0,0,0,0,0,0,0,0,0,0,0,0.818181818,1.545454545,2.363636364,0,0
D,23,DIO+SVA,ZnP - TBO:6TIC,1,液体,ITO/PEDOT:PSS/ZnP - TBO:6TIC/C60- bissalt/Ag,ICCCCCCCCI,0.80 ,20.44,73.87,12.08,9.64E-07,2.454655993,2.454655993,1.337345679,1.337345679,0.360140031,10.2,366.024,349.896,365.9341465,62,0,-0.000472812,-0.086375917,0.086375917,0.000472812,126.9137216,10.13204741,1.878618147,-1.964807038,2.067504511,-1.799735234,14.10995232,0.63270578,1.967154472,2.647604849,47.21928095,7.656854249,6.412783196,10.72777978,4.914213562,4.034522484,7.085685828,2.499284817,4.656783108,1.517261242,3.042842914,0.896089018,1.974838163,1.46,175.076748,11.46,10.46,9.46,91.81752207,0,0,0,0,0,0,0,0,0,0,70.86502775,21.69674805,0,0,0,45.18174125,0,0,0,38.52492974,8.855104805,0,0,0,0,0,0,45.18174125,8.855104805,0,0,38.52492974,0,0,0,0,0,0,0,0,0,0,0,47.38003454,0,0,45.18174125,0,2.674691358,4.909311987,0,0,0,0,0,8.655996655,0,0,1,10,0,0,0,0,0,0,0,0,0,0,2,7,0,0,0,0,4.197,65.476,0,0,0,0,0,0,0,0,0,0,0,0,0,0,0,0,0,0,0,0,0,0,0,0,0,2,0,0,0,0,0,0,0,0,0,0,0,0,0,0,0,0,0,0,2,0,0,0,0,0,0,0,0,0,0,0,0,0,0,0,0,0,0,0,0,0,0,0,0,0,0,0,0,0,0,0,0,0,0,0,0,0,0,5,0,0.5,0.8,1.1,0,0
D,25,DBrTz,PM6:L8-BO,1,挥发性固体,ITO/PEDOT:PSS  / PM6:L8-BO / PDINN/Ag,BrC1=NC=C(Br)S1,0.886,26.8,80.0 ,19.0 ,1.294292,3.904513889,3.904513889,0.916087963,0.916087963,0.681987573,9.428571429,242.923,241.915,240.8196442,38,0,0.159622694,-0.236364545,0.236364545,0.159622694,79.91976542,11.02503052,1.894817269,-1.642380428,2.221922087,-1.482243891,9.118644221,1.373752289,1.866819311,3.042002767,145.223446,5.276020882,3.188741101,7.17723076,3.2876937,1.556693586,3.959186706,0.917326906,4.603252696,0.449269772,2.404252965,0.234660278,2.445943942,0.59,46.67048278,5.721752306,2.23909137,1.509640615,62.02650958,0,0,3.916891721,0,0,0,0,4.983978521,0,11.33678588,0,31.8598878,0,9.983258789,0,43.19667367,0,4.983978521,0,0,0,13.90015051,0,0,0,0,0,43.19667367,4.983978521,0,0,0,13.90015051,0,0,0,12.89,0,0,0,0,0,7.703306939,0,17.53362945,0,36.84386632,0,1.971064815,8.032407407,3.904513889,0,0,0,0,1.758680556,0,0,0,7,0,1,0,0,0,0,1,1,2,0,4,0,0,0,0,1,2.6681,37.514,0,0,0,0,0,1,0,0,0,0,0,0,0,0,0,1,0,0,0,0,0,0,0,0,0,0,0,0,0,0,0,0,0,0,0,0,0,0,0,0,0,0,0,0,2,0,0,0,0,0,0,0,0,0,0,0,0,0,0,0,0,0,0,0,0,0,0,0,0,0,0,0,0,0,0,0,0,0,0,0,1,0,0,0,0,1.571428571,2.285714286,2.428571429,0,0
D,25,BrITz,PM6:L8-BO,1,挥发性固体,ITO/PEDOT:PSS  / PM6:L8-BO / PDINN/Ag,BrC1=NC=C(I)S1,0.886,26.3,78.3,18.2,1.3011783,3.943888889,3.943888889,0.955462963,0.955462963,0.668992559,9.428571429,289.923,288.915,288.8057801,38,0,0.159553176,-0.236441827,0.236441827,0.159553176,126.9127044,11.02726679,1.893890701,-1.643072379,2.186047816,-1.495537003,14.11216036,1.373008647,1.866819311,3.042002767,147.223446,5.276020882,3.188741101,7.748732512,3.2876937,1.556693586,4.244937582,0.917326906,5.118202962,0.449269772,2.653019483,0.234660278,2.904755924,0.84,46.67048278,5.96755102,2.409303986,1.654842356,67.4208001,0,0,3.916891721,0,0,0,0,4.983978521,0,11.33678588,0,38.52081453,0,9.080721545,0,49.8576004,0,4.983978521,0,0,0,12.99761327,0,0,0,0,0,49.8576004,4.983978521,0,2.883877973,0,10.11373529,0,0,0,12.89,0,0,0,0,0,3.916891721,2.883877973,11.33678588,6.196843572,43.50479305,0,2.167939815,7.096157407,3.943888889,0,0,0,0,1.828680556,0,0,0,7,0,1,0,0,0,0,1,1,2,0,4,0,0,0,0,1,2.5102,42.531,0,0,0,0,0,1,0,0,0,0,0,0,0,0,0,1,0,0,0,0,0,0,0,0,0,0,0,0,0,0,0,0,0,0,0,0,0,0,0,0,0,0,0,0,2,0,0,0,0,0,0,0,0,0,0,0,0,0,0,0,0,0,0,0,0,0,0,0,0,0,0,0,0,0,0,0,0,0,0,0,1,0,0,0,0,1.857142857,2.571428571,2.714285714,0,0
D,25,DBrTz,PM6:L8-BO,1,挥发性固体,ITO/3-BPIC-F  / PM6:L8-BO / PDINN/Ag,BrC1=NC=C(Br)S1,0.887,27.4,79.9,19.4,1.294292,3.904513889,3.904513889,0.916087963,0.916087963,0.681987573,9.428571429,242.923,241.915,240.8196442,38,0,0.159622694,-0.236364545,0.236364545,0.159622694,79.91976542,11.02503052,1.894817269,-1.642380428,2.221922087,-1.482243891,9.118644221,1.373752289,1.866819311,3.042002767,145.223446,5.276020882,3.188741101,7.17723076,3.2876937,1.556693586,3.959186706,0.917326906,4.603252696,0.449269772,2.404252965,0.234660278,2.445943942,0.59,46.67048278,5.721752306,2.23909137,1.509640615,62.02650958,0,0,3.916891721,0,0,0,0,4.983978521,0,11.33678588,0,31.8598878,0,9.983258789,0,43.19667367,0,4.983978521,0,0,0,13.90015051,0,0,0,0,0,43.19667367,4.983978521,0,0,0,13.90015051,0,0,0,12.89,0,0,0,0,0,7.703306939,0,17.53362945,0,36.84386632,0,1.971064815,8.032407407,3.904513889,0,0,0,0,1.758680556,0,0,0,7,0,1,0,0,0,0,1,1,2,0,4,0,0,0,0,1,2.6681,37.514,0,0,0,0,0,1,0,0,0,0,0,0,0,0,0,1,0,0,0,0,0,0,0,0,0,0,0,0,0,0,0,0,0,0,0,0,0,0,0,0,0,0,0,0,2,0,0,0,0,0,0,0,0,0,0,0,0,0,0,0,0,0,0,0,0,0,0,0,0,0,0,0,0,0,0,0,0,0,0,0,1,0,0,0,0,1.571428571,2.285714286,2.428571429,0,0
D,26,BDCB,PM6:L8-BO,1,挥发性固体,ITO/PEDOT:PSS / PM6:L8-BO（BHJ） / PNDIT-F3N/Ag,BrC1=C(Cl)C=CC=C1Cl,0.888,25.92,78.9,18.12,1.51868773,5.682631173,5.682631173,0.641203704,0.641203704,0.590409311,9.666666667,225.9,222.876,223.8795176,48,0,0.056271485,-0.083051314,0.083051314,0.056271485,79.91873098,10.36310539,1.976546694,-1.943249147,2.286002299,-1.677129692,9.103770225,1.647954216,1.828958585,3.247834734,202.0478871,6.853371151,4.365944227,7.463798658,4.215214055,2.310963645,3.859890861,1.535640921,3.143039444,0.904471116,2.845300094,0.477482558,1.139259996,0.28,109.7375151,7.387758621,2.9100226,1.601375609,71.90548318,0,0,0,0,0,0,0,0,0,0,29.26824685,28.06267803,0,14.51798614,0,39.13182368,0,0,0,0,0,32.71708735,0,0,0,0,0,39.13182368,0,0,0,0,22.67182072,10.04526663,0,0,0,0,0,0,0,10.04526663,4.472719516,0,18.19910121,0,15.9299439,23.20187978,0.757716049,14.58044753,0,1.282407407,0,0,5.351651235,0,0,0,0,9,0,0,0,0,0,1,0,1,0,0,3,0,0,0,0,1,3.7559,44.162,0,0,0,0,0,0,0,0,0,0,0,0,0,0,0,0,0,0,0,0,0,0,0,0,0,0,0,0,0,0,0,0,0,0,1,0,0,0,0,0,0,0,0,0,3,0,0,0,0,0,0,0,0,0,0,0,0,0,0,0,0,0,0,0,0,0,0,0,0,0,0,0,0,0,0,0,0,0,0,0,0,0,0,0,0,1.111111111,1.555555556,1.888888889,0,0
D,26,BDCB,PM6:L8-BO,1,挥发性固体,ITO/PEDOT:PSS / PM6:L8-BO（LBL） / PNDIT-F3N/Ag,BrC1=C(Cl)C=CC=C1Cl,0.891,26.80 ,79.7,19.03,1.51868773,5.682631173,5.682631173,0.641203704,0.641203704,0.590409311,9.666666667,225.9,222.876,223.8795176,48,0,0.056271485,-0.083051314,0.083051314,0.056271485,79.91873098,10.36310539,1.976546694,-1.943249147,2.286002299,-1.677129692,9.103770225,1.647954216,1.828958585,3.247834734,202.0478871,6.853371151,4.365944227,7.463798658,4.215214055,2.310963645,3.859890861,1.535640921,3.143039444,0.904471116,2.845300094,0.477482558,1.139259996,0.28,109.7375151,7.387758621,2.9100226,1.601375609,71.90548318,0,0,0,0,0,0,0,0,0,0,29.26824685,28.06267803,0,14.51798614,0,39.13182368,0,0,0,0,0,32.71708735,0,0,0,0,0,39.13182368,0,0,0,0,22.67182072,10.04526663,0,0,0,0,0,0,0,10.04526663,4.472719516,0,18.19910121,0,15.9299439,23.20187978,0.757716049,14.58044753,0,1.282407407,0,0,5.351651235,0,0,0,0,9,0,0,0,0,0,1,0,1,0,0,3,0,0,0,0,1,3.7559,44.162,0,0,0,0,0,0,0,0,0,0,0,0,0,0,0,0,0,0,0,0,0,0,0,0,0,0,0,0,0,0,0,0,0,0,1,0,0,0,0,0,0,0,0,0,3,0,0,0,0,0,0,0,0,0,0,0,0,0,0,0,0,0,0,0,0,0,0,0,0,0,0,0,0,0,0,0,0,0,0,0,0,0,0,0,0,1.111111111,1.555555556,1.888888889,0,0
D,27,2T,PM6:Y6,1,挥发性固体,ITO/PEDOT:PSS/PM6:Y6/PNDIT - F3/Ag,C1(C2=CC=CS2)=CC=CS1,0.854,26.9,78.6,18.1,8.74E-07,2.149305556,2.149305556,1.37037037,1.37037037,0.608154166,10,166.27,160.222,165.9910922,50,0,0.044201797,-0.142985352,0.142985352,0.044201797,32.13629467,10.38042936,1.95654246,-1.844794825,2.27667545,-1.546383823,7.198625804,1.934880948,2.591730967,2.479782759,246.666742,6.811554788,5.280598196,6.913591358,4.966326495,3.040336414,4.799642036,1.95460284,3.849991226,1.285202148,3.220706263,0.837523858,2.416346529,-0.6,497.6123456,6.132248521,2.56172867,1.001136214,67.76922387,0,0,0,0,0,0,0,0,0,22.67357176,12.13273414,22.89285968,9.754294387,0,0,22.67357176,0,0,0,0,0,35.02559381,0,9.754294387,0,0,0,22.67357176,0,0,0,0,35.02559381,0,9.754294387,0,0,0,0,0,0,0,0,9.754294387,22.67357176,0,35.02559381,0,0,3.58212963,2.740740741,4.212407407,0,0,8.464722222,0,0,0,0,10,0,0,0,0,0,0,2,2,2,0,2,1,0,0,0,2,3.4766,47.632,0,0,0,0,0,0,0,0,0,0,0,0,0,0,0,0,0,0,0,0,0,0,0,0,0,0,0,0,0,0,0,0,0,0,0,0,0,0,0,0,0,0,0,0,0,0,0,0,0,0,0,0,0,0,0,0,0,0,0,0,0,0,0,0,0,0,0,0,0,0,0,0,0,0,0,0,0,0,0,0,0,0,2,0,0,0.8,1.3,1.6,0,0
D,27,4T,PM6:Y6,1,挥发性固体,ITO/PEDOT:PSS/PM6:Y6/PNDIT - F3/Ag,C1(C2=CC=CS2)=CC=C(C3=CC=C(C4=CC=CS4)S3)S1,0.834,26.8,76.8,17.2,0.34892603,2.239836546,2.239836546,1.357672588,1.357672588,0.381709204,11,330.524,320.444,329.9665343,98,0,0.044922538,-0.142984959,0.142984959,0.044922538,32.13961688,10.30871919,2.090209918,-1.910243963,2.41315114,-1.57585057,7.277260574,1.899059589,3.223959045,1.683079739,730.0521338,13.36359655,10.40649585,13.67248218,9.898979486,6.1782002,9.570498984,4.282396733,8.345339032,2.982896341,7.480455509,2.042996917,5.814532192,-1.2,120863.0006,12.53386079,5.295867769,2.289475063,133.1641388,0,0,0,0,0,0,0,0,0,45.34714351,12.13273414,47.15832795,29.26288316,0,0,45.34714351,0,0,0,0,0,59.29106209,0,29.26288316,0,0,0,45.34714351,0,0,0,0,59.29106209,0,29.26288316,0,0,0,0,0,0,0,0,29.26288316,22.67357176,22.67357176,59.29106209,0,0,7.363564957,8.164011348,4.267391642,0,0,17.53836539,0,0,0,0,20,0,0,0,0,0,0,4,4,4,0,4,3,0,0,0,4,6.9336,94.258,0,0,0,0,0,0,0,0,0,0,0,0,0,0,0,0,0,0,0,0,0,0,0,0,0,0,0,0,0,0,0,0,0,0,0,0,0,0,0,0,0,0,0,0,0,0,0,0,0,0,0,0,0,0,0,0,0,0,0,0,0,0,0,0,0,0,0,0,0,0,0,0,0,0,0,0,0,0,0,0,0,0,4,0,0,0.45,0.85,1.2,0,0
D,28,DCB,D18:L8-BO,1,挥发性固体,ITO/PEDOT:PSS / D18:L8-BO / PDINN/Ag,ClC1=CC=C(Cl)C=C1,0.897,25.71,78.51,18.13,1.04520412,5.553024691,5.553024691,0.717037037,0.717037037,0.528586339,9.25,147.004,142.972,145.9690055,42,0,0.040652751,-0.084342698,0.084342698,0.040652751,35.49678604,10.36560145,1.832929125,-1.856543721,2.119970972,-1.601730711,6.32391244,1.708978521,1.769973094,3.032455532,145.3883389,5.983127663,4.065330023,5.577187915,3.7876937,2.199331678,2.955260624,1.43643578,2.309307341,0.803543161,1.307495792,0.429549359,0.681525674,-0.2,70.79892376,5.928205128,2.3818409,1.391420242,58.03793557,0,0,0,0,0,0,0,0,0,0,23.20187978,24.26546827,10.04526663,0,0,23.20187978,0,0,0,0,0,34.3107349,0,0,0,0,0,23.20187978,0,0,0,0,24.26546827,10.04526663,0,0,0,0,0,0,0,0,10.04526663,0,24.26546827,0,0,23.20187978,0,11.10604938,0,1.434074074,0,0,7.015432099,0,0,0,0,8,0,0,0,0,0,1,0,1,0,0,2,0,0,0,0,1,2.9934,36.462,0,0,0,0,0,0,0,0,0,0,0,0,0,0,0,0,0,0,0,0,0,0,0,0,0,0,0,0,0,0,0,0,0,0,1,0,0,0,0,0,0,0,0,0,2,0,0,0,0,0,0,0,0,0,0,0,0,0,0,0,0,0,0,0,0,0,0,0,0,0,0,0,0,0,0,0,0,0,0,0,0,0,0,0,0,0.75,1,1.25,0,0
D,28,CBB,D18:L8-BO,1,挥发性固体,ITO/PEDOT:PSS / D18:L8-BO / PDINN/Ag,BrC1=CC=C(Cl)C=C1,0.887,26.32,79.59,18.58,0.09507654,5.590833333,5.590833333,0.771481481,0.771481481,0.591074528,9.25,191.455,187.423,189.9184899,42,0,0.040627298,-0.084343133,0.084343133,0.040627298,79.91873094,10.36986531,1.829030109,-1.860170215,2.127830418,-1.605367972,9.10299084,1.652965551,1.769973094,3.032455532,147.3883389,5.983127663,4.065330023,6.407255508,3.7876937,2.199331678,3.370294421,1.43643578,2.78854709,0.803543161,1.58418499,0.429549359,0.819870273,-0.01,70.79892376,6.115156446,2.513042562,1.494503503,61.60221695,0,0,0,0,0,0,0,0,0,0,27.53088379,24.26546827,9.49535283,0,0,27.53088379,0,0,0,0,0,33.7608211,0,0,0,0,0,27.53088379,0,0,0,0,28.73818779,5.022633314,0,0,0,0,0,0,0,0,9.49535283,0,0,24.26546827,15.9299439,11.60093989,1.057314815,8.877608025,0,0.771481481,0,0,7.488040123,0,0,0,0,8,0,0,0,0,0,1,0,1,0,0,2,0,0,0,0,1,3.1025,39.152,0,0,0,0,0,0,0,0,0,0,0,0,0,0,0,0,0,0,0,0,0,0,0,0,0,0,0,0,0,0,0,0,0,0,1,0,0,0,0,0,0,0,0,0,2,0,0,0,0,0,0,0,0,0,0,0,0,0,0,0,0,0,0,0,0,0,0,0,0,0,0,0,0,0,0,0,0,0,0,0,0,0,0,0,0,1.125,1.625,2,0,0
D,28,CIB,D18:L8-BO,1,挥发性固体,ITO/PEDOT:PSS / D18:L8-BO / PDINN/Ag,IC1=CC=C(Cl)C=C1,0.885,26.05,79.25,18.29,0.18116573,5.608333333,5.608333333,0.796681481,0.796681481,0.609732994,9.25,238.455,234.423,237.9046258,42,0,0.040622344,-0.084343218,0.084343218,0.040622344,126.9127043,10.37081776,1.828288154,-1.860893352,2.096957181,-1.647340048,14.11191545,1.648322802,1.769973094,3.032455532,147.3883389,5.983127663,4.065330023,6.97875726,3.7876937,2.199331678,3.656045297,1.43643578,3.11850378,0.803543161,1.774685574,0.429549359,0.915120565,0.24,70.79892376,6.361359223,2.688486328,1.633981934,66.99650747,0,0,0,0,0,0,0,0,0,0,11.60093989,46.8563389,8.592815585,0,0,34.19181052,0,0,0,0,0,32.85828386,0,0,0,0,0,34.19181052,0,0,3.570182271,0,24.26546827,5.022633314,0,0,0,0,0,0,0,0,5.022633314,3.570182271,0,24.26546827,22.59087063,11.60093989,1.214814815,7.846158025,0,0.796681481,0,0,7.706790123,0,0,0,0,8,0,0,0,0,0,1,0,1,0,0,2,0,0,0,0,1,2.9446,44.169,0,0,0,0,0,0,0,0,0,0,0,0,0,0,0,0,0,0,0,0,0,0,0,0,0,0,0,0,0,0,0,0,0,0,1,0,0,0,0,0,0,0,0,0,2,0,0,0,0,0,0,0,0,0,0,0,0,0,0,0,0,0,0,0,0,0,0,0,0,0,0,0,0,0,0,0,0,0,0,0,0,0,0,0,0,1.125,1.625,2,0,0
D,29,DBrDIB,PM6:Y6-BO,1,挥发性固体,ITO/ZnO NPs / PM6:Y6-BO / MoO3/Ag,IC1=C(Br)C=C(I)C(Br)=C1,0.84,26.8,78.5,17.9,0.94742278,3.447028704,3.447028704,1.153425926,1.153425926,0.375463946,10,487.698,485.682,485.6612703,54,0,0.031966356,-0.049643083,0.049643083,0.031966356,126.9137221,10.3713535,2.00037544,-1.983686616,2.272425144,-1.783674031,14.11321839,1.499324766,1.841127075,3.282462907,209.9198834,7.723614639,4.66655843,12.15354809,4.609060905,2.410629484,6.154124315,1.680425657,5.71348082,0.963206153,5.542860338,0.498292645,2.975179486,1.64,156.4958014,9.725910653,4.042240959,2.312636401,103.6901746,0,0,0,0,0,0,0,0,0,0,0,89.17436319,16.08580357,0,0,77.04162905,0,0,0,0,0,28.21853771,0,0,0,0,0,77.04162905,0,0,7.140364542,0,21.07817317,0,0,0,0,0,0,0,0,0,8.945439032,7.140364542,0,0,89.17436319,0,4.760353704,11.46691481,0,0,0,0,4.179398148,0,0,0,0,10,0,0,0,0,0,1,0,1,0,0,4,0,0,0,0,1,4.4208,67.276,0,0,0,0,0,0,0,0,0,0,0,0,0,0,0,0,0,0,0,0,0,0,0,0,0,0,0,0,0,0,0,0,0,0,1,0,0,0,0,0,0,0,0,0,4,0,0,0,0,0,0,0,0,0,0,0,0,0,0,0,0,0,0,0,0,0,0,0,0,0,0,0,0,0,0,0,0,0,0,0,0,0,0,0,0,0.9,1.2,1.5,0,0
D,29,DBrDIB,PM6:Y6-HU,1,挥发性固体,ITO/ZnO NPs / PM6:Y6-HU / MoO3/Ag,IC1=C(Br)C=C(I)C(Br)=C1,0.87,27.2,80.4,19.1,0.94742278,3.447028704,3.447028704,1.153425926,1.153425926,0.375463946,10,487.698,485.682,485.6612703,54,0,0.031966356,-0.049643083,0.049643083,0.031966356,126.9137221,10.3713535,2.00037544,-1.983686616,2.272425144,-1.783674031,14.11321839,1.499324766,1.841127075,3.282462907,209.9198834,7.723614639,4.66655843,12.15354809,4.609060905,2.410629484,6.154124315,1.680425657,5.71348082,0.963206153,5.542860338,0.498292645,2.975179486,1.64,156.4958014,9.725910653,4.042240959,2.312636401,103.6901746,0,0,0,0,0,0,0,0,0,0,0,89.17436319,16.08580357,0,0,77.04162905,0,0,0,0,0,28.21853771,0,0,0,0,0,77.04162905,0,0,7.140364542,0,21.07817317,0,0,0,0,0,0,0,0,0,8.945439032,7.140364542,0,0,89.17436319,0,4.760353704,11.46691481,0,0,0,0,4.179398148,0,0,0,0,10,0,0,0,0,0,1,0,1,0,0,4,0,0,0,0,1,4.4208,67.276,0,0,0,0,0,0,0,0,0,0,0,0,0,0,0,0,0,0,0,0,0,0,0,0,0,0,0,0,0,0,0,0,0,0,1,0,0,0,0,0,0,0,0,0,4,0,0,0,0,0,0,0,0,0,0,0,0,0,0,0,0,0,0,0,0,0,0,0,0,0,0,0,0,0,0,0,0,0,0,0,0,0,0,0,0,0.9,1.2,1.5,0,0
D,30,CNB,D18:BTP-eC9-4F,1,挥发性固体,ITO/PEDOT:PSS/D18:BTP-eC9-4F/PDINN/Ag,N#CC1=CC=CC=C1,0.874,28.22,77.01,19.00 ,3.84242794,8.287592593,8.287592593,0.715277778,0.715277778,0.48844457,7.875,103.124,98.084,103.0421992,38,0,0.099108837,-0.192437051,0.192437051,0.099108837,14.2257197,10.2358634,1.790351599,-1.795060714,1.924929765,-1.657459606,5.267807767,1.485586806,1.903491193,3.049388908,195.3768526,5.819990956,4.333964941,4.333964941,3.931851653,2.3842904,2.3842904,1.477828803,1.477828803,0.902888513,0.902888513,0.512688452,0.512688452,-1.29,91.36757728,4.859031297,2.130929916,0.854540039,48.18892492,0,0,0,0,0,0,0,0,5.261891555,0,18.19910121,12.13273414,0,11.6326728,0,0,5.261891555,0,0,0,0,35.89528683,0,6.069221313,0,0,0,0,0,0,11.33111287,5.563451492,30.33183534,0,0,0,23.79,0,0,0,0,5.563451492,0,0,12.13273414,24.26832252,0,5.261891555,0,0,0,8.287592593,0.715277778,0,11.1637963,0,0,0,0,8,0,1,0,0,0,1,0,1,1,0,1,0,0,0,0,1,1.55828,31.157,0,0,0,0,0,0,0,0,0,0,0,0,0,0,0,1,0,0,0,0,0,0,0,0,0,0,0,0,0,0,0,0,0,0,1,0,0,0,0,0,0,0,0,0,0,0,0,0,0,0,0,0,0,0,0,0,0,1,0,0,0,0,0,0,0,0,0,0,0,0,0,0,0,0,0,0,0,0,0,0,0,0,0,0,0,1.125,1.75,2.125,0,0
D,30,DCNB,D18:BTP-eC9-4F,1,挥发性固体,ITO/PEDOT:PSS/D18:BTP-eC9-4F/PDINN/Ag,N#CC1=CC=C(C#N)C=C1,0.880 ,28.45,77.60 ,19.43,2.40E-05,8.368280423,8.368280423,0.582407407,0.582407407,0.530203344,7.8,128.134,124.102,128.0374481,46,0,0.099110338,-0.19243704,0.19243704,0.099110338,14.24205681,10.15938251,1.883044957,-1.854763861,1.99852674,-1.739246127,5.36141284,1.452667372,2.048167391,3.075216787,264.5148556,7.397341225,5.203828268,5.203828268,4.863703305,2.768580801,2.768580801,1.800957067,1.800957067,1.143099069,1.143099069,0.619299066,0.619299066,-1.8,237.5874173,6.32195122,2.660207612,1.126363881,58.94644671,0,0,0,0,0,0,0,0,10.52378311,0,0,24.26546827,0,23.26534561,0,0,10.52378311,0,0,0,0,35.39237126,0,12.13844263,0,0,0,0,0,0,22.66222574,11.12690298,24.26546827,0,0,0,47.58,0,0,0,0,11.12690298,0,0,24.26546827,12.13844263,0,10.52378311,0,0,0,16.73656085,1.164814815,0,10.43195767,0,0,0,0,10,0,2,0,0,0,1,0,1,2,0,2,0,0,0,0,1,1.42996,35.872,0,0,0,0,0,0,0,0,0,0,0,0,0,0,0,2,0,0,0,0,0,0,0,0,0,0,0,0,0,0,0,0,0,0,1,0,0,0,0,0,0,0,0,0,0,0,0,0,0,0,0,0,0,0,0,0,0,2,0,0,0,0,0,0,0,0,0,0,0,0,0,0,0,0,0,0,0,0,0,0,0,0,0,0,0,0.8,1.1,1.3,0,0
D,31,TT-Cl,PM6:Y6,1,挥发性固体,ITO/PEDOT:PSS/PM6:Y6/PDINN/Ag,ClC1=CC2=C(S1)C=C(Cl)S2,0.866,26.5,76.1,17.5,0.37336297,5.758888889,5.758888889,0.831404321,0.831404321,0.607292408,11,209.122,207.106,207.8974974,52,0,0.094879661,-0.12236787,0.12236787,0.094879661,35.49713012,10.53099662,2.021692002,-1.706554189,2.368437283,-1.363985291,7.307219681,2.217362677,2.208247526,2.825847174,297.5871887,7.137828202,4.727126065,7.871977119,4.754020195,2.599161592,4.9880837,1.829524321,5.259692523,1.146915911,3.698315982,0.776924685,3.468760033,0.24,282.6556833,6.920082572,2.378780364,1.05434642,76.00032665,0,0,0,0,0,0,0,0,0,22.67357176,23.20187978,12.13273414,9.399839833,8.672658031,0,55.27529137,0,0,0,0,0,20.80539217,0,0,0,0,0,45.87545154,0,0,0,0,12.13273414,8.672658031,9.399839833,0,0,0,0,0,0,0,8.672658031,9.399839833,22.67357176,12.13273414,0,23.20187978,4.023919753,14.64651235,0,0,0,0,3.885123457,0,0,0,0,10,0,0,0,0,0,0,2,2,2,0,4,0,0,0,0,2,4.2696,49.722,0,0,0,0,0,0,0,0,0,0,0,0,0,0,0,0,0,0,0,0,0,0,0,0,0,0,0,0,0,0,0,0,0,0,0,0,1,0,0,0,0,0,0,0,2,0,0,0,0,0,0,0,0,0,0,0,0,0,0,0,0,0,0,0,0,0,0,0,0,0,0,0,0,0,0,0,0,0,0,0,0,0,2,0,0,0.9,1.3,1.7,0,0
D,31,TT-H,PM6:Y6,1,挥发性固体,ITO/PEDOT:PSS/PM6:Y6/PDINN/Ag,C1(SC=C2)=C2SCC1,0.847,26.9,73.4,16.8,1.51122279,2.219907407,2.219907407,1.303240741,1.303240741,0.535729525,16.5,142.248,136.2,141.9910922,42,0,0.021152947,-0.147694859,0.147694859,0.021152947,32.16681437,10.38569879,2.099890481,-1.780789576,2.340157298,-1.691675588,7.993499086,1.207508378,2.150348863,2.541137075,171.6635346,5.397341225,4.385410682,6.018403844,3.966326495,2.658187544,4.523438915,1.806489378,3.943906276,1.2912278,3.502892588,0.893392648,3.155770176,0.05,141.9230249,4.885139343,1.777156902,0.598946536,56.91892949,0,0,0,0,0,0,0,0,0,23.09867083,0,17.86725146,15.52548428,0,0,23.09867083,0,0,0,11.3163051,5.752853607,16.32357703,0,0,0,0,0,23.09867083,5.752853607,6.420821623,0,4.877147194,16.34191331,0,0,0,0,0,0,0,0,0,0,17.06915871,4.877147194,23.09867083,11.44642984,0,0,3.876157407,3.115740741,2.177407407,0,1.307546296,2.219907407,1.303240741,0,0,0.333333333,8,0,0,0,1,1,0,1,1,2,0,2,0,0,0,0,2,2.3963,38.747,0,0,0,0,0,0,0,0,0,0,0,0,0,0,0,0,0,0,0,0,0,0,0,0,0,0,0,0,0,0,1,0,0,0,0,0,1,0,0,0,0,0,0,0,0,0,0,0,0,0,0,0,0,0,0,0,0,0,0,0,0,0,0,0,0,0,0,0,0,0,0,0,0,0,0,1,0,0,0,0,0,0,1,0,0,1.5,2.5,3.375,0,0
D,31,TT-Br,PM6:Y6,1,挥发性固体,ITO/PEDOT:PSS/PM6:Y6/PDINN/Ag,BrC1=CC2=C(S1)C=C(Br)S2,0.832,27.1,72.6,16.3,0.33204966,3.438194444,3.438194444,1.209490741,1.209490741,0.672076209,11,298.024,296.008,295.7964663,52,0,0.071895463,-0.127255946,0.127255946,0.071895463,79.91976245,10.53364354,2.016292693,-1.71258801,2.371677097,-1.369350488,9.110869141,2.123856558,2.208247526,2.825847174,297.5871887,7.137828202,4.727126065,9.532112305,4.754020195,2.599161592,5.818151293,1.829524321,6.755553299,1.146915911,4.44624637,0.776924685,4.429671651,0.62,282.6556833,7.278843883,2.587781268,1.1771719,83.1288894,0,0,0,0,0,0,0,0,0,22.67357176,0,43.99262193,9.399839833,7.572830436,0,63.93329938,0,0,0,0,0,19.70556457,0,0,0,0,0,54.53345955,0,0,0,0,19.70556457,0,9.399839833,0,0,0,0,0,0,0,0,16.97267027,22.67357176,0,43.99262193,0,5.12037037,10.41648148,0,0,0,0,4.296481481,0,0,0,0,10,0,0,0,0,0,0,2,2,2,0,4,0,0,0,0,2,4.4878,55.102,0,0,0,0,0,0,0,0,0,0,0,0,0,0,0,0,0,0,0,0,0,0,0,0,0,0,0,0,0,0,0,0,0,0,0,0,1,0,0,0,0,0,0,0,2,0,0,0,0,0,0,0,0,0,0,0,0,0,0,0,0,0,0,0,0,0,0,0,0,0,0,0,0,0,0,0,0,0,0,0,0,0,2,0,0,0.9,1.3,1.7,0,0
D,31,DTT-Cl,PM6:Y6,1,挥发性固体,ITO/PEDOT:PSS/PM6:Y6/PDINN/Ag,ClC1=CC(SC2=C3SC(Cl)=C2)=C3S1,0.817,27.2,72.7,16.1,0.45001395,5.928464349,5.928464349,0.854326342,0.854326342,0.504235752,11.84615385,265.211,263.195,263.8695684,66,0,0.094931828,-0.133237254,0.133237254,0.094931828,35.49713023,10.46947395,2.106742992,-1.740961206,2.452584153,-1.391227297,7.396441734,2.229221348,2.598153658,2.560799143,535.8584969,8.999635521,6.135374356,10.09672199,6.237183443,3.507409883,6.712828572,2.589834684,7.040623613,1.762001769,5.796565087,1.278325848,5.565148836,0.2,1784.931563,8.50367036,2.843281807,1.224188882,96.32235445,0,0,0,0,0,0,0,0,0,34.01035763,23.20187978,12.13273414,9.399839833,18.07249786,0,76.01191708,0,0,0,0,0,20.80539217,0,0,0,0,0,57.21223741,0,0,0,0,12.13273414,8.672658031,18.79967967,0,0,0,0,0,0,0,8.672658031,18.79967967,34.01035763,12.13273414,0,23.20187978,6.810165029,16.87069413,0,0,0,0,4.041363064,0,0,0,0,13,0,0,0,0,0,0,3,3,3,0,5,0,0,0,0,3,5.4843,65.105,0,0,0,0,0,0,0,0,0,0,0,0,0,0,0,0,0,0,0,0,0,0,0,0,0,0,0,0,0,0,0,0,0,0,0,0,3,0,0,0,0,0,0,0,2,0,0,0,0,0,0,0,0,0,0,0,0,0,0,0,0,0,0,0,0,0,0,0,0,0,0,0,0,0,0,0,0,0,0,0,0,0,3,0,0,0.769230769,1.230769231,1.692307692,0,0
D,31,TT-Cl,D18:BTP-eC9-4F,1,挥发性固体,ITO/PEDOT:PSS/D18:BTP-eC9-4F/PDINN/Ag,ClC1=CC2=C(S1)C=C(Cl)S2,0.868,27.7,79.8,19.3,0.37336297,5.758888889,5.758888889,0.831404321,0.831404321,0.607292408,11,209.122,207.106,207.8974974,52,0,0.094879661,-0.12236787,0.12236787,0.094879661,35.49713012,10.53099662,2.021692002,-1.706554189,2.368437283,-1.363985291,7.307219681,2.217362677,2.208247526,2.825847174,297.5871887,7.137828202,4.727126065,7.871977119,4.754020195,2.599161592,4.9880837,1.829524321,5.259692523,1.146915911,3.698315982,0.776924685,3.468760033,0.24,282.6556833,6.920082572,2.378780364,1.05434642,76.00032665,0,0,0,0,0,0,0,0,0,22.67357176,23.20187978,12.13273414,9.399839833,8.672658031,0,55.27529137,0,0,0,0,0,20.80539217,0,0,0,0,0,45.87545154,0,0,0,0,12.13273414,8.672658031,9.399839833,0,0,0,0,0,0,0,8.672658031,9.399839833,22.67357176,12.13273414,0,23.20187978,4.023919753,14.64651235,0,0,0,0,3.885123457,0,0,0,0,10,0,0,0,0,0,0,2,2,2,0,4,0,0,0,0,2,4.2696,49.722,0,0,0,0,0,0,0,0,0,0,0,0,0,0,0,0,0,0,0,0,0,0,0,0,0,0,0,0,0,0,0,0,0,0,0,0,1,0,0,0,0,0,0,0,2,0,0,0,0,0,0,0,0,0,0,0,0,0,0,0,0,0,0,0,0,0,0,0,0,0,0,0,0,0,0,0,0,0,0,0,0,0,2,0,0,0.9,1.3,1.7,0,0
D,31,TT-Cl,D18:L8BO,1,挥发性固体,ITO/PEDOT:PSS/D18:L8BO/PDINN/Ag,ClC1=CC2=C(S1)C=C(Cl)S2,0.920 ,26.1,77.1,18.5,0.37336297,5.758888889,5.758888889,0.831404321,0.831404321,0.607292408,11,209.122,207.106,207.8974974,52,0,0.094879661,-0.12236787,0.12236787,0.094879661,35.49713012,10.53099662,2.021692002,-1.706554189,2.368437283,-1.363985291,7.307219681,2.217362677,2.208247526,2.825847174,297.5871887,7.137828202,4.727126065,7.871977119,4.754020195,2.599161592,4.9880837,1.829524321,5.259692523,1.146915911,3.698315982,0.776924685,3.468760033,0.24,282.6556833,6.920082572,2.378780364,1.05434642,76.00032665,0,0,0,0,0,0,0,0,0,22.67357176,23.20187978,12.13273414,9.399839833,8.672658031,0,55.27529137,0,0,0,0,0,20.80539217,0,0,0,0,0,45.87545154,0,0,0,0,12.13273414,8.672658031,9.399839833,0,0,0,0,0,0,0,8.672658031,9.399839833,22.67357176,12.13273414,0,23.20187978,4.023919753,14.64651235,0,0,0,0,3.885123457,0,0,0,0,10,0,0,0,0,0,0,2,2,2,0,4,0,0,0,0,2,4.2696,49.722,0,0,0,0,0,0,0,0,0,0,0,0,0,0,0,0,0,0,0,0,0,0,0,0,0,0,0,0,0,0,0,0,0,0,0,0,1,0,0,0,0,0,0,0,2,0,0,0,0,0,0,0,0,0,0,0,0,0,0,0,0,0,0,0,0,0,0,0,0,0,0,0,0,0,0,0,0,0,0,0,0,0,2,0,0,0.9,1.3,1.7,0,0
D,31,TT-Cl,D18:2BTh-2F,1,挥发性固体,ITO/PEDOT:PSS/D18:2BTh-2F/PDINN/Ag,ClC1=CC2=C(S1)C=C(Cl)S2,0.915,22.9,74.7,15.6,0.37336297,5.758888889,5.758888889,0.831404321,0.831404321,0.607292408,11,209.122,207.106,207.8974974,52,0,0.094879661,-0.12236787,0.12236787,0.094879661,35.49713012,10.53099662,2.021692002,-1.706554189,2.368437283,-1.363985291,7.307219681,2.217362677,2.208247526,2.825847174,297.5871887,7.137828202,4.727126065,7.871977119,4.754020195,2.599161592,4.9880837,1.829524321,5.259692523,1.146915911,3.698315982,0.776924685,3.468760033,0.24,282.6556833,6.920082572,2.378780364,1.05434642,76.00032665,0,0,0,0,0,0,0,0,0,22.67357176,23.20187978,12.13273414,9.399839833,8.672658031,0,55.27529137,0,0,0,0,0,20.80539217,0,0,0,0,0,45.87545154,0,0,0,0,12.13273414,8.672658031,9.399839833,0,0,0,0,0,0,0,8.672658031,9.399839833,22.67357176,12.13273414,0,23.20187978,4.023919753,14.64651235,0,0,0,0,3.885123457,0,0,0,0,10,0,0,0,0,0,0,2,2,2,0,4,0,0,0,0,2,4.2696,49.722,0,0,0,0,0,0,0,0,0,0,0,0,0,0,0,0,0,0,0,0,0,0,0,0,0,0,0,0,0,0,0,0,0,0,0,0,1,0,0,0,0,0,0,0,2,0,0,0,0,0,0,0,0,0,0,0,0,0,0,0,0,0,0,0,0,0,0,0,0,0,0,0,0,0,0,0,0,0,0,0,0,0,2,0,0,0.9,1.3,1.7,0,0
D,31,TT-Cl,PBDB-T:ITIC,1,挥发性固体,ITO/PEDOT:PSS/PBDB-T:ITIC/PDINN/Ag,ClC1=CC2=C(S1)C=C(Cl)S2,0.899,15.9,61.4,8.8,0.37336297,5.758888889,5.758888889,0.831404321,0.831404321,0.607292408,11,209.122,207.106,207.8974974,52,0,0.094879661,-0.12236787,0.12236787,0.094879661,35.49713012,10.53099662,2.021692002,-1.706554189,2.368437283,-1.363985291,7.307219681,2.217362677,2.208247526,2.825847174,297.5871887,7.137828202,4.727126065,7.871977119,4.754020195,2.599161592,4.9880837,1.829524321,5.259692523,1.146915911,3.698315982,0.776924685,3.468760033,0.24,282.6556833,6.920082572,2.378780364,1.05434642,76.00032665,0,0,0,0,0,0,0,0,0,22.67357176,23.20187978,12.13273414,9.399839833,8.672658031,0,55.27529137,0,0,0,0,0,20.80539217,0,0,0,0,0,45.87545154,0,0,0,0,12.13273414,8.672658031,9.399839833,0,0,0,0,0,0,0,8.672658031,9.399839833,22.67357176,12.13273414,0,23.20187978,4.023919753,14.64651235,0,0,0,0,3.885123457,0,0,0,0,10,0,0,0,0,0,0,2,2,2,0,4,0,0,0,0,2,4.2696,49.722,0,0,0,0,0,0,0,0,0,0,0,0,0,0,0,0,0,0,0,0,0,0,0,0,0,0,0,0,0,0,0,0,0,0,0,0,1,0,0,0,0,0,0,0,2,0,0,0,0,0,0,0,0,0,0,0,0,0,0,0,0,0,0,0,0,0,0,0,0,0,0,0,0,0,0,0,0,0,0,0,0,0,2,0,0,0.9,1.3,1.7,0,0
E,1,LCB,D18 :L8-BO,1,难挥发性液体添加剂, ITO/PEDOT:PSS/D18:L8-BO/PDINN/Ag,ClC1=CC=C(Br)C=C1Cl,0.909,26.2,79.6,18.96,1.18110478,5.652006173,5.652006173,0.57503858,0.57503858,0.590409311,9.666666667,225.9,222.876,223.8795176,48,0,0.060302609,-0.08271182,0.08271182,0.060302609,79.91873097,10.36307643,1.941531482,-1.92518337,2.24197794,-1.662508231,9.103003962,1.649634398,1.796567574,3.17167803,222.2978871,6.853371151,4.365944227,7.463798658,4.198377303,2.304980581,3.853907797,1.558430719,3.288506501,0.881647495,2.113928413,0.47049985,1.261471297,0.28,104.2009193,7.387758621,2.9100226,1.851626869,71.90548318,0,0,0,0,0,0,0,0,0,0,39.13182368,18.19910121,4.472719516,10.04526663,0,39.13182368,0,0,0,0,0,32.71708735,0,0,0,0,0,39.13182368,0,0,0,0,22.67182072,10.04526663,0,0,0,0,0,0,0,10.04526663,4.472719516,0,12.13273414,6.066367068,15.9299439,23.20187978,0.941574074,14.53304012,0,1.158248457,0,0,5.339359568,0,0,0,0,9,0,0,0,0,0,1,0,1,0,0,3,0,0,0,0,1,3.7559,44.162,0,0,0,0,0,0,0,0,0,0,0,0,0,0,0,0,0,0,0,0,0,0,0,0,0,0,0,0,0,0,0,0,0,0,1,0,0,0,0,0,0,0,0,0,3,0,0,0,0,0,0,0,0,0,0,0,0,0,0,0,0,0,0,0,0,0,0,0,0,0,0,0,0,0,0,0,0,0,0,0,0,0,0,0,0,1.111111111,1.777777778,2.222222222,0,0
E,1,SCB,D18 :L8-BO,1,难挥发性固体添加剂, ITO/PEDOT:PSS/D18:L8-BO/PDINN/Ag,BrC1=CC=C(Cl)C=C1Cl,0.867,25.57,81.05,17.97,1.16085022,5.682631173,5.682631173,0.641203704,0.641203704,0.590409311,9.666666667,225.9,222.876,223.8795176,48,0,0.056237346,-0.084287538,0.084287538,0.056237346,79.91873097,10.36318268,1.939875243,-1.926173555,2.24411457,-1.663320923,9.103381152,1.64893949,1.796567574,3.17167803,222.2978871,6.853371151,4.365944227,7.463798658,4.198377303,2.304980581,3.853907797,1.558430719,3.256403525,0.881647495,2.349230458,0.47049985,1.125619598,0.28,104.2009193,7.387758621,2.9100226,1.851626869,71.90548318,0,0,0,0,0,0,0,0,0,0,23.20187978,34.1290451,9.49535283,5.022633314,0,39.13182368,0,0,0,0,0,32.71708735,0,0,0,0,0,39.13182368,0,0,0,0,22.67182072,10.04526663,0,0,0,0,0,0,0,10.04526663,4.472719516,0,12.13273414,6.066367068,15.9299439,23.20187978,0.86904321,14.53304012,0,1.296944444,0,0,5.273194444,0,0,0,0,9,0,0,0,0,0,1,0,1,0,0,3,0,0,0,0,1,3.7559,44.162,0,0,0,0,0,0,0,0,0,0,0,0,0,0,0,0,0,0,0,0,0,0,0,0,0,0,0,0,0,0,0,0,0,0,1,0,0,0,0,0,0,0,0,0,3,0,0,0,0,0,0,0,0,0,0,0,0,0,0,0,0,0,0,0,0,0,0,0,0,0,0,0,0,0,0,0,0,0,0,0,0,0,0,0,0,1.222222222,1.888888889,2.333333333,0,0
E,1,VCB,D18 :L8-BO,1,挥发性固体添加剂, ITO/PEDOT:PSS/D18:L8-BO/PDINN/Ag,ClC1=CC=C(Cl)C=C1Br,0.91,26.43,80.35,19.33,1.08377699,5.675131173,5.675131173,0.68,0.68,0.590409311,9.666666667,225.9,222.876,223.8795176,48,0,0.054862003,-0.084300663,0.084300663,0.054862003,79.91873097,10.36321677,1.939561758,-1.926379659,2.244497921,-1.663532507,9.103391438,1.64870097,1.796567574,3.17167803,222.2978871,6.853371151,4.365944227,7.463798658,4.198377303,2.304980581,3.853907797,1.558430719,3.256403525,0.881647495,2.330695796,0.47049985,1.270738628,0.28,104.2009193,7.387758621,2.9100226,1.851626869,71.90548318,0,0,0,0,0,0,0,0,0,0,23.20187978,34.1290451,9.49535283,5.022633314,0,39.13182368,0,0,0,0,0,32.71708735,0,0,0,0,0,39.13182368,0,0,0,0,22.67182072,10.04526663,0,0,0,0,0,0,0,10.04526663,4.472719516,0,18.19910121,0,15.9299439,23.20187978,0.830246914,14.53304012,0,1.366365741,0,0,5.242569444,0,0,0,0,9,0,0,0,0,0,1,0,1,0,0,3,0,0,0,0,1,3.7559,44.162,0,0,0,0,0,0,0,0,0,0,0,0,0,0,0,0,0,0,0,0,0,0,0,0,0,0,0,0,0,0,0,0,0,0,1,0,0,0,0,0,0,0,0,0,3,0,0,0,0,0,0,0,0,0,0,0,0,0,0,0,0,0,0,0,0,0,0,0,0,0,0,0,0,0,0,0,0,0,0,0,0,0,0,0,0,1.222222222,1.888888889,2.333333333,0,0
E,2,DBB,PM6: L8-BO,1,挥发性固体添加剂, ITO/PEDOT:PSS/PM6:L8-BO/PDINN/Ag,BrC1=CC=C(Br)C=C1,0.894,25.9,78.5,18.2,0.95194345,3.324583333,3.324583333,1.111759259,1.111759259,0.648140806,9.25,235.906,231.874,233.8679743,42,0,0.017554065,-0.05083833,0.05083833,0.017554065,79.91976121,10.37420349,1.825086283,-1.863764668,2.134975779,-1.608974955,9.105464505,1.607024494,1.769973094,3.032455532,145.3883389,5.983127663,4.065330023,7.237323101,3.7876937,2.199331678,3.785328217,1.43643578,3.267786838,0.803543161,1.860874188,0.429549359,0.958214872,0.18,70.79892376,6.302249389,2.646097475,1.600119577,65.16649833,0,0,0,0,0,0,0,0,0,0,31.8598878,24.26546827,8.945439032,0,0,31.8598878,0,0,0,0,0,33.21090731,0,0,0,0,0,31.8598878,0,0,0,0,33.21090731,0,0,0,0,0,0,0,0,0,8.945439032,0,0,24.26546827,31.8598878,0,2.223518519,6.649166667,0,0,0,0,7.960648148,0,0,0,0,8,0,0,0,0,0,1,0,1,0,0,2,0,0,0,0,1,3.2116,41.842,0,0,0,0,0,0,0,0,0,0,0,0,0,0,0,0,0,0,0,0,0,0,0,0,0,0,0,0,0,0,0,0,0,0,1,0,0,0,0,0,0,0,0,0,2,0,0,0,0,0,0,0,0,0,0,0,0,0,0,0,0,0,0,0,0,0,0,0,0,0,0,0,0,0,0,0,0,0,0,0,0,0,0,0,0,0.75,1,1.25,0,0
E,2,DFBB,PM6: L8-BO,1,挥发性固体添加剂, ITO/PEDOT:PSS/PM6:L8-BO/PDINN/Ag,BrC1=CC(F)=C(Br)C=C1F,0.898,26.4,80.8,19.2,1.02540652,12.51599537,12.51599537,0.132592593,-0.478449074,0.633955514,10,271.886,269.87,269.8491307,54,0,0.138210582,-0.205714772,0.205714772,0.138210582,79.91976129,10.3347318,2.037413277,-1.951989615,2.22552846,-1.812198693,9.105510549,0.588759602,1.841127075,3.282462907,209.9198834,7.723614639,4.66655843,7.838551509,4.609060905,2.410629484,3.996626024,1.680425657,3.389099456,0.963206153,2.178606855,0.498292645,1.129176819,0.04,156.4958014,8.139601594,2.964464899,1.548790368,73.49756914,0,11.63444168,0,0,0,0,0,8.780830095,0,0,0,43.99262193,0,8.945439032,8.780830095,31.8598878,0,0,0,0,0,32.71261485,0,0,0,8.780830095,0,31.8598878,0,0,11.63444168,0,21.07817317,0,0,0,0,11.63444168,8.780830095,0,8.945439032,0,12.13273414,0,0,0,31.8598878,0,25.29717593,5.688657407,0,0,0,-0.956898148,2.137731481,0,0,0,0,10,0,0,0,0,0,1,0,1,0,0,4,0,0,0,0,1,3.4898,41.758,0,0,0,0,0,0,0,0,0,0,0,0,0,0,0,0,0,0,0,0,0,0,0,0,0,0,0,0,0,0,0,0,0,0,1,0,0,0,0,0,0,0,0,0,4,0,0,0,0,0,0,0,0,0,0,0,0,0,0,0,0,0,0,0,0,0,0,0,0,0,0,0,0,0,0,0,0,0,0,0,0,0,0,0,0,0.9,1.2,1.5,0,0
E,4,SA1,PM6:L8-BO,1,难挥发性固体添加剂,ITO/2PACz/PM6:L8-BO/PNDIT-F3N/Ag,FC1=C(C2=CC=CS2)C=C(F)C(C3=CC=CS3)=C1,0.893,26.76,81.6,19.5,0.55515646,14.02989796,14.02989796,0.322042706,-0.386805556,0.586705725,10.77777778,278.348,270.284,278.0035487,90,0,0.132201743,-0.206264454,0.206264454,0.132201743,32.13465204,10.07688769,2.134594785,-2.050483855,2.338239791,-1.883781074,7.134569513,0.606558617,3.018613284,2.14603912,595.4261525,12.53516943,9.19122768,10.82422084,8.754020195,5.323001425,7.082307048,3.766503506,5.661891892,2.629994398,4.436289326,1.788113395,3.276658188,-1.52,27206.76153,11.5636566,4.628839459,1.977145756,111.1573889,0,11.63444168,0,0,0,0,0,8.780830095,0,22.67357176,12.13273414,35.02559381,20.88119737,0,8.780830095,22.67357176,0,0,0,0,0,58.79276963,0,20.88119737,0,8.780830095,0,22.67357176,0,0,11.63444168,0,47.15832795,0,20.88119737,0,0,0,8.780830095,0,11.63444168,11.12690298,9.754294387,34.80630589,12.13273414,22.89285968,0,0,28.05979592,2.796326898,1.479869615,3.694165302,0.644085412,-0.773611111,9.766034633,0,0,0,0,18,0,0,0,0,0,1,2,3,2,0,4,2,0,0,0,3,5.4218,72.984,0,0,0,0,0,0,0,0,0,0,0,0,0,0,0,0,0,0,0,0,0,0,0,0,0,0,0,0,0,0,0,0,0,0,1,0,0,0,0,0,0,0,0,0,2,0,0,0,0,0,0,0,0,0,0,0,0,0,0,0,0,0,0,0,0,0,0,0,0,0,0,0,0,0,0,0,0,0,0,0,0,0,2,0,0,0.722222222,1.166666667,1.5,0,0
E,4,SA2,PM6:L8-BO,1,难挥发性固体添加剂,ITO/2PACz/PM6:L8-BO/PNDIT-F3N/Ag,C1(C2=CC=CS2)=CC=C(C3=CC=CS3)C=C1,0.888,26.15,77.2,17.93,0.03395876,2.195324074,2.195324074,1.301209373,1.301209373,0.583145272,10.5,242.368,232.288,242.0223923,78,0,0.034219448,-0.143844379,0.143844379,0.034219448,32.13465161,10.1002924,2.00407397,-1.998137979,2.289634747,-1.737503518,7.134466615,1.686104001,3.028274302,1.970330158,492.0782563,10.79468245,8.589999273,10.22299243,7.93265299,5.111703619,6.871009241,3.53195311,5.427341496,2.496286791,4.334159833,1.684397101,3.15048512,-1.38,13294.12419,9.818373496,4.239460725,1.817444838,102.8263181,0,0,0,0,0,0,0,0,0,22.67357176,36.39820241,34.01976266,9.754294387,0,0,22.67357176,0,0,0,0,0,59.29106209,0,20.88119737,0,0,0,22.67357176,0,0,0,0,59.29106209,0,20.88119737,0,0,0,0,0,0,0,0,20.88119737,22.67357176,0,59.29106209,0,0,3.563919491,2.662462207,4.227211409,2.602418745,0,17.27732148,0,0,0,0,16,0,0,0,0,0,1,2,3,2,0,2,2,0,0,0,3,5.1436,73.068,0,0,0,0,0,0,0,0,0,0,0,0,0,0,0,0,0,0,0,0,0,0,0,0,0,0,0,0,0,0,0,0,0,0,1,0,0,0,0,0,0,0,0,0,0,0,0,0,0,0,0,0,0,0,0,0,0,0,0,0,0,0,0,0,0,0,0,0,0,0,0,0,0,0,0,0,0,0,0,0,0,0,2,0,0,0.5625,1,1.3125,0,0
E,4,SA1,PM6:L8-BO:BTP-eC9,1,难挥发性固体添加剂,ITO/2PACz/PM6:L8-BO:BTP-eC9/PNDIT-F4N/Ag,FC1=C(C2=CC=CS2)C=C(F)C(C3=CC=CS3)=C1,0.873,28.07,81.6,20,0.55515646,14.02989796,14.02989796,0.322042706,-0.386805556,0.586705725,10.77777778,278.348,270.284,278.0035487,90,0,0.132201743,-0.206264454,0.206264454,0.132201743,32.13465204,10.07688769,2.134594785,-2.050483855,2.338239791,-1.883781074,7.134569513,0.606558617,3.018613284,2.14603912,595.4261525,12.53516943,9.19122768,10.82422084,8.754020195,5.323001425,7.082307048,3.766503506,5.661891892,2.629994398,4.436289326,1.788113395,3.276658188,-1.52,27206.76153,11.5636566,4.628839459,1.977145756,111.1573889,0,11.63444168,0,0,0,0,0,8.780830095,0,22.67357176,12.13273414,35.02559381,20.88119737,0,8.780830095,22.67357176,0,0,0,0,0,58.79276963,0,20.88119737,0,8.780830095,0,22.67357176,0,0,11.63444168,0,47.15832795,0,20.88119737,0,0,0,8.780830095,0,11.63444168,11.12690298,9.754294387,34.80630589,12.13273414,22.89285968,0,0,28.05979592,2.796326898,1.479869615,3.694165302,0.644085412,-0.773611111,9.766034633,0,0,0,0,18,0,0,0,0,0,1,2,3,2,0,4,2,0,0,0,3,5.4218,72.984,0,0,0,0,0,0,0,0,0,0,0,0,0,0,0,0,0,0,0,0,0,0,0,0,0,0,0,0,0,0,0,0,0,0,1,0,0,0,0,0,0,0,0,0,2,0,0,0,0,0,0,0,0,0,0,0,0,0,0,0,0,0,0,0,0,0,0,0,0,0,0,0,0,0,0,0,0,0,0,0,0,0,2,0,0,0.722222222,1.166666667,1.5,0,0
E,4,SA2,PM6:L8-BO:BTP-eC9,1,难挥发性固体添加剂,ITO/2PACz/PM6:L8-BO:BTP-eC9/PNDIT-F5N/Ag,C1(C2=CC=CS2)=CC=C(C3=CC=CS3)C=C1,0.866,27.97,80.9,19.59,0.0865949,2.195324074,2.195324074,1.301209373,1.301209373,0.583145272,10.5,242.368,232.288,242.0223923,78,0,0.034219448,-0.143844379,0.143844379,0.034219448,32.13465161,10.1002924,2.00407397,-1.998137979,2.289634747,-1.737503518,7.134466615,1.686104001,3.028274302,1.970330158,492.0782563,10.79468245,8.589999273,10.22299243,7.93265299,5.111703619,6.871009241,3.53195311,5.427341496,2.496286791,4.334159833,1.684397101,3.15048512,-1.38,13294.12419,9.818373496,4.239460725,1.817444838,102.8263181,0,0,0,0,0,0,0,0,0,22.67357176,36.39820241,34.01976266,9.754294387,0,0,22.67357176,0,0,0,0,0,59.29106209,0,20.88119737,0,0,0,22.67357176,0,0,0,0,59.29106209,0,20.88119737,0,0,0,0,0,0,0,0,20.88119737,22.67357176,0,59.29106209,0,0,3.563919491,2.662462207,4.227211409,2.602418745,0,17.27732148,0,0,0,0,16,0,0,0,0,0,1,2,3,2,0,2,2,0,0,0,3,5.1436,73.068,0,0,0,0,0,0,0,0,0,0,0,0,0,0,0,0,0,0,0,0,0,0,0,0,0,0,0,0,0,0,0,0,0,0,1,0,0,0,0,0,0,0,0,0,0,0,0,0,0,0,0,0,0,0,0,0,0,0,0,0,0,0,0,0,0,0,0,0,0,0,0,0,0,0,0,0,0,0,0,0,0,0,2,0,0,0.5625,1,1.3125,0,0
E,7,CHCl3 : 1-CN 3%,PDPP5T：PDPP2Tz30FBDT,1,液体添加剂,ITO/ZnO/PDPP2Tz30FBDT/MoO3/Ag,ClC1=CC=CC2=CC=CC=C21,0.75,4.1,46,1.5,0.83984914,5.957037037,5.957037037,0.822314815,0.822314815,0.55644797,10.27272727,162.619,155.563,162.0236279,54,0,0.048389036,-0.083664219,0.083664219,0.048389036,35.49569104,10.12844457,1.934419766,-1.966428521,2.214722752,-1.704476637,6.349799888,1.748124801,2.05595014,2.913161164,374.0344904,7.681798276,5.919416357,6.675345303,5.377010098,3.510349442,3.888313915,2.460971502,2.868171629,1.736428508,2.066016729,1.185882541,1.430724861,-1.01,505.7637346,6.684816447,2.554171088,1.099229702,70.41633388,0,0,0,0,0,0,0,0,0,0,47.9991423,11.45259128,10.40885753,0,0,22.37338832,0,0,0,0,0,47.48720279,0,0,0,0,0,11.60093989,0,0,0,0,42.46456948,5.022633314,10.77244843,0,0,0,0,0,0,0,10.40885753,5.386224214,0,30.33183534,12.13273414,11.60093989,0,5.957037037,0,3.13867284,0,0,14.01540123,0,0,0,0,11,0,0,0,0,0,2,0,2,0,0,1,0,0,0,0,2,3.4932,48.958,0,0,0,0,0,0,0,0,0,0,0,0,0,0,0,0,0,0,0,0,0,0,0,0,0,0,0,0,0,0,0,0,0,0,2,0,1,0,0,0,0,0,0,0,1,0,0,0,0,0,0,0,0,0,0,0,0,0,0,0,0,0,0,0,0,0,0,0,0,0,0,0,0,0,0,0,0,0,0,0,0,0,0,0,0,0.818181818,1.545454545,2.363636364,0,0
E,7,CHCl3 : IC6F12I 10%,PDPP5T：PDPP2Tz30FBDT,1,难挥发性液体添加剂,ITO/ZnO/PDPP2Tz30FBDT/MoO3/Ag,IC(F)(F)C(F)(F)C(F)(F)C(F)(F)C(F)(F)C(F)(I)F,0.78,1.3,37,0.38,1.06729619,12.69978333,12.69978333,0.697219898,-7.441675,0.236834282,16.5,553.85,553.85,553.7897846,122,0,0.387226323,-0.192214193,0.387226323,0.192214193,126.9137238,9.98740019,2.891233137,-2.385524479,2.614685503,-2.684379467,14.1110887,-0.401246879,2.123974153,6.082753304,327.124287,17,8.291502622,12.6064992,8.25,3.895751311,6.053249602,3.293090316,6.002754871,1.895062921,3.249895199,0.750361771,1.42777791,0.62,4286.179841,20.62,5.07249557,2.777671757,129.0740627,0,0,0,0,0,31.54863657,0,0,52.68498057,0,0,0,45.18174125,0,52.68498057,45.18174125,0,0,0,31.54863657,0,0,0,0,0,52.68498057,0,45.18174125,31.54863657,0,0,0,0,0,0,0,0,76.73037782,52.68498057,0,0,0,0,0,0,0,0,0,138.0269565,-1.394439796,0,0,0,-28.89251667,0,0,0,0,1,20,0,0,0,0,0,0,0,0,0,0,14,5,0,0,0,0,5.5832,57.722,0,0,0,0,0,0,0,0,0,0,0,0,0,0,0,0,0,0,0,0,0,0,0,0,0,14,0,0,0,0,0,0,0,0,0,0,0,0,0,0,0,0,0,0,14,0,0,0,0,0,0,0,0,0,0,0,0,0,0,0,0,0,0,0,0,0,0,0,0,0,0,0,0,0,0,0,0,0,0,0,0,0,0,0,0,0.35,0.5,0.6,0,0
E,7,CHCl3 : 1-CN 3%,PDPP5T：PDPP2Tz50FBDT,1,液体添加剂,ITO/ZnO/PDPP2Tz50FBDT/MoO3/Ag,ClC1=CC=CC2=CC=CC=C21,0.75,1.6,43,0.52,0.83984921,5.957037037,5.957037037,0.822314815,0.822314815,0.55644797,10.27272727,162.619,155.563,162.0236279,54,0,0.048389036,-0.083664219,0.083664219,0.048389036,35.49569104,10.12844457,1.934419766,-1.966428521,2.214722752,-1.704476637,6.349799888,1.748124801,2.05595014,2.913161164,374.0344904,7.681798276,5.919416357,6.675345303,5.377010098,3.510349442,3.888313915,2.460971502,2.868171629,1.736428508,2.066016729,1.185882541,1.430724861,-1.01,505.7637346,6.684816447,2.554171088,1.099229702,70.41633388,0,0,0,0,0,0,0,0,0,0,47.9991423,11.45259128,10.40885753,0,0,22.37338832,0,0,0,0,0,47.48720279,0,0,0,0,0,11.60093989,0,0,0,0,42.46456948,5.022633314,10.77244843,0,0,0,0,0,0,0,10.40885753,5.386224214,0,30.33183534,12.13273414,11.60093989,0,5.957037037,0,3.13867284,0,0,14.01540123,0,0,0,0,11,0,0,0,0,0,2,0,2,0,0,1,0,0,0,0,2,3.4932,48.958,0,0,0,0,0,0,0,0,0,0,0,0,0,0,0,0,0,0,0,0,0,0,0,0,0,0,0,0,0,0,0,0,0,0,2,0,1,0,0,0,0,0,0,0,1,0,0,0,0,0,0,0,0,0,0,0,0,0,0,0,0,0,0,0,0,0,0,0,0,0,0,0,0,0,0,0,0,0,0,0,0,0,0,0,0,0.818181818,1.545454545,2.363636364,0,0
E,7,CHCl3 : IC6F12I 10%,PDPP5T：PDPP2Tz50FBDT,1,难挥发性液体添加剂,ITO/ZnO/PDPP2Tz50FBDT/MoO3/Ag,IC(F)(F)C(F)(F)C(F)(F)C(F)(F)C(F)(F)C(F)(I)F,0.75,1.9,36,0.5,0.62678886,12.69978333,12.69978333,0.697219898,-7.441675,0.236834282,16.5,553.85,553.85,553.7897846,122,0,0.387226323,-0.192214193,0.387226323,0.192214193,126.9137238,9.98740019,2.891233137,-2.385524479,2.614685503,-2.684379467,14.1110887,-0.401246879,2.123974153,6.082753304,327.124287,17,8.291502622,12.6064992,8.25,3.895751311,6.053249602,3.293090316,6.002754871,1.895062921,3.249895199,0.750361771,1.42777791,0.62,4286.179841,20.62,5.07249557,2.777671757,129.0740627,0,0,0,0,0,31.54863657,0,0,52.68498057,0,0,0,45.18174125,0,52.68498057,45.18174125,0,0,0,31.54863657,0,0,0,0,0,52.68498057,0,45.18174125,31.54863657,0,0,0,0,0,0,0,0,76.73037782,52.68498057,0,0,0,0,0,0,0,0,0,138.0269565,-1.394439796,0,0,0,-28.89251667,0,0,0,0,1,20,0,0,0,0,0,0,0,0,0,0,14,5,0,0,0,0,5.5832,57.722,0,0,0,0,0,0,0,0,0,0,0,0,0,0,0,0,0,0,0,0,0,0,0,0,0,14,0,0,0,0,0,0,0,0,0,0,0,0,0,0,0,0,0,0,14,0,0,0,0,0,0,0,0,0,0,0,0,0,0,0,0,0,0,0,0,0,0,0,0,0,0,0,0,0,0,0,0,0,0,0,0,0,0,0,0,0.35,0.5,0.6,0,0
E,7,CHCl3 : 1-CN 3%,PDPP5T：PDPP2Tz70FBDT,1,液体添加剂,ITO/ZnO/PDPP2Tz70FBDT/MoO3/Ag,ClC1=CC=CC2=CC=CC=C21,0.78,0.8,40.00 ,0.26,0.83984914,5.957037037,5.957037037,0.822314815,0.822314815,0.55644797,10.27272727,162.619,155.563,162.0236279,54,0,0.048389036,-0.083664219,0.083664219,0.048389036,35.49569104,10.12844457,1.934419766,-1.966428521,2.214722752,-1.704476637,6.349799888,1.748124801,2.05595014,2.913161164,374.0344904,7.681798276,5.919416357,6.675345303,5.377010098,3.510349442,3.888313915,2.460971502,2.868171629,1.736428508,2.066016729,1.185882541,1.430724861,-1.01,505.7637346,6.684816447,2.554171088,1.099229702,70.41633388,0,0,0,0,0,0,0,0,0,0,47.9991423,11.45259128,10.40885753,0,0,22.37338832,0,0,0,0,0,47.48720279,0,0,0,0,0,11.60093989,0,0,0,0,42.46456948,5.022633314,10.77244843,0,0,0,0,0,0,0,10.40885753,5.386224214,0,30.33183534,12.13273414,11.60093989,0,5.957037037,0,3.13867284,0,0,14.01540123,0,0,0,0,11,0,0,0,0,0,2,0,2,0,0,1,0,0,0,0,2,3.4932,48.958,0,0,0,0,0,0,0,0,0,0,0,0,0,0,0,0,0,0,0,0,0,0,0,0,0,0,0,0,0,0,0,0,0,0,2,0,1,0,0,0,0,0,0,0,1,0,0,0,0,0,0,0,0,0,0,0,0,0,0,0,0,0,0,0,0,0,0,0,0,0,0,0,0,0,0,0,0,0,0,0,0,0,0,0,0,0.818181818,1.545454545,2.363636364,0,0
E,7,CHCl3 : IC6F12I 10%,PDPP5T：PDPP2Tz70FBDT,1,难挥发性液体添加剂,ITO/ZnO/PDPP2Tz70FBDT/MoO3/Ag,IC(F)(F)C(F)(F)C(F)(F)C(F)(F)C(F)(F)C(F)(I)F,0.76,1.8,42,0.48,0.62678886,12.69978333,12.69978333,0.697219898,-7.441675,0.236834282,16.5,553.85,553.85,553.7897846,122,0,0.387226323,-0.192214193,0.387226323,0.192214193,126.9137238,9.98740019,2.891233137,-2.385524479,2.614685503,-2.684379467,14.1110887,-0.401246879,2.123974153,6.082753304,327.124287,17,8.291502622,12.6064992,8.25,3.895751311,6.053249602,3.293090316,6.002754871,1.895062921,3.249895199,0.750361771,1.42777791,0.62,4286.179841,20.62,5.07249557,2.777671757,129.0740627,0,0,0,0,0,31.54863657,0,0,52.68498057,0,0,0,45.18174125,0,52.68498057,45.18174125,0,0,0,31.54863657,0,0,0,0,0,52.68498057,0,45.18174125,31.54863657,0,0,0,0,0,0,0,0,76.73037782,52.68498057,0,0,0,0,0,0,0,0,0,138.0269565,-1.394439796,0,0,0,-28.89251667,0,0,0,0,1,20,0,0,0,0,0,0,0,0,0,0,14,5,0,0,0,0,5.5832,57.722,0,0,0,0,0,0,0,0,0,0,0,0,0,0,0,0,0,0,0,0,0,0,0,0,0,14,0,0,0,0,0,0,0,0,0,0,0,0,0,0,0,0,0,0,14,0,0,0,0,0,0,0,0,0,0,0,0,0,0,0,0,0,0,0,0,0,0,0,0,0,0,0,0,0,0,0,0,0,0,0,0,0,0,0,0,0.35,0.5,0.6,0,0
E,7,CHCl3 : 1-CN 3%,PDPP5T：PDPP2TzFBDT,1,液体添加剂,ITO/ZnO/PDPP2TzFBDT/MoO3/Ag,ClC1=CC=CC2=CC=CC=C21,0.68,1.3,43,0.43,0.83984914,5.957037037,5.957037037,0.822314815,0.822314815,0.55644797,10.27272727,162.619,155.563,162.0236279,54,0,0.048389036,-0.083664219,0.083664219,0.048389036,35.49569104,10.12844457,1.934419766,-1.966428521,2.214722752,-1.704476637,6.349799888,1.748124801,2.05595014,2.913161164,374.0344904,7.681798276,5.919416357,6.675345303,5.377010098,3.510349442,3.888313915,2.460971502,2.868171629,1.736428508,2.066016729,1.185882541,1.430724861,-1.01,505.7637346,6.684816447,2.554171088,1.099229702,70.41633388,0,0,0,0,0,0,0,0,0,0,47.9991423,11.45259128,10.40885753,0,0,22.37338832,0,0,0,0,0,47.48720279,0,0,0,0,0,11.60093989,0,0,0,0,42.46456948,5.022633314,10.77244843,0,0,0,0,0,0,0,10.40885753,5.386224214,0,30.33183534,12.13273414,11.60093989,0,5.957037037,0,3.13867284,0,0,14.01540123,0,0,0,0,11,0,0,0,0,0,2,0,2,0,0,1,0,0,0,0,2,3.4932,48.958,0,0,0,0,0,0,0,0,0,0,0,0,0,0,0,0,0,0,0,0,0,0,0,0,0,0,0,0,0,0,0,0,0,0,2,0,1,0,0,0,0,0,0,0,1,0,0,0,0,0,0,0,0,0,0,0,0,0,0,0,0,0,0,0,0,0,0,0,0,0,0,0,0,0,0,0,0,0,0,0,0,0,0,0,0,0.818181818,1.545454545,2.363636364,0,0
E,7,CHCl3 : IC6F12I 10%,PDPP5T：PDPP2TzFBDT,1,难挥发性液体添加剂,ITO/ZnO/PDPP2TzFBDT/MoO3/Ag,IC(F)(F)C(F)(F)C(F)(F)C(F)(F)C(F)(F)C(F)(I)F,0.67,7.4,41,2.03,0.62541178,12.69978333,12.69978333,0.697219898,-7.441675,0.236834282,16.5,553.85,553.85,553.7897846,122,0,0.387226323,-0.192214193,0.387226323,0.192214193,126.9137238,9.98740019,2.891233137,-2.385524479,2.614685503,-2.684379467,14.1110887,-0.401246879,2.123974153,6.082753304,327.124287,17,8.291502622,12.6064992,8.25,3.895751311,6.053249602,3.293090316,6.002754871,1.895062921,3.249895199,0.750361771,1.42777791,0.62,4286.179841,20.62,5.07249557,2.777671757,129.0740627,0,0,0,0,0,31.54863657,0,0,52.68498057,0,0,0,45.18174125,0,52.68498057,45.18174125,0,0,0,31.54863657,0,0,0,0,0,52.68498057,0,45.18174125,31.54863657,0,0,0,0,0,0,0,0,76.73037782,52.68498057,0,0,0,0,0,0,0,0,0,138.0269565,-1.394439796,0,0,0,-28.89251667,0,0,0,0,1,20,0,0,0,0,0,0,0,0,0,0,14,5,0,0,0,0,5.5832,57.722,0,0,0,0,0,0,0,0,0,0,0,0,0,0,0,0,0,0,0,0,0,0,0,0,0,14,0,0,0,0,0,0,0,0,0,0,0,0,0,0,0,0,0,0,14,0,0,0,0,0,0,0,0,0,0,0,0,0,0,0,0,0,0,0,0,0,0,0,0,0,0,0,0,0,0,0,0,0,0,0,0,0,0,0,0,0.35,0.5,0.6,0,0
E,8,DIO,PBDB-T-2F:IT-4F,1,液体添加剂,Glass/ITO/ZnO/AL/MoO3/Ag (rigid reference cell),ICCCCCCCCI,0.82,20.5,73,11.9,9.64E-07,2.454655993,2.454655993,1.337345679,1.337345679,0.360140031,10.2,366.024,349.896,365.9341465,62,0,-0.000472812,-0.086375917,0.086375917,0.000472812,126.9137216,10.13204741,1.878618147,-1.964807038,2.067504511,-1.799735234,14.10995232,0.63270578,1.967154472,2.647604849,47.21928095,7.656854249,6.412783196,10.72777978,4.914213562,4.034522484,7.085685828,2.499284817,4.656783108,1.517261242,3.042842914,0.896089018,1.974838163,1.46,175.076748,11.46,10.46,9.46,91.81752207,0,0,0,0,0,0,0,0,0,0,70.86502775,21.69674805,0,0,0,45.18174125,0,0,0,38.52492974,8.855104805,0,0,0,0,0,0,45.18174125,8.855104805,0,0,38.52492974,0,0,0,0,0,0,0,0,0,0,0,47.38003454,0,0,45.18174125,0,2.674691358,4.909311987,0,0,0,0,0,8.655996655,0,0,1,10,0,0,0,0,0,0,0,0,0,0,2,7,0,0,0,0,4.197,65.476,0,0,0,0,0,0,0,0,0,0,0,0,0,0,0,0,0,0,0,0,0,0,0,0,0,2,0,0,0,0,0,0,0,0,0,0,0,0,0,0,0,0,0,0,2,0,0,0,0,0,0,0,0,0,0,0,0,0,0,0,0,0,0,0,0,0,0,0,0,0,0,0,0,0,0,0,0,0,0,0,0,0,0,5,0,0.5,0.8,1.1,0,0
E,8,DIO,PBDB-T-2F:IT-4F,1,液体添加剂,AgNWs@PI/ZnO/AL/MoO3/Ag (exible cell),ICCCCCCCCI,0.82,19.61,72,10.8,9.64E-07,2.454655993,2.454655993,1.337345679,1.337345679,0.360140031,10.2,366.024,349.896,365.9341465,62,0,-0.000472812,-0.086375917,0.086375917,0.000472812,126.9137216,10.13204741,1.878618147,-1.964807038,2.067504511,-1.799735234,14.10995232,0.63270578,1.967154472,2.647604849,47.21928095,7.656854249,6.412783196,10.72777978,4.914213562,4.034522484,7.085685828,2.499284817,4.656783108,1.517261242,3.042842914,0.896089018,1.974838163,1.46,175.076748,11.46,10.46,9.46,91.81752207,0,0,0,0,0,0,0,0,0,0,70.86502775,21.69674805,0,0,0,45.18174125,0,0,0,38.52492974,8.855104805,0,0,0,0,0,0,45.18174125,8.855104805,0,0,38.52492974,0,0,0,0,0,0,0,0,0,0,0,47.38003454,0,0,45.18174125,0,2.674691358,4.909311987,0,0,0,0,0,8.655996655,0,0,1,10,0,0,0,0,0,0,0,0,0,0,2,7,0,0,0,0,4.197,65.476,0,0,0,0,0,0,0,0,0,0,0,0,0,0,0,0,0,0,0,0,0,0,0,0,0,2,0,0,0,0,0,0,0,0,0,0,0,0,0,0,0,0,0,0,2,0,0,0,0,0,0,0,0,0,0,0,0,0,0,0,0,0,0,0,0,0,0,0,0,0,0,0,0,0,0,0,0,0,0,0,0,0,0,5,0,0.5,0.8,1.1,0,0
E,8,DIO,PTB7-Th:IEICO-4F,1,液体添加剂,AgNWs@PI/ZnO/AL/MoO3/Ag (exible cell),ICCCCCCCCI,0.68,22.69,67,9.9,9.64E-07,2.454655993,2.454655993,1.337345679,1.337345679,0.360140031,10.2,366.024,349.896,365.9341465,62,0,-0.000472812,-0.086375917,0.086375917,0.000472812,126.9137216,10.13204741,1.878618147,-1.964807038,2.067504511,-1.799735234,14.10995232,0.63270578,1.967154472,2.647604849,47.21928095,7.656854249,6.412783196,10.72777978,4.914213562,4.034522484,7.085685828,2.499284817,4.656783108,1.517261242,3.042842914,0.896089018,1.974838163,1.46,175.076748,11.46,10.46,9.46,91.81752207,0,0,0,0,0,0,0,0,0,0,70.86502775,21.69674805,0,0,0,45.18174125,0,0,0,38.52492974,8.855104805,0,0,0,0,0,0,45.18174125,8.855104805,0,0,38.52492974,0,0,0,0,0,0,0,0,0,0,0,47.38003454,0,0,45.18174125,0,2.674691358,4.909311987,0,0,0,0,0,8.655996655,0,0,1,10,0,0,0,0,0,0,0,0,0,0,2,7,0,0,0,0,4.197,65.476,0,0,0,0,0,0,0,0,0,0,0,0,0,0,0,0,0,0,0,0,0,0,0,0,0,2,0,0,0,0,0,0,0,0,0,0,0,0,0,0,0,0,0,0,2,0,0,0,0,0,0,0,0,0,0,0,0,0,0,0,0,0,0,0,0,0,0,0,0,0,0,0,0,0,0,0,0,0,0,0,0,0,0,5,0,0.5,0.8,1.1,0,0
E,9,CN,PBDB-T:TACIC,1,液体添加剂, ITO/ZnO/PBDB-T:TACIC/MoO3​/Ag,ClC1=CC=CC2=CC=CC=C21,0.982,16.59,60.9,9.92,0.83984914,5.957037037,5.957037037,0.822314815,0.822314815,0.55644797,10.27272727,162.619,155.563,162.0236279,54,0,0.048389036,-0.083664219,0.083664219,0.048389036,35.49569104,10.12844457,1.934419766,-1.966428521,2.214722752,-1.704476637,6.349799888,1.748124801,2.05595014,2.913161164,374.0344904,7.681798276,5.919416357,6.675345303,5.377010098,3.510349442,3.888313915,2.460971502,2.868171629,1.736428508,2.066016729,1.185882541,1.430724861,-1.01,505.7637346,6.684816447,2.554171088,1.099229702,70.41633388,0,0,0,0,0,0,0,0,0,0,47.9991423,11.45259128,10.40885753,0,0,22.37338832,0,0,0,0,0,47.48720279,0,0,0,0,0,11.60093989,0,0,0,0,42.46456948,5.022633314,10.77244843,0,0,0,0,0,0,0,10.40885753,5.386224214,0,30.33183534,12.13273414,11.60093989,0,5.957037037,0,3.13867284,0,0,14.01540123,0,0,0,0,11,0,0,0,0,0,2,0,2,0,0,1,0,0,0,0,2,3.4932,48.958,0,0,0,0,0,0,0,0,0,0,0,0,0,0,0,0,0,0,0,0,0,0,0,0,0,0,0,0,0,0,0,0,0,0,2,0,1,0,0,0,0,0,0,0,1,0,0,0,0,0,0,0,0,0,0,0,0,0,0,0,0,0,0,0,0,0,0,0,0,0,0,0,0,0,0,0,0,0,0,0,0,0,0,0,0,0.818181818,1.545454545,2.363636364,0,0
E,9,CN,PBDB-T:ITIC,1,液体添加剂, ITO/ZnO/PBDB-T:ITIC/MoO3​/Ag,ClC1=CC=CC2=CC=CC=C21,0.885,16.02,68.5,9.71,0.83984921,5.957037037,5.957037037,0.822314815,0.822314815,0.55644797,10.27272727,162.619,155.563,162.0236279,54,0,0.048389036,-0.083664219,0.083664219,0.048389036,35.49569104,10.12844457,1.934419766,-1.966428521,2.214722752,-1.704476637,6.349799888,1.748124801,2.05595014,2.913161164,374.0344904,7.681798276,5.919416357,6.675345303,5.377010098,3.510349442,3.888313915,2.460971502,2.868171629,1.736428508,2.066016729,1.185882541,1.430724861,-1.01,505.7637346,6.684816447,2.554171088,1.099229702,70.41633388,0,0,0,0,0,0,0,0,0,0,47.9991423,11.45259128,10.40885753,0,0,22.37338832,0,0,0,0,0,47.48720279,0,0,0,0,0,11.60093989,0,0,0,0,42.46456948,5.022633314,10.77244843,0,0,0,0,0,0,0,10.40885753,5.386224214,0,30.33183534,12.13273414,11.60093989,0,5.957037037,0,3.13867284,0,0,14.01540123,0,0,0,0,11,0,0,0,0,0,2,0,2,0,0,1,0,0,0,0,2,3.4932,48.958,0,0,0,0,0,0,0,0,0,0,0,0,0,0,0,0,0,0,0,0,0,0,0,0,0,0,0,0,0,0,0,0,0,0,2,0,1,0,0,0,0,0,0,0,1,0,0,0,0,0,0,0,0,0,0,0,0,0,0,0,0,0,0,0,0,0,0,0,0,0,0,0,0,0,0,0,0,0,0,0,0,0,0,0,0,0.818181818,1.545454545,2.363636364,0,0
E,12,INB - 1F,PBDB-T-2F:BTP-4F,1,挥发性固体添加剂,ITO/ZnO/PBDB - T - 2F:BTP - 4F/MoO3/Ag,FC1=CC=C(/C=C(C2=O)\C(C3=CC=CC=C23)=O)C=C1,0.81,27,72,15.7,2.32251928,12.81407855,12.81407855,0.132229781,-0.352304527,0.576181932,13.63157895,252.244,243.172,252.0586577,92,0,0.197240346,-0.288432847,0.288432847,0.197240346,19.14214161,10.07232317,2.317774001,-1.95586523,2.270466742,-1.996406862,6.408108265,0.099032382,2.670236043,2.066098689,674.7837217,13.40541292,9.890613477,9.890613477,9.164703798,5.82329827,5.82329827,4.313395998,4.313395998,3.086576303,3.086576303,2.129171334,2.129171334,-2.55,32779.81766,11.5353328,4.281337653,1.89051603,108.7414112,0,5.817220841,11.56648989,0,0,0,9.589074368,4.390415048,0,0,36.39820241,23.77220574,11.12690298,5.57310453,13.97948942,17.64251,0,0,0,0,0,76.61161639,0,0,0,4.390415048,0,0,11.56648989,0,5.817220841,26.27942884,54.10404108,0,6.076020107,0,34.14,0,13.97948942,0,22.95681526,16.69035448,0,30.34148838,24.26546827,0,0,0,12.81407855,0,24.23050894,0,1.625405224,-0.898739712,12.39133959,1.504074074,0,0,0,19,0,2,1,0,1,2,0,2,2,0,3,1,0,0,0,3,3.2883,69.48,0,0,0,0,0,0,0,0,0,0,2,2,0,0,0,0,0,0,0,0,0,0,0,0,0,0,1,0,0,0,0,0,0,0,2,0,1,0,0,0,0,0,0,0,1,0,0,0,0,0,0,2,2,0,0,0,0,0,0,0,0,0,0,0,0,0,0,0,0,0,0,0,0,0,0,0,0,0,0,0,0,0,0,0,0,0.789473684,1.315789474,1.842105263,0,0
E,12,INB - 3F,PBDB-T-2F:BTP-4F,1,挥发性固体添加剂,ITO/ZnO/PBDB - T - 2F:BTP - 4F/MoO3/Ag,FC1=CC(F)=C(/C=C(C2=O)\C(C3=CC=CC=C23)=O)C(F)=C1,0.81,27.1,72.2,15.8,2.43858627,13.60052343,13.60052343,0.191368523,-1.169855442,0.593607981,13.57142857,288.224,281.168,288.0398141,104,0,0.197243915,-0.288432817,0.288432817,0.197243915,19.14877303,10.0592381,2.325888535,-2.008879222,2.285416815,-2.018986743,6.408269882,0.099031726,2.674424397,2.153904729,762.0169562,15.14589989,10.49184188,10.49184188,9.986071003,6.034596077,6.034596077,4.544954862,4.544954862,3.238068531,3.238068531,2.239092927,2.239092927,-2.69,67443.63445,13.30033664,4.697197864,2.066540634,117.072482,0,17.45166252,11.56648989,0,0,0,9.589074368,13.17124514,0,0,24.26546827,6.076020107,28.82308861,5.57310453,22.76031951,17.64251,0,0,0,0,0,76.11332394,0,0,0,13.17124514,0,0,11.56648989,0,17.45166252,26.27942884,41.97130694,0,6.076020107,0,34.14,34.58160391,22.76031951,0,16.70000751,12.13273414,6.076020107,12.13273414,12.13273414,0,0,0,40.05679208,0,24.18591333,0,-0.560305283,-4.606413559,7.095865289,0.828148148,0,0,0,21,0,2,1,0,1,2,0,2,2,0,5,1,0,0,0,3,3.5665,69.396,0,0,0,0,0,0,0,0,0,0,2,2,0,0,0,0,0,0,0,0,0,0,0,0,0,0,1,0,0,0,0,0,0,0,2,0,1,0,0,0,0,0,0,0,3,0,0,0,0,0,0,2,2,0,0,0,0,0,0,0,0,0,0,0,0,0,0,0,0,0,0,0,0,0,0,0,0,0,0,0,0,0,0,0,0,0.80952381,1.285714286,1.761904762,0,0
E,12,INB - 5F,PBDB-T-2F:BTP-4F,1,挥发性固体添加剂,ITO/ZnO/PBDB - T - 2F:BTP - 4F/MoO3/Ag,FC1=C(F)C(F)=C(/C=C(C2=O)\C(C3=CC=CC=C23)=O)C(F)=C1F,0.81,27.7,74.3,16.4,2.3512088,13.6508938,13.6508938,0.007057298,-2.31063786,0.262519007,13.52173913,324.204,319.164,324.0209705,116,0,0.200064768,-0.288432817,0.288432817,0.200064768,19.17818184,10.05181664,2.338827267,-2.04626946,2.303119933,-2.065994885,6.408309466,0.099025473,2.797571509,2.225804074,848.9219938,16.88638687,11.09307029,11.09307029,10.84111171,6.257860011,6.257860011,4.745431091,4.745431091,3.438001356,3.438001356,2.296439745,2.296439745,-2.83,168441.7806,15.08060406,5.116667913,2.076447857,125.4035528,0,0,34.83537326,5.817220841,0,0,9.589074368,21.95207524,0,0,24.26546827,6.076020107,11.12690298,11.13655602,31.54114961,17.64251,0,0,0,0,0,75.61503148,0,0,0,21.95207524,0,0,11.56648989,0,29.08610421,26.27942884,29.8385728,0,6.076020107,0,34.14,51.78915012,31.54114961,0,11.12690298,6.076020107,0,24.26546827,0,0,0,0,66.64657666,0,24.15062421,0,-1.971705509,-12.49368134,5.611704501,0.389814815,0,0,0,23,0,2,1,0,1,2,0,2,2,0,7,1,0,0,0,3,3.8447,69.312,0,0,0,0,0,0,0,0,0,0,2,2,0,0,0,0,0,0,0,0,0,0,0,0,0,0,1,0,0,0,0,0,0,0,2,0,1,0,0,0,0,0,0,0,5,0,0,0,0,0,0,2,2,0,0,0,0,0,0,0,0,0,0,0,0,0,0,0,0,0,0,0,0,0,0,0,0,0,0,0,0,0,0,0,0,0.652173913,1.043478261,1.47826087,0,0
E,14,TT-Cl,PM6:Y6,1,挥发性固体添加剂,ITO/PEDOT:PSS /PM6:Y6 / PDINO/Al,ClC1=CC2=C(C=C(Cl)S2)S1,0.861,26.86,78.69,18.2,0.37336241,5.758888889,5.758888889,0.831404321,0.831404321,0.607292408,11,209.122,207.106,207.8974974,52,0,0.094879661,-0.12236787,0.12236787,0.094879661,35.49713012,10.53099662,2.021692002,-1.706554189,2.368437283,-1.363985291,7.307219681,2.217362677,2.208247526,2.825847174,297.5871887,7.137828202,4.727126065,7.871977119,4.754020195,2.599161592,4.9880837,1.829524321,5.259692523,1.146915911,3.698315982,0.776924685,3.468760033,0.24,282.6556833,6.920082572,2.378780364,1.05434642,76.00032665,0,0,0,0,0,0,0,0,0,22.67357176,23.20187978,12.13273414,9.399839833,8.672658031,0,55.27529137,0,0,0,0,0,20.80539217,0,0,0,0,0,45.87545154,0,0,0,0,12.13273414,8.672658031,9.399839833,0,0,0,0,0,0,0,8.672658031,9.399839833,22.67357176,12.13273414,0,23.20187978,4.023919753,14.64651235,0,0,0,0,3.885123457,0,0,0,0,10,0,0,0,0,0,0,2,2,2,0,4,0,0,0,0,2,4.2696,49.722,0,0,0,0,0,0,0,0,0,0,0,0,0,0,0,0,0,0,0,0,0,0,0,0,0,0,0,0,0,0,0,0,0,0,0,0,1,0,0,0,0,0,0,0,2,0,0,0,0,0,0,0,0,0,0,0,0,0,0,0,0,0,0,0,0,0,0,0,0,0,0,0,0,0,0,0,0,0,0,0,0,0,2,0,0,0.9,1.3,1.7,0,0
E,14,TT-Cl,PM6:D18:Y6,1,挥发性固体添加剂,ITO/PEDOT:PSS /PM6:D18:Y6 / PDINO/Al,ClC1=CC2=C(C=C(Cl)S2)S1,0.865,27.73,79.01,18.95,0.37336241,5.758888889,5.758888889,0.831404321,0.831404321,0.607292408,11,209.122,207.106,207.8974974,52,0,0.094879661,-0.12236787,0.12236787,0.094879661,35.49713012,10.53099662,2.021692002,-1.706554189,2.368437283,-1.363985291,7.307219681,2.217362677,2.208247526,2.825847174,297.5871887,7.137828202,4.727126065,7.871977119,4.754020195,2.599161592,4.9880837,1.829524321,5.259692523,1.146915911,3.698315982,0.776924685,3.468760033,0.24,282.6556833,6.920082572,2.378780364,1.05434642,76.00032665,0,0,0,0,0,0,0,0,0,22.67357176,23.20187978,12.13273414,9.399839833,8.672658031,0,55.27529137,0,0,0,0,0,20.80539217,0,0,0,0,0,45.87545154,0,0,0,0,12.13273414,8.672658031,9.399839833,0,0,0,0,0,0,0,8.672658031,9.399839833,22.67357176,12.13273414,0,23.20187978,4.023919753,14.64651235,0,0,0,0,3.885123457,0,0,0,0,10,0,0,0,0,0,0,2,2,2,0,4,0,0,0,0,2,4.2696,49.722,0,0,0,0,0,0,0,0,0,0,0,0,0,0,0,0,0,0,0,0,0,0,0,0,0,0,0,0,0,0,0,0,0,0,0,0,1,0,0,0,0,0,0,0,2,0,0,0,0,0,0,0,0,0,0,0,0,0,0,0,0,0,0,0,0,0,0,0,0,0,0,0,0,0,0,0,0,0,0,0,0,0,2,0,0,0.9,1.3,1.7,0,0
E,14,TT-Cl,PM6:IT-4F,1,挥发性固体添加剂,ITO/PEDOT:PSS /PM6:IT-4F / PDINO/Al,ClC1=CC2=C(C=C(Cl)S2)S1,0.869,20.5,75.69,13.42,0.37336241,5.758888889,5.758888889,0.831404321,0.831404321,0.607292408,11,209.122,207.106,207.8974974,52,0,0.094879661,-0.12236787,0.12236787,0.094879661,35.49713012,10.53099662,2.021692002,-1.706554189,2.368437283,-1.363985291,7.307219681,2.217362677,2.208247526,2.825847174,297.5871887,7.137828202,4.727126065,7.871977119,4.754020195,2.599161592,4.9880837,1.829524321,5.259692523,1.146915911,3.698315982,0.776924685,3.468760033,0.24,282.6556833,6.920082572,2.378780364,1.05434642,76.00032665,0,0,0,0,0,0,0,0,0,22.67357176,23.20187978,12.13273414,9.399839833,8.672658031,0,55.27529137,0,0,0,0,0,20.80539217,0,0,0,0,0,45.87545154,0,0,0,0,12.13273414,8.672658031,9.399839833,0,0,0,0,0,0,0,8.672658031,9.399839833,22.67357176,12.13273414,0,23.20187978,4.023919753,14.64651235,0,0,0,0,3.885123457,0,0,0,0,10,0,0,0,0,0,0,2,2,2,0,4,0,0,0,0,2,4.2696,49.722,0,0,0,0,0,0,0,0,0,0,0,0,0,0,0,0,0,0,0,0,0,0,0,0,0,0,0,0,0,0,0,0,0,0,0,0,1,0,0,0,0,0,0,0,2,0,0,0,0,0,0,0,0,0,0,0,0,0,0,0,0,0,0,0,0,0,0,0,0,0,0,0,0,0,0,0,0,0,0,0,0,0,2,0,0,0.9,1.3,1.7,0,0
E,14,TT-Cl,PM6:F-2F,1,挥发性固体添加剂,ITO/PEDOT:PSS /PM6:F-2F / PDINO/Al,ClC1=CC2=C(C=C(Cl)S2)S1,0.903,19.34,77.82,13.64,0.37336241,5.758888889,5.758888889,0.831404321,0.831404321,0.607292408,11,209.122,207.106,207.8974974,52,0,0.094879661,-0.12236787,0.12236787,0.094879661,35.49713012,10.53099662,2.021692002,-1.706554189,2.368437283,-1.363985291,7.307219681,2.217362677,2.208247526,2.825847174,297.5871887,7.137828202,4.727126065,7.871977119,4.754020195,2.599161592,4.9880837,1.829524321,5.259692523,1.146915911,3.698315982,0.776924685,3.468760033,0.24,282.6556833,6.920082572,2.378780364,1.05434642,76.00032665,0,0,0,0,0,0,0,0,0,22.67357176,23.20187978,12.13273414,9.399839833,8.672658031,0,55.27529137,0,0,0,0,0,20.80539217,0,0,0,0,0,45.87545154,0,0,0,0,12.13273414,8.672658031,9.399839833,0,0,0,0,0,0,0,8.672658031,9.399839833,22.67357176,12.13273414,0,23.20187978,4.023919753,14.64651235,0,0,0,0,3.885123457,0,0,0,0,10,0,0,0,0,0,0,2,2,2,0,4,0,0,0,0,2,4.2696,49.722,0,0,0,0,0,0,0,0,0,0,0,0,0,0,0,0,0,0,0,0,0,0,0,0,0,0,0,0,0,0,0,0,0,0,0,0,1,0,0,0,0,0,0,0,2,0,0,0,0,0,0,0,0,0,0,0,0,0,0,0,0,0,0,0,0,0,0,0,0,0,0,0,0,0,0,0,0,0,0,0,0,0,2,0,0,0.9,1.3,1.7,0,0
E,14,TT-Cl,PM6:L8-BO,1,挥发性固体添加剂,ITO/PEDOT:PSS /PM6:L8-BO/ PDINO/Al,ClC1=CC2=C(C=C(Cl)S2)S1,0.906,25.54,79.74,18.45,0.37336241,5.758888889,5.758888889,0.831404321,0.831404321,0.607292408,11,209.122,207.106,207.8974974,52,0,0.094879661,-0.12236787,0.12236787,0.094879661,35.49713012,10.53099662,2.021692002,-1.706554189,2.368437283,-1.363985291,7.307219681,2.217362677,2.208247526,2.825847174,297.5871887,7.137828202,4.727126065,7.871977119,4.754020195,2.599161592,4.9880837,1.829524321,5.259692523,1.146915911,3.698315982,0.776924685,3.468760033,0.24,282.6556833,6.920082572,2.378780364,1.05434642,76.00032665,0,0,0,0,0,0,0,0,0,22.67357176,23.20187978,12.13273414,9.399839833,8.672658031,0,55.27529137,0,0,0,0,0,20.80539217,0,0,0,0,0,45.87545154,0,0,0,0,12.13273414,8.672658031,9.399839833,0,0,0,0,0,0,0,8.672658031,9.399839833,22.67357176,12.13273414,0,23.20187978,4.023919753,14.64651235,0,0,0,0,3.885123457,0,0,0,0,10,0,0,0,0,0,0,2,2,2,0,4,0,0,0,0,2,4.2696,49.722,0,0,0,0,0,0,0,0,0,0,0,0,0,0,0,0,0,0,0,0,0,0,0,0,0,0,0,0,0,0,0,0,0,0,0,0,1,0,0,0,0,0,0,0,2,0,0,0,0,0,0,0,0,0,0,0,0,0,0,0,0,0,0,0,0,0,0,0,0,0,0,0,0,0,0,0,0,0,0,0,0,0,2,0,0,0.9,1.3,1.7,0,0
E,14,TT-Cl,PM6:CH-6F,1,挥发性固体添加剂,ITO/PEDOT:PSS /PM6:CH-6F/ PDINO/Al,ClC1=CC2=C(C=C(Cl)S2)S1,0.867,26.57,79,18.21,0.37336241,5.758888889,5.758888889,0.831404321,0.831404321,0.607292408,11,209.122,207.106,207.8974974,52,0,0.094879661,-0.12236787,0.12236787,0.094879661,35.49713012,10.53099662,2.021692002,-1.706554189,2.368437283,-1.363985291,7.307219681,2.217362677,2.208247526,2.825847174,297.5871887,7.137828202,4.727126065,7.871977119,4.754020195,2.599161592,4.9880837,1.829524321,5.259692523,1.146915911,3.698315982,0.776924685,3.468760033,0.24,282.6556833,6.920082572,2.378780364,1.05434642,76.00032665,0,0,0,0,0,0,0,0,0,22.67357176,23.20187978,12.13273414,9.399839833,8.672658031,0,55.27529137,0,0,0,0,0,20.80539217,0,0,0,0,0,45.87545154,0,0,0,0,12.13273414,8.672658031,9.399839833,0,0,0,0,0,0,0,8.672658031,9.399839833,22.67357176,12.13273414,0,23.20187978,4.023919753,14.64651235,0,0,0,0,3.885123457,0,0,0,0,10,0,0,0,0,0,0,2,2,2,0,4,0,0,0,0,2,4.2696,49.722,0,0,0,0,0,0,0,0,0,0,0,0,0,0,0,0,0,0,0,0,0,0,0,0,0,0,0,0,0,0,0,0,0,0,0,0,1,0,0,0,0,0,0,0,2,0,0,0,0,0,0,0,0,0,0,0,0,0,0,0,0,0,0,0,0,0,0,0,0,0,0,0,0,0,0,0,0,0,0,0,0,0,2,0,0,0.9,1.3,1.7,0,0
E,14,TT-Cl,PM6:CH23,1,挥发性固体添加剂,ITO/PEDOT:PSS /PM6:CH23/ PDINO/Al,ClC1=CC2=C(C=C(Cl)S2)S1,0.879,26.73,79.68,18.72,0.3733844,5.758888889,5.758888889,0.831404321,0.831404321,0.607292408,11,209.122,207.106,207.8974974,52,0,0.094879661,-0.12236787,0.12236787,0.094879661,35.49713012,10.53099662,2.021692002,-1.706554189,2.368437283,-1.363985291,7.307219681,2.217362677,2.208247526,2.825847174,297.5871887,7.137828202,4.727126065,7.871977119,4.754020195,2.599161592,4.9880837,1.829524321,5.259692523,1.146915911,3.698315982,0.776924685,3.468760033,0.24,282.6556833,6.920082572,2.378780364,1.05434642,76.00032665,0,0,0,0,0,0,0,0,0,22.67357176,23.20187978,12.13273414,9.399839833,8.672658031,0,55.27529137,0,0,0,0,0,20.80539217,0,0,0,0,0,45.87545154,0,0,0,0,12.13273414,8.672658031,9.399839833,0,0,0,0,0,0,0,8.672658031,9.399839833,22.67357176,12.13273414,0,23.20187978,4.023919753,14.64651235,0,0,0,0,3.885123457,0,0,0,0,10,0,0,0,0,0,0,2,2,2,0,4,0,0,0,0,2,4.2696,49.722,0,0,0,0,0,0,0,0,0,0,0,0,0,0,0,0,0,0,0,0,0,0,0,0,0,0,0,0,0,0,0,0,0,0,0,0,1,0,0,0,0,0,0,0,2,0,0,0,0,0,0,0,0,0,0,0,0,0,0,0,0,0,0,0,0,0,0,0,0,0,0,0,0,0,0,0,0,0,0,0,0,0,2,0,0,0.9,1.3,1.7,0,0
E,15,ZnO/PFEOSO3Li ,PBDB-T:IT-M,2,液体添加剂,ITO/ZnO/PFEOSO3Li/PBDB-T:IT-M/MoO3/Al,O=S(=O)=O,0.913,18.6,68.1,11.6,5.80E-07,8.444444444,8.444444444,3.111111111,-3.111111111,0.374557224,6,80.064,80.064,79.95681486,24,0,0.425210716,-0.141736905,0.425210716,0.141736905,32.15982851,15.90817149,1.399634456,-1.114160646,1.068626097,-1.402926097,7.585393966,0.559006034,0.811278124,4.647580015,72.67739286,3.577350269,1.632993162,2.449489743,1.732050808,0.5,1.5,0.204124145,0.612372436,0,0,0,0,-0.38,3.245112498,3.62,1.001679389,4.312520776,24.31476475,0,0,0,0,0,10.60874563,0,0,0,12.62669548,0,0,0,0,12.62669548,10.60874563,0,0,0,0,0,0,0,0,0,0,0,0,12.62669548,10.60874563,0,0,0,0,0,0,51.21,10.60874563,0,0,0,0,0,0,0,0,0,12.62669548,25.33333333,0,0,0,0,0,0,0,0,-3.111111111,0,4,0,3,0,0,0,0,0,0,3,0,4,0,0,0,0,0,-1.0041,9.6972,0,0,0,0,0,0,0,0,0,0,0,0,0,0,0,0,0,0,0,0,0,0,0,0,0,0,0,0,0,0,0,0,0,0,0,0,0,0,0,0,0,0,0,0,0,0,0,0,0,0,0,0,0,0,0,0,0,0,0,0,0,0,0,0,0,0,0,0,0,0,0,0,0,0,0,0,0,0,0,0,0,0,0,0,0,1,1,1,0,0
E,16,DIO ,P3HT:ZY-4Cl,1,液体添加剂,ITO/PEDOT:PSS/P3HT:ZY-4Cl/PFN-Br/Al,ICCCCCCCCI,0.8,12.41,63,6.26,1.74E-06,2.454655993,2.454655993,1.337345679,1.337345679,0.360140031,10.2,366.024,349.896,365.9341465,62,0,-0.000472812,-0.086375917,0.086375917,0.000472812,126.9137216,10.13204741,1.878618147,-1.964807038,2.067504511,-1.799735234,14.10995232,0.63270578,1.967154472,2.647604849,47.21928095,7.656854249,6.412783196,10.72777978,4.914213562,4.034522484,7.085685828,2.499284817,4.656783108,1.517261242,3.042842914,0.896089018,1.974838163,1.46,175.076748,11.46,10.46,9.46,91.81752207,0,0,0,0,0,0,0,0,0,0,70.86502775,21.69674805,0,0,0,45.18174125,0,0,0,38.52492974,8.855104805,0,0,0,0,0,0,45.18174125,8.855104805,0,0,38.52492974,0,0,0,0,0,0,0,0,0,0,0,47.38003454,0,0,45.18174125,0,2.674691358,4.909311987,0,0,0,0,0,8.655996655,0,0,1,10,0,0,0,0,0,0,0,0,0,0,2,7,0,0,0,0,4.197,65.476,0,0,0,0,0,0,0,0,0,0,0,0,0,0,0,0,0,0,0,0,0,0,0,0,0,2,0,0,0,0,0,0,0,0,0,0,0,0,0,0,0,0,0,0,2,0,0,0,0,0,0,0,0,0,0,0,0,0,0,0,0,0,0,0,0,0,0,0,0,0,0,0,0,0,0,0,0,0,0,0,0,0,0,5,0,0.5,0.8,1.1,0,0
E,16,SA4 ,P3HT:ZY-4Cl,1,挥发性固体添加剂,ITO/PEDOT:PSS/P3HT:ZY-4Cl/PFN-Br/Al,O=C(/C(C1=O)=C/C2=CC=CS2)C3=C1C=CC=C3,0.9,17,67,10.24,1.87807557,12.04889645,12.04889645,0.167592593,-0.167592593,0.566276032,14,240.283,232.219,240.0245005,82,0,0.197269998,-0.288432316,0.288432316,0.197269998,32.13347302,10.11920502,2.318626691,-1.907687966,2.278218169,-1.990892812,7.104575913,0.099037239,2.93724646,2.12722147,599.0016381,11.82806265,8.843547025,9.660043606,8.270856948,5.208117036,6.087769847,3.777264351,4.75653666,2.735346478,3.554663502,1.919149226,2.576446259,-2,16222.4122,10.17301038,3.7856,1.555555556,102.2162391,0,0,11.56648989,0,0,0,9.589074368,0,0,11.33678588,30.33183534,17.52244995,16.00405018,5.57310453,9.589074368,28.97929588,0,0,0,0,0,63.35541989,0,0,0,0,0,11.33678588,11.56648989,0,0,25.59312455,47.35136971,0,6.076020107,0,34.14,0,9.589074368,0,17.13959442,11.12690298,4.877147194,11.33678588,30.34148838,17.51279691,0,0,0,1.511738946,25.02326153,1.920079365,1.300242819,-0.335185185,10.73726994,1.675925926,0,0,0,17,0,2,1,0,1,1,1,2,3,0,3,1,0,0,0,3,3.2107,67.399,0,0,0,0,0,0,0,0,0,0,2,2,0,0,0,0,0,0,0,0,0,0,0,0,0,0,1,0,0,0,0,0,0,0,1,0,1,0,0,0,0,0,0,0,0,0,0,0,0,0,0,2,2,0,0,0,0,0,0,0,0,0,0,0,0,0,0,0,0,0,0,0,0,0,0,0,0,0,0,0,0,0,1,0,0,0.882352941,1.529411765,2.058823529,0,0
E,18,DTBF,D18-Cl：BTP-4F,1,挥发性液体添加剂,ITO/PEDOT:PSS / D18-Cl/BTP-4F / PDIN/Ag,FC1=C(Cl)C(F)=C(Cl)C(F)=C1C(F)(F)F,0.887,27.21,78.6,19,0.15251029,12.80869599,12.80869599,1.491921296,-5.338148148,0.371027266,12,268.971,268.971,267.9281247,84,0,0.421673237,-0.204456839,0.421673237,0.204456839,35.49683609,10.15460431,2.408786031,-2.113741326,2.399842899,-2.129911306,6.347361571,-0.142013227,2.094639701,3.68073572,381.9170413,11.96410162,6.523715784,8.035573676,6.675426481,3.261857892,4.017786838,2.442670252,3.198599198,1.493277207,2.156955966,0.853781461,1.280111958,-0.62,1235.837423,12.44954103,3.751529701,2.00741449,89.39609011,0,15.60871812,17.45166252,0,0,6.176298517,0,13.17124514,13.17124514,0,23.20187978,0,0,0,26.34249029,23.20187978,0,0,0,6.176298517,0,33.06038064,0,0,0,26.34249029,0,23.20187978,0,6.176298517,17.45166252,5.563451492,0,10.04526663,0,0,0,39.23667916,26.34249029,0,0,0,0,0,0,0,0,23.20187978,74.57128086,9.73,0,-2.983842593,-2.306574074,-6.200493827,0,-5.338148148,0,0,0.142857143,15,0,0,0,0,0,1,0,1,0,0,8,0,0,0,0,1,4.4295,41.338,0,0,0,0,0,0,0,0,0,0,0,0,0,0,0,0,0,0,0,0,0,0,0,0,0,3,0,0,0,0,0,0,0,0,1,0,0,0,0,0,0,0,0,0,8,0,0,0,0,0,0,0,0,0,0,0,0,0,0,0,0,0,0,0,0,0,0,0,0,0,0,0,0,0,0,0,0,0,0,0,0,0,0,0,0,0.733333333,1.066666667,1.333333333,0,0
E,19,CN+TA,PM6:Y6,1,CN：液体添加剂,ITO/PEDOT:PSS /PM6:Y6/ PDINN/Ag,ClC1=CC=CC2=CC=CC=C21,0.866,26.75,76.4,17.70 ,0.83984923,5.957037037,5.957037037,0.822314815,0.822314815,0.55644797,10.27272727,162.619,155.563,162.0236279,54,0,0.048389036,-0.083664219,0.083664219,0.048389036,35.49569104,10.12844457,1.934419766,-1.966428521,2.214722752,-1.704476637,6.349799888,1.748124801,2.05595014,2.913161164,374.0344904,7.681798276,5.919416357,6.675345303,5.377010098,3.510349442,3.888313915,2.460971502,2.868171629,1.736428508,2.066016729,1.185882541,1.430724861,-1.01,505.7637346,6.684816447,2.554171088,1.099229702,70.41633388,0,0,0,0,0,0,0,0,0,0,47.9991423,11.45259128,10.40885753,0,0,22.37338832,0,0,0,0,0,47.48720279,0,0,0,0,0,11.60093989,0,0,0,0,42.46456948,5.022633314,10.77244843,0,0,0,0,0,0,0,10.40885753,5.386224214,0,30.33183534,12.13273414,11.60093989,0,5.957037037,0,3.13867284,0,0,14.01540123,0,0,0,0,11,0,0,0,0,0,2,0,2,0,0,1,0,0,0,0,2,3.4932,48.958,0,0,0,0,0,0,0,0,0,0,0,0,0,0,0,0,0,0,0,0,0,0,0,0,0,0,0,0,0,0,0,0,0,0,2,0,1,0,0,0,0,0,0,0,1,0,0,0,0,0,0,0,0,0,0,0,0,0,0,0,0,0,0,0,0,0,0,0,0,0,0,0,0,0,0,0,0,0,0,0,0,0,0,0,0,0.818181818,1.545454545,2.363636364,0,0
E,19,CN+TT+TA,PM6:Y6,2,TT:固体添加剂,ITO/PEDOT:PSS /PM6:Y6/ PDINN/Ag,ClC1=CC=CC2=CC=CC=C21,0.867,26.89,79.4,18.52,0.83984923,5.957037037,5.957037037,0.822314815,0.822314815,0.55644797,10.27272727,162.619,155.563,162.0236279,54,0,0.048389036,-0.083664219,0.083664219,0.048389036,35.49569104,10.12844457,1.934419766,-1.966428521,2.214722752,-1.704476637,6.349799888,1.748124801,2.05595014,2.913161164,374.0344904,7.681798276,5.919416357,6.675345303,5.377010098,3.510349442,3.888313915,2.460971502,2.868171629,1.736428508,2.066016729,1.185882541,1.430724861,-1.01,505.7637346,6.684816447,2.554171088,1.099229702,70.41633388,0,0,0,0,0,0,0,0,0,0,47.9991423,11.45259128,10.40885753,0,0,22.37338832,0,0,0,0,0,47.48720279,0,0,0,0,0,11.60093989,0,0,0,0,42.46456948,5.022633314,10.77244843,0,0,0,0,0,0,0,10.40885753,5.386224214,0,30.33183534,12.13273414,11.60093989,0,5.957037037,0,3.13867284,0,0,14.01540123,0,0,0,0,11,0,0,0,0,0,2,0,2,0,0,1,0,0,0,0,2,3.4932,48.958,0,0,0,0,0,0,0,0,0,0,0,0,0,0,0,0,0,0,0,0,0,0,0,0,0,0,0,0,0,0,0,0,0,0,2,0,1,0,0,0,0,0,0,0,1,0,0,0,0,0,0,0,0,0,0,0,0,0,0,0,0,0,0,0,0,0,0,0,0,0,0,0,0,0,0,0,0,0,0,0,0,0,0,0,0,0.818181818,1.545454545,2.363636364,0,0
E,19,CN+TT+TA,PM6:Y6,2,TT:固体添加剂,ITO/PEDOT:PSS /PM6:Y6/ PDINN/Ag,C1(SC=C2)=C2SC=C1,0.867,26.89,79.4,18.52,0.0434003,2.157407407,2.157407407,1.412037037,1.412037037,0.527461214,10.5,140.232,136.2,139.9754421,40,0,0.045001368,-0.142903986,0.142903986,0.045001368,32.13607061,10.53508825,1.902762696,-1.634514629,2.245361889,-1.326792338,7.254271145,2.235624148,2.150348863,3.062247833,227.8603611,5.397341225,4.125897658,5.75889082,3.966326495,2.373669747,4.13297537,1.569702661,3.465091047,1.071699981,2.965099943,0.697234872,2.521262994,-0.34,141.9230249,4.530451066,1.569314512,0.501192714,55.39379419,0,0,0,0,0,0,0,0,0,22.67357176,0,22.89285968,9.399839833,0,0,32.07341159,0,0,0,0,0,22.89285968,0,0,0,0,0,22.67357176,0,0,0,0,22.89285968,0,9.399839833,0,0,0,0,0,0,0,0,9.399839833,22.67357176,0,22.89285968,0,2.824074074,3.608796296,0,4.252314815,0,0,4.314814815,0,0,0,0,8,0,0,0,0,0,0,2,2,2,0,2,0,0,0,0,2,2.9628,39.702,0,0,0,0,0,0,0,0,0,0,0,0,0,0,0,0,0,0,0,0,0,0,0,0,0,0,0,0,0,0,0,0,0,0,0,0,1,0,0,0,0,0,0,0,0,0,0,0,0,0,0,0,0,0,0,0,0,0,0,0,0,0,0,0,0,0,0,0,0,0,0,0,0,0,0,0,0,0,0,0,0,0,2,0,0,0.875,1.375,1.875,0,0
E,20,DIO,ETDPP - 2P:IT - M,1,液体添加剂,ITO/PEDOT:PSS / ETDPP - 2P:IT - M/ ZrAcac/Al,ICCCCCCCCI,0.84,11.05,61.3,5.5,1.74E-06,2.454655993,2.454655993,1.337345679,1.337345679,0.360140031,10.2,366.024,349.896,365.9341465,62,0,-0.000472812,-0.086375917,0.086375917,0.000472812,126.9137216,10.13204741,1.878618147,-1.964807038,2.067504511,-1.799735234,14.10995232,0.63270578,1.967154472,2.647604849,47.21928095,7.656854249,6.412783196,10.72777978,4.914213562,4.034522484,7.085685828,2.499284817,4.656783108,1.517261242,3.042842914,0.896089018,1.974838163,1.46,175.076748,11.46,10.46,9.46,91.81752207,0,0,0,0,0,0,0,0,0,0,70.86502775,21.69674805,0,0,0,45.18174125,0,0,0,38.52492974,8.855104805,0,0,0,0,0,0,45.18174125,8.855104805,0,0,38.52492974,0,0,0,0,0,0,0,0,0,0,0,47.38003454,0,0,45.18174125,0,2.674691358,4.909311987,0,0,0,0,0,8.655996655,0,0,1,10,0,0,0,0,0,0,0,0,0,0,2,7,0,0,0,0,4.197,65.476,0,0,0,0,0,0,0,0,0,0,0,0,0,0,0,0,0,0,0,0,0,0,0,0,0,2,0,0,0,0,0,0,0,0,0,0,0,0,0,0,0,0,0,0,2,0,0,0,0,0,0,0,0,0,0,0,0,0,0,0,0,0,0,0,0,0,0,0,0,0,0,0,0,0,0,0,0,0,0,0,0,0,0,5,0,0.5,0.8,1.1,0,0
E,20,DIO,TDPP - 2P:IT - M,1,液体添加剂,ITO/PEDOT:PSS / TDPP - 2P:IT - M / ZrAcac/Al,ICCCCCCCCI,0.79,8.96,58.2,3.89,1.74E-06,2.454655993,2.454655993,1.337345679,1.337345679,0.360140031,10.2,366.024,349.896,365.9341465,62,0,-0.000472812,-0.086375917,0.086375917,0.000472812,126.9137216,10.13204741,1.878618147,-1.964807038,2.067504511,-1.799735234,14.10995232,0.63270578,1.967154472,2.647604849,47.21928095,7.656854249,6.412783196,10.72777978,4.914213562,4.034522484,7.085685828,2.499284817,4.656783108,1.517261242,3.042842914,0.896089018,1.974838163,1.46,175.076748,11.46,10.46,9.46,91.81752207,0,0,0,0,0,0,0,0,0,0,70.86502775,21.69674805,0,0,0,45.18174125,0,0,0,38.52492974,8.855104805,0,0,0,0,0,0,45.18174125,8.855104805,0,0,38.52492974,0,0,0,0,0,0,0,0,0,0,0,47.38003454,0,0,45.18174125,0,2.674691358,4.909311987,0,0,0,0,0,8.655996655,0,0,1,10,0,0,0,0,0,0,0,0,0,0,2,7,0,0,0,0,4.197,65.476,0,0,0,0,0,0,0,0,0,0,0,0,0,0,0,0,0,0,0,0,0,0,0,0,0,2,0,0,0,0,0,0,0,0,0,0,0,0,0,0,0,0,0,0,2,0,0,0,0,0,0,0,0,0,0,0,0,0,0,0,0,0,0,0,0,0,0,0,0,0,0,0,0,0,0,0,0,0,0,0,0,0,0,5,0,0.5,0.8,1.1,0,0
E,21,DIO,PTB7-Th:COi8DFIC,1,液体添加剂,ITO/ZnO/PTB7-Th:COi8DFIC/MoO₃/Al,ICCCCCCCCI,0.68,26.12,68.2,12,1.74E-06,2.454655993,2.454655993,1.337345679,1.337345679,0.360140031,10.2,366.024,349.896,365.9341465,62,0,-0.000472812,-0.086375917,0.086375917,0.000472812,126.9137216,10.13204741,1.878618147,-1.964807038,2.067504511,-1.799735234,14.10995232,0.63270578,1.967154472,2.647604849,47.21928095,7.656854249,6.412783196,10.72777978,4.914213562,4.034522484,7.085685828,2.499284817,4.656783108,1.517261242,3.042842914,0.896089018,1.974838163,1.46,175.076748,11.46,10.46,9.46,91.81752207,0,0,0,0,0,0,0,0,0,0,70.86502775,21.69674805,0,0,0,45.18174125,0,0,0,38.52492974,8.855104805,0,0,0,0,0,0,45.18174125,8.855104805,0,0,38.52492974,0,0,0,0,0,0,0,0,0,0,0,47.38003454,0,0,45.18174125,0,2.674691358,4.909311987,0,0,0,0,0,8.655996655,0,0,1,10,0,0,0,0,0,0,0,0,0,0,2,7,0,0,0,0,4.197,65.476,0,0,0,0,0,0,0,0,0,0,0,0,0,0,0,0,0,0,0,0,0,0,0,0,0,2,0,0,0,0,0,0,0,0,0,0,0,0,0,0,0,0,0,0,2,0,0,0,0,0,0,0,0,0,0,0,0,0,0,0,0,0,0,0,0,0,0,0,0,0,0,0,0,0,0,0,0,0,0,0,0,0,0,5,0,0.5,0.8,1.1,0,0
E,21,DIO,PTB7-Th:BPTCN,1,液体添加剂,ITO/ZnO/PTB7-Th:BPTCN/MoO₃/Al,ICCCCCCCCI,0.81,14.68,54.04,6.42,1.74E-06,2.454655993,2.454655993,1.337345679,1.337345679,0.360140031,10.2,366.024,349.896,365.9341465,62,0,-0.000472812,-0.086375917,0.086375917,0.000472812,126.9137216,10.13204741,1.878618147,-1.964807038,2.067504511,-1.799735234,14.10995232,0.63270578,1.967154472,2.647604849,47.21928095,7.656854249,6.412783196,10.72777978,4.914213562,4.034522484,7.085685828,2.499284817,4.656783108,1.517261242,3.042842914,0.896089018,1.974838163,1.46,175.076748,11.46,10.46,9.46,91.81752207,0,0,0,0,0,0,0,0,0,0,70.86502775,21.69674805,0,0,0,45.18174125,0,0,0,38.52492974,8.855104805,0,0,0,0,0,0,45.18174125,8.855104805,0,0,38.52492974,0,0,0,0,0,0,0,0,0,0,0,47.38003454,0,0,45.18174125,0,2.674691358,4.909311987,0,0,0,0,0,8.655996655,0,0,1,10,0,0,0,0,0,0,0,0,0,0,2,7,0,0,0,0,4.197,65.476,0,0,0,0,0,0,0,0,0,0,0,0,0,0,0,0,0,0,0,0,0,0,0,0,0,2,0,0,0,0,0,0,0,0,0,0,0,0,0,0,0,0,0,0,2,0,0,0,0,0,0,0,0,0,0,0,0,0,0,0,0,0,0,0,0,0,0,0,0,0,0,0,0,0,0,0,0,0,0,0,0,0,0,5,0,0.5,0.8,1.1,0,0
E,21,DIO,PTB7-Th:COi8DFIC:BPTCN,1,液体添加剂,ITO/ZnO/PTB7-Th:COi8DFIC:BPTCN/MoO₃/Al,ICCCCCCCCI,0.74,25.93,60.61,11.62,1.74E-06,2.454655993,2.454655993,1.337345679,1.337345679,0.360140031,10.2,366.024,349.896,365.9341465,62,0,-0.000472812,-0.086375917,0.086375917,0.000472812,126.9137216,10.13204741,1.878618147,-1.964807038,2.067504511,-1.799735234,14.10995232,0.63270578,1.967154472,2.647604849,47.21928095,7.656854249,6.412783196,10.72777978,4.914213562,4.034522484,7.085685828,2.499284817,4.656783108,1.517261242,3.042842914,0.896089018,1.974838163,1.46,175.076748,11.46,10.46,9.46,91.81752207,0,0,0,0,0,0,0,0,0,0,70.86502775,21.69674805,0,0,0,45.18174125,0,0,0,38.52492974,8.855104805,0,0,0,0,0,0,45.18174125,8.855104805,0,0,38.52492974,0,0,0,0,0,0,0,0,0,0,0,47.38003454,0,0,45.18174125,0,2.674691358,4.909311987,0,0,0,0,0,8.655996655,0,0,1,10,0,0,0,0,0,0,0,0,0,0,2,7,0,0,0,0,4.197,65.476,0,0,0,0,0,0,0,0,0,0,0,0,0,0,0,0,0,0,0,0,0,0,0,0,0,2,0,0,0,0,0,0,0,0,0,0,0,0,0,0,0,0,0,0,2,0,0,0,0,0,0,0,0,0,0,0,0,0,0,0,0,0,0,0,0,0,0,0,0,0,0,0,0,0,0,0,0,0,0,0,0,0,0,5,0,0.5,0.8,1.1,0,0
E,22,HBrT,PM6:Y6,1,液体添加剂,ITO/2PACz/PM6:Y6/PDINN/Ag,BrC(S1)=CC=C1Br,0.85,26.37,75.9,16.8,0.22869962,3.320601852,3.320601852,1.166087963,1.166087963,0.654327183,9.428571429,241.935,239.919,239.8243953,38,0,0.07100281,-0.121246021,0.121246021,0.07100281,79.91976537,10.68649075,1.876406048,-1.671341504,2.254695359,-1.301723886,9.119102765,1.931539864,1.866819311,3.042002767,141.9783335,5.276020882,3.318877775,7.307367434,3.2876937,1.696896366,4.099389486,1.043618907,4.885870929,0.54040706,2.702464274,0.29222137,2.713006256,0.66,46.67048278,5.790548303,2.286403302,1.549857644,62.8068616,0,0,0,0,0,0,0,0,0,11.33678588,0,43.99262193,0,7.572830436,0,43.19667367,0,0,0,0,0,19.70556457,0,0,0,0,0,43.19667367,0,0,0,0,19.70556457,0,0,0,0,0,0,0,0,0,0,7.572830436,11.33678588,12.13273414,31.8598878,0,2.332175926,8.31712963,0,0,0,0,4.017361111,0,0,0,0,7,0,0,0,0,0,0,1,1,1,0,3,0,0,0,0,1,3.2731,39.719,0,0,0,0,0,0,0,0,0,0,0,0,0,0,0,0,0,0,0,0,0,0,0,0,0,0,0,0,0,0,0,0,0,0,0,0,0,0,0,0,0,0,0,0,2,0,0,0,0,0,0,0,0,0,0,0,0,0,0,0,0,0,0,0,0,0,0,0,0,0,0,0,0,0,0,0,0,0,0,0,0,0,1,0,0,1.142857143,1.571428571,1.714285714,0,0
E,22,FBrT,PM6:Y6,1,液体添加剂,ITO/2PACz/PM6:Y6/PDINN/Ag,FC(C(F)=C1Br)=C(S1)Br,0.85,26.78,78.6,17.7,1.22324106,12.31011574,12.31011574,0.186921296,-0.826967593,0.680366408,10.22222222,277.915,277.915,275.8055516,50,0,0.184570176,-0.201508259,0.201508259,0.184570176,79.91976546,10.59935724,2.13067151,-1.774651861,2.333867039,-1.718900811,9.11915427,0.50950137,1.984759608,3.292165666,210.2166615,7.016507858,3.920106183,7.908595842,4.125897658,1.914177236,4.316670357,1.277436277,4.93385481,0.717052589,3.101352451,0.340845244,2.827601573,0.52,109.1617784,7.625042017,2.635857288,1.32713377,71.13793241,0,7.572830436,11.63444168,0,0,0,0,8.780830095,0,11.33678588,0,31.8598878,0,0,8.780830095,43.19667367,0,0,0,0,0,19.20727212,0,0,0,8.780830095,0,43.19667367,0,0,11.63444168,0,7.572830436,0,0,0,0,11.63444168,8.780830095,0,7.572830436,0,11.33678588,0,0,0,31.8598878,0,24.99407407,6.659861111,0,0,0,-1.653935185,0,0,0,0,0,9,0,0,0,0,0,0,1,1,1,0,5,0,0,0,0,1,3.5513,39.635,0,0,0,0,0,0,0,0,0,0,0,0,0,0,0,0,0,0,0,0,0,0,0,0,0,0,0,0,0,0,0,0,0,0,0,0,0,0,0,0,0,0,0,0,4,0,0,0,0,0,0,0,0,0,0,0,0,0,0,0,0,0,0,0,0,0,0,0,0,0,0,0,0,0,0,0,0,0,0,0,0,0,1,0,0,1,1.333333333,1.444444444,0,0
E,24,DIO,PBDB-TF:eC9,1,液体添加剂, ITO/PEDOT:PSS/PBDB-TF:eC9/PDINN/Ag,ICCCCCCCCI,0.837,26.44,79.38,17.57,1.74E-06,2.454655993,2.454655993,1.337345679,1.337345679,0.360140031,10.2,366.024,349.896,365.9341465,62,0,-0.000472812,-0.086375917,0.086375917,0.000472812,126.9137216,10.13204741,1.878618147,-1.964807038,2.067504511,-1.799735234,14.10995232,0.63270578,1.967154472,2.647604849,47.21928095,7.656854249,6.412783196,10.72777978,4.914213562,4.034522484,7.085685828,2.499284817,4.656783108,1.517261242,3.042842914,0.896089018,1.974838163,1.46,175.076748,11.46,10.46,9.46,91.81752207,0,0,0,0,0,0,0,0,0,0,70.86502775,21.69674805,0,0,0,45.18174125,0,0,0,38.52492974,8.855104805,0,0,0,0,0,0,45.18174125,8.855104805,0,0,38.52492974,0,0,0,0,0,0,0,0,0,0,0,47.38003454,0,0,45.18174125,0,2.674691358,4.909311987,0,0,0,0,0,8.655996655,0,0,1,10,0,0,0,0,0,0,0,0,0,0,2,7,0,0,0,0,4.197,65.476,0,0,0,0,0,0,0,0,0,0,0,0,0,0,0,0,0,0,0,0,0,0,0,0,0,2,0,0,0,0,0,0,0,0,0,0,0,0,0,0,0,0,0,0,2,0,0,0,0,0,0,0,0,0,0,0,0,0,0,0,0,0,0,0,0,0,0,0,0,0,0,0,0,0,0,0,0,0,0,0,0,0,0,5,0,0.5,0.8,1.1,0,0
E,24,TMB,PBDB-TF:eC9,1,固体添加剂, ITO/PEDOT:PSS/PBDB-TF:eC9/PDINN/Ag,COC1=CC(OC)=CC(OC)=C1,0.854,27.26,79.95,18.61,1.40365194,5.039166667,5.039166667,0.727962963,0.727962963,0.687262559,9.25,168.192,156.096,168.0786442,66,0,0.125750929,-0.496480942,0.496480942,0.125750929,16.48558129,10.27908601,1.996996251,-2.061570079,2.261920025,-1.891191573,5.413268655,0.37513936,2.164363406,3.011257354,202.717893,8.974691495,7.456795679,7.456795679,5.795554958,3.569168115,3.569168115,2.252491919,2.252491919,1.560660172,1.560660172,0.899183887,0.899183887,-1.38,595.1999367,8.714161959,3.853322768,1.811987384,71.86686515,14.21058886,17.2485355,0,0,0,0,0,0,0,0,0,0,18.19910121,21.32939262,14.21058886,0,0,0,0,0,21.32939262,18.19910121,0,17.2485355,14.21058886,0,17.2485355,0,21.32939262,0,0,0,18.19910121,0,0,0,27.69,0,0,0,0,0,17.2485355,0,39.52849383,0,0,14.21058886,15.1175,0,0,0,0,2.183888889,5.3825,0,0,4.816111111,0.333333333,12,0,3,0,0,0,1,0,1,3,0,3,3,0,0,0,1,1.7124,46.098,0,0,0,0,0,0,0,0,0,0,0,0,0,0,0,0,0,0,0,0,0,0,0,0,0,0,0,0,0,0,0,0,0,0,1,0,0,0,0,0,0,3,0,0,0,0,0,0,0,0,0,0,0,0,0,3,0,0,0,0,0,0,0,0,0,0,0,0,0,0,0,0,0,0,0,0,0,0,0,0,0,0,0,0,0,0.666666667,0.916666667,1.083333333,0,0
E,24,DIO,PBDB-TF:HDO-4Cl:eC9,1,液体添加剂, ITO/PEDOT:PSS/PBDB-TF:HDO-4Cl:eC9/PDINN/Ag,ICCCCCCCCI,0.863,26.59,79.57,18.27,1.74E-06,2.454655993,2.454655993,1.337345679,1.337345679,0.360140031,10.2,366.024,349.896,365.9341465,62,0,-0.000472812,-0.086375917,0.086375917,0.000472812,126.9137216,10.13204741,1.878618147,-1.964807038,2.067504511,-1.799735234,14.10995232,0.63270578,1.967154472,2.647604849,47.21928095,7.656854249,6.412783196,10.72777978,4.914213562,4.034522484,7.085685828,2.499284817,4.656783108,1.517261242,3.042842914,0.896089018,1.974838163,1.46,175.076748,11.46,10.46,9.46,91.81752207,0,0,0,0,0,0,0,0,0,0,70.86502775,21.69674805,0,0,0,45.18174125,0,0,0,38.52492974,8.855104805,0,0,0,0,0,0,45.18174125,8.855104805,0,0,38.52492974,0,0,0,0,0,0,0,0,0,0,0,47.38003454,0,0,45.18174125,0,2.674691358,4.909311987,0,0,0,0,0,8.655996655,0,0,1,10,0,0,0,0,0,0,0,0,0,0,2,7,0,0,0,0,4.197,65.476,0,0,0,0,0,0,0,0,0,0,0,0,0,0,0,0,0,0,0,0,0,0,0,0,0,2,0,0,0,0,0,0,0,0,0,0,0,0,0,0,0,0,0,0,2,0,0,0,0,0,0,0,0,0,0,0,0,0,0,0,0,0,0,0,0,0,0,0,0,0,0,0,0,0,0,0,0,0,0,0,0,0,0,5,0,0.5,0.8,1.1,0,0
E,24,TMB,PBDB-TF:HDO-4Cl:eC9,1,固体添加剂, ITO/PEDOT:PSS/PBDB-TF:HDO-4Cl:eC9/PDINN/Ag,COC1=CC(OC)=CC(OC)=C1,0.883,27.27,80.17,19.3,1.40364208,5.039166667,5.039166667,0.727962963,0.727962963,0.687262559,9.25,168.192,156.096,168.0786442,66,0,0.125750929,-0.496480942,0.496480942,0.125750929,16.48558129,10.27908601,1.996996251,-2.061570079,2.261920025,-1.891191573,5.413268655,0.37513936,2.164363406,3.011257354,202.717893,8.974691495,7.456795679,7.456795679,5.795554958,3.569168115,3.569168115,2.252491919,2.252491919,1.560660172,1.560660172,0.899183887,0.899183887,-1.38,595.1999367,8.714161959,3.853322768,1.811987384,71.86686515,14.21058886,17.2485355,0,0,0,0,0,0,0,0,0,0,18.19910121,21.32939262,14.21058886,0,0,0,0,0,21.32939262,18.19910121,0,17.2485355,14.21058886,0,17.2485355,0,21.32939262,0,0,0,18.19910121,0,0,0,27.69,0,0,0,0,0,17.2485355,0,39.52849383,0,0,14.21058886,15.1175,0,0,0,0,2.183888889,5.3825,0,0,4.816111111,0.333333333,12,0,3,0,0,0,1,0,1,3,0,3,3,0,0,0,1,1.7124,46.098,0,0,0,0,0,0,0,0,0,0,0,0,0,0,0,0,0,0,0,0,0,0,0,0,0,0,0,0,0,0,0,0,0,0,1,0,0,0,0,0,0,3,0,0,0,0,0,0,0,0,0,0,0,0,0,3,0,0,0,0,0,0,0,0,0,0,0,0,0,0,0,0,0,0,0,0,0,0,0,0,0,0,0,0,0,0.666666667,0.916666667,1.083333333,0,0
E,25,DICO,PM6 : L8-BO,1,液体添加剂,ITO/PEDOT:PSS / PM6 : L8-BO / PDINN/Ag,IC1CCCC(I)CCC1,0.887,26.85,80.1,19.1,0.61385859,2.603396296,2.603396296,0.973611111,0.973611111,0.451303832,36.6,364.008,349.896,363.9184964,60,0,0.01096087,-0.082622142,0.082622142,0.01096087,126.9137225,10.00985988,2.112633998,-2.164649453,2.258884402,-2.068575609,14.11050848,0.54069776,1.839327494,2.20743129,73.25838097,7.397341225,6.153270172,10.46826675,4.7876937,4.069428942,6.560693381,3.056370989,6.579550945,2.069428942,4.560693381,1.410334364,3.171924342,1.46,176.5754394,9.547260035,5.166826015,3.737160438,90.81169092,0,0,0,0,0,0,0,0,0,0,58.0233845,25.68328649,7.849273651,0,0,45.18174125,0,0,0,46.37420339,0,0,0,0,0,0,0,45.18174125,7.849273651,0,0,38.52492974,0,0,0,0,0,0,0,0,0,0,7.849273651,38.52492974,0,0,45.18174125,0,1.947222222,5.206792593,0,0,0,0,0,8.752651852,0,0,1,10,0,0,1,0,1,0,0,0,0,0,2,0,1,0,1,1,3.9478,63.318,0,0,0,0,0,0,0,0,0,0,0,0,0,0,0,0,0,0,0,0,0,0,0,0,0,2,0,0,0,0,0,0,0,0,0,0,0,0,0,0,0,0,0,0,2,0,0,0,0,0,0,0,0,0,0,0,0,0,0,0,0,0,0,0,0,0,0,0,0,0,0,0,0,0,0,0,0,0,0,0,0,0,0,0,0,0.7,1,1.3,0,0
E,26,TPFPP,PM6:BTP-eC9,1,固体添加剂,ITO/PEDOT:PSS/PM6:BTP-eC9/PFN - Br/Ag,FC1=C(F)C(F)=C(F)C(P(C2=C(F)C(F)=C(F)C(F)=C2F)C3=C(F)C(F)=C(F)C(F)=C3F)=C1F,0.8,25.7,80,16.8,0.89731757,14.39390495,14.39390495,2.613133031,-4.89537037,0.180317278,11.64705882,532.142,532.142,531.9498099,182,0,0.200068944,-0.202788909,0.202788909,0.200068944,31.13153105,10.25964114,2.422249243,-2.234624168,2.42005633,-2.360259148,7.794874978,0.381196693,2.807977345,2.679042576,1114.674848,25.96965511,15.11668069,16.01110788,15.66025404,8.005553941,9.347194727,6.090964137,8.103425317,4.230715069,6.750268801,2.704314007,5.14200382,-2.96,16134637.82,25.65910429,8.674859941,3.476592316,177.528308,0,0,69.80665009,17.45166252,0,0,0,65.85622572,0,0,0,0,7.921588092,15.91361969,65.85622572,23.83520778,0,0,0,0,0,87.25831262,0,0,15.91361969,65.85622572,0,7.921588092,0,0,87.25831262,0,0,0,0,0,0,111.0935204,65.85622572,0,0,0,0,0,0,0,0,0,208.7321844,0,0,-7.839399093,0,-44.92334089,0,0,0,-4.89537037,0,34,0,0,0,0,0,3,0,3,0,0,16,3,0,0,0,3,5.5313,84.518,0,0,0,0,0,0,0,0,0,0,0,0,0,0,0,0,0,0,0,0,0,0,0,0,0,0,0,0,0,0,0,0,0,0,3,0,0,0,0,0,0,0,0,0,15,0,0,0,0,0,0,0,0,0,0,0,0,0,0,0,0,0,0,0,0,0,0,0,0,0,0,0,0,0,0,0,0,0,0,0,0,0,0,0,0,0.205882353,0.323529412,0.470588235,0,0
E,27,1-CN,P3HT:MOT,1,液体添加剂,ITO/PEDOT:PSS/P3HT:MOT/PDINN/Ag,ClC1=CC=CC2=CC=CC=C21,0.689,15.2,54.9,5.75,0.83984914,5.957037037,5.957037037,0.822314815,0.822314815,0.55644797,10.27272727,162.619,155.563,162.0236279,54,0,0.048389036,-0.083664219,0.083664219,0.048389036,35.49569104,10.12844457,1.934419766,-1.966428521,2.214722752,-1.704476637,6.349799888,1.748124801,2.05595014,2.913161164,374.0344904,7.681798276,5.919416357,6.675345303,5.377010098,3.510349442,3.888313915,2.460971502,2.868171629,1.736428508,2.066016729,1.185882541,1.430724861,-1.01,505.7637346,6.684816447,2.554171088,1.099229702,70.41633388,0,0,0,0,0,0,0,0,0,0,47.9991423,11.45259128,10.40885753,0,0,22.37338832,0,0,0,0,0,47.48720279,0,0,0,0,0,11.60093989,0,0,0,0,42.46456948,5.022633314,10.77244843,0,0,0,0,0,0,0,10.40885753,5.386224214,0,30.33183534,12.13273414,11.60093989,0,5.957037037,0,3.13867284,0,0,14.01540123,0,0,0,0,11,0,0,0,0,0,2,0,2,0,0,1,0,0,0,0,2,3.4932,48.958,0,0,0,0,0,0,0,0,0,0,0,0,0,0,0,0,0,0,0,0,0,0,0,0,0,0,0,0,0,0,0,0,0,0,2,0,1,0,0,0,0,0,0,0,1,0,0,0,0,0,0,0,0,0,0,0,0,0,0,0,0,0,0,0,0,0,0,0,0,0,0,0,0,0,0,0,0,0,0,0,0,0,0,0,0,0.818181818,1.545454545,2.363636364,0,0
E,27,1-PN,P3HT:MOT,1,液体添加剂,ITO/PEDOT:PSS/P3HT:MOT/PDINN/Ag,C12=CC=CC=C1C(C3=CC=CC=C3)=CC=C2,0.689,16.7,60.7,6.98,0,2.178240741,2.178240741,1.27712963,1.27712963,0.546879427,10.5,204.272,192.176,204.0939004,76,0,-0.010541545,-0.062225389,0.062225389,0.010541545,14.04830846,9.984865371,2.007674845,-2.056297138,2.273766912,-1.79475265,5.959939073,1.650931264,2.390502728,2.323448832,603.7741659,10.79468245,8.92820323,8.92820323,7.949489743,5.482050808,5.482050808,3.89273441,3.89273441,2.874429817,2.874429817,2.094847746,2.094847746,-2.08,9581.134933,9.168074544,3.820620704,1.486765797,95.17016186,0,0,0,0,0,0,0,0,0,0,72.79640482,21.89935141,0,0,0,10.77244843,0,0,0,0,0,72.79640482,0,11.12690298,0,0,0,0,0,0,0,0,72.79640482,0,21.89935141,0,0,0,0,0,0,0,0,21.89935141,0,0,72.79640482,0,0,0,0,2.611160242,2.581481481,0,25.47402494,0,0,0,0,16,0,0,0,0,0,3,0,3,0,0,0,1,0,0,0,3,4.5068,69.384,0,0,0,0,0,0,0,0,0,0,0,0,0,0,0,0,0,0,0,0,0,0,0,0,0,0,0,0,0,0,0,0,0,0,3,0,1,0,0,0,0,0,0,0,0,0,0,0,0,0,0,0,0,0,0,0,0,0,0,0,0,0,0,0,0,0,0,0,0,0,0,0,0,0,0,0,0,0,0,0,0,0,0,0,0,0.5,1.1875,2.0625,0,0
E,27,1-MN,P3HT:MOT,1,液体添加剂,ITO/PEDOT:PSS/P3HT:MOT/PDINN/Ag,COC1=CC=CC2=CC=CC=C21,0.689,16,55.6,6.12,1.02988835,5.227453704,5.227453704,0.938055556,0.938055556,0.619693797,10.08333333,158.2,148.12,158.0731649,60,0,0.126180342,-0.496114155,0.496114155,0.126180342,16.46560678,10.11309301,1.964811197,-2.028557893,2.236286731,-1.827163481,5.875961957,0.41958575,2.168542907,2.79096703,387.631175,8.388905057,6.949700175,6.949700175,5.9150149,3.933739641,3.933739641,2.681408787,2.681408787,1.969545584,1.969545584,1.373689329,1.373689329,-1.5,902.1138495,7.165406427,2.856919875,1.034342888,71.591555,4.736862954,5.749511833,0,0,0,0,0,0,0,0,36.39820241,11.45259128,5.386224214,7.109797541,4.736862954,10.77244843,0,0,0,0,7.109797541,42.46456948,0,5.749511833,4.736862954,0,5.749511833,0,7.109797541,0,0,0,42.46456948,0,10.77244843,0,9.23,0,0,0,0,0,5.749511833,10.77244843,7.109797541,24.26546827,18.19910121,4.736862954,5.227453704,0,0,2.388287037,0,0.938055556,14.25,0,0,1.696203704,0.090909091,12,0,1,0,0,0,2,0,2,1,0,1,1,0,0,0,2,2.8484,50.5,0,0,0,0,0,0,0,0,0,0,0,0,0,0,0,0,0,0,0,0,0,0,0,0,0,0,0,0,0,0,0,0,0,0,2,0,1,0,0,0,0,1,0,0,0,0,0,0,0,0,0,0,0,0,0,1,0,0,0,0,0,0,0,0,0,0,0,0,0,0,0,0,0,0,0,0,0,0,0,0,0,0,0,0,0,0.916666667,1.666666667,2.5,0,0
E,28,PBM,PM6:Y6,1,难挥发性固体添加剂,TO/ZnO/PM6:Y6/MoO3​/Ag,CC(S1)=CC=C1C(S2)=CC3=C2C(C(S4)=CC=C4CC(CC)CCCC)=C(C=C5C(S6)=CC=C6C(S7)=CC8=C7C(C(C(N9CCCCCCCC)=O)=C%10C9=O)=C(C(S%11)=C%10C=C%11C)C(C%12=O)=C8C(N%12CCCCCCCC)=O)C(S5)=C3C%13=CC=C(S%13)CC(CCCC)CC,0.83,27.48,70.31,16.1,0.28464127,15.26054751,15.26054751,0.254318659,-0.293852774,0.04057273,13.04347826,1372.092,1285.404,1370.435327,480,0,0.26175371,-0.274306559,0.274306559,0.26175371,32.14324367,9.949445344,2.30877376,-2.129687888,2.562035584,-2.250339727,7.311780146,0.451702544,1.482704067,0.997383876,4903.158828,63.89730806,54.84687319,61.37884584,44.8531705,34.46073833,40.99271097,26.06698279,35.18823625,19.55100333,29.0000379,14.4668754,23.86309704,-5.16,4.60E+24,65.49886272,28.655123,12.45230607,572.5038161,0,0,0,0,22.23706758,0,28.31234803,0,0,90.69428702,157.1172124,124.1629778,133.8592071,21.54489686,0,163.3562088,0,9.134199296,11.83581209,209.7374861,0,133.7202099,0,50.14408053,22.23706758,0,0,90.69428702,9.134199296,25.93115606,25.68328649,189.4674444,91.97455356,0,122.8060023,0,78.14,0,4.794537184,14.38361155,22.23706758,68.01511862,101.0811409,148.5359315,34.01035763,69.67403366,115.1961982,0,7.244419407,14.6702024,75.62862673,6.99727791,1.590447835,1.350670203,27.91819927,24.568998,18.69782491,0,0.435897436,92,0,6,0,0,0,3,10,13,14,0,14,31,0,0,0,13,25.36104,412.858,0,0,0,0,0,2,0,0,0,0,0,0,0,0,0,2,0,0,0,0,0,0,0,0,0,0,0,0,0,0,2,0,0,0,3,0,13,0,0,0,0,0,0,0,0,0,0,0,0,0,0,0,0,0,0,0,0,0,0,0,0,0,0,0,0,0,0,0,0,0,0,0,0,0,0,0,0,0,0,0,0,0,8,12,0,0.326086957,0.717391304,1.173913043,0,0
E,28,PFBM,PM6:Y6,1,难挥发性固体添加剂,TO/ZnO/PM6:Y6/MoO3​/Ag,CC(S1)=CC=C1C(S2)=CC3=C2C(C(S4)=CC(F)=C4CC(CC)CCCC)=C(C=C5C(S6)=CC=C6C(S7)=CC8=C7C(C(C(N9CCCCCCCC)=O)=C%10C9=O)=C(C(S%11)=C%10C=C%11C)C(C%12=O)=C8C(N%12CCCCCCCC)=O)C(S5)=C3C%13=CC(F)=C(S%13)CC(CCCC)CC,0.83,26.82,71.48,16,1.2318377,16.80450037,16.80450037,0.150437078,-0.335077903,0.040572703,13.04255319,1408.072,1323.4,1406.416484,492,0,0.26175371,-0.274306559,0.274306559,0.26175371,32.14324583,9.947459443,2.315759388,-2.130009685,2.56618054,-2.250339727,7.311835613,0.444207956,1.448334057,1.011213294,5024.590688,65.63779504,55.4481016,61.98007425,45.67453771,34.67203613,41.20400878,26.2985935,35.35669073,19.71082782,29.20966109,14.51605477,23.97156795,-5.3,3.39E+24,67.27657372,29.02761028,12.61172802,580.8348869,0,11.63444168,0,0,22.23706758,0,28.31234803,8.780830095,0,90.69428702,157.1172124,112.0302437,133.8592071,21.54489686,8.780830095,163.3562088,0,9.134199296,11.83581209,209.7374861,0,133.2219175,0,50.14408053,22.23706758,8.780830095,0,90.69428702,9.134199296,25.93115606,37.31772817,189.4674444,79.84181942,0,122.8060023,0,78.14,0,4.794537184,23.16444165,33.87150926,93.69840511,205.0452922,41.56206544,80.1534494,12.99010427,90.93072988,0,40.11269532,13.11174174,72.43872126,6.048075307,0.775382302,0.483863547,20.89371636,22.10341497,18.0323892,0,0.435897436,94,0,6,0,0,0,3,10,13,14,0,16,31,0,0,0,13,25.63924,412.774,0,0,0,0,0,2,0,0,0,0,0,0,0,0,0,2,0,0,0,0,0,0,0,0,0,0,0,0,0,0,2,0,0,0,3,0,13,0,0,0,0,0,0,0,2,0,0,0,0,0,0,0,0,0,0,0,0,0,0,0,0,0,0,0,0,0,0,0,0,0,0,0,0,0,0,0,0,0,0,0,0,0,8,12,0,0.35106383,0.744680851,1.191489362,0,0
E,29,PID,PM6:Y6,1,难挥发性固体添加剂,glass/ITO/ZnO/PM6:Y6/MoOx​/Ag,O=C(/C1=C/C2=CC=C(OC3=CC=CC=C3)C=C2)C4=CC=CC=C4C1=O,0.83,25.5,74,15.9,1.55965819,12.40581823,12.40581823,0.206414575,-0.217396216,0.505523384,12.88,326.351,312.239,326.0942943,120,0,0.197240346,-0.457383851,0.457383851,0.197240346,16.48053937,10.07044722,2.318159343,-2.051573738,2.281557021,-1.996518171,6.40818548,0.099030665,2.894369809,1.584187135,946.2956228,17.22540387,13.30764864,13.30764864,12.22034669,7.953247927,7.953247927,5.74599497,5.74599497,4.075578334,4.075578334,2.826879392,2.826879392,-3.46,910684.5168,15.09028565,6.208900656,2.876788238,144.7465152,4.736862954,11.49902367,11.56648989,0,0,0,9.589074368,0,0,0,54.59730362,35.90493987,11.12690298,5.57310453,14.32593732,17.64251,0,0,0,0,0,101.1262309,0,11.49902367,4.736862954,0,11.49902367,0,11.56648989,0,0,26.27942884,84.43587642,0,6.076020107,0,43.37,0,9.589074368,0,17.13959442,16.87641482,11.31296332,0,30.34148838,54.59730362,0,4.736862954,5.741681091,0,24.81163646,0,1.938340478,1.015127715,23.69067079,1.635876795,0,0,0,25,0,3,1,0,1,3,0,3,3,0,3,3,0,0,0,4,4.9415,96.038,0,0,0,0,0,0,0,0,0,0,2,2,0,0,0,0,0,0,0,0,0,0,0,0,0,0,1,0,0,0,0,0,0,0,3,0,1,0,0,0,0,1,0,0,0,0,0,0,0,0,0,2,2,0,0,0,0,0,0,0,0,0,0,0,1,0,0,0,0,0,0,0,0,0,0,0,0,0,0,0,0,0,0,0,0,0.6,1.12,1.72,0,0
E,30,DMN,PM6/Y6(o-XY ),1,液体添加剂,ITO/PEDOT:PSS/LBL PM6：Y6 (o-XY )/ZnO/Al,CC1=C(C)C=CC2=CC=CC=C21,0.849,25.22,75.41,16.15,0,2.178240741,2.178240741,1.333888889,1.333888889,0.547649245,10.5,156.228,144.132,156.0939004,60,0,-0.015209248,-0.061629377,0.061629377,0.015209248,14.01717694,10.01349291,1.967940854,-2.036070317,2.198830143,-1.816306345,5.858659868,1.379778593,2.121216487,2.907774507,413.3078662,8.552041764,7.464101615,7.464101615,5.7876937,4.238033872,4.238033872,3.228596484,3.228596484,2.469194893,2.469194893,1.536048595,1.536048595,-1.3,770.0015849,7.354540142,2.632554054,1.001034369,72.84295188,0,0,0,0,0,0,0,0,0,0,36.39820241,35.74682581,0,0,0,10.77244843,0,0,0,13.8474744,0,47.52510539,0,0,0,0,0,0,0,0,13.8474744,11.12690298,36.39820241,0,10.77244843,0,0,0,0,0,0,0,0,21.89935141,0,0,50.24567681,0,0,0,0,2.706574074,2.765555556,0,12.86175926,0,4.332777778,0,0.166666667,12,0,0,0,0,0,2,0,2,0,0,0,0,0,0,0,2,3.45664,53.422,0,0,0,0,0,0,0,0,0,0,0,0,0,0,0,0,0,0,0,0,0,0,0,0,0,0,0,0,0,0,2,0,0,0,2,0,1,0,0,0,0,0,0,0,0,0,0,0,0,0,0,0,0,0,0,0,0,0,0,0,0,0,0,0,0,0,0,0,0,0,0,0,0,0,0,0,0,0,0,0,0,0,0,0,0,0.833333333,1.583333333,2.416666667,0,0
E,31,PDMDP, PM6:BTP-eC9 ,1,液体添加剂,ITO/PEDOT:PSS / PM6:BTP-eC9 / PDINN/Ag,C[Si](O[Si](C1=CC=CC=C1)(O[Si](C2=CC=CC=C2)(O)C3=CC=CC=C3)C4=CC=CC=C4)(C)O[Si](C5=CC=CC=C5)(O)C6=CC=CC=C6,0.827,26.01,74.56,16.04,2.06107419,13.00293521,13.00293521,0.706832886,-3.936656036,0.193245,12.5106383,687.061,648.757,686.1796304,236,0,0.395557016,-0.40883329,0.40883329,0.395557016,28.501535,10.35825183,2.5680538,-2.439434646,2.242218353,-2.771112591,7.066539919,0.29687749,3.129194073,1.549750046,1729.474392,32.79862539,26.43968014,30.43968014,22.75235064,15.63606008,23.97997702,11.80678625,24.32927283,8.042416975,23.28848415,5.894314235,22.86735102,-4.012467532,45557060332,32.90988648,13.99779856,6.992426683,280.8864388,21.93678023,0,0,0,0,34.24365682,0,0,0,0,181.9910121,44.21437658,0,0,21.93678023,65.36401069,0,0,0,13.09402271,0,181.9910121,0,0,31.12035387,0,0,0,43.83499575,12.3454413,0,0,181.9910121,13.09402271,0,0,68.15,34.24365682,9.591338934,0,0,10.37345129,20.74690258,0,0,195.0850348,0,12.3454413,21.91089963,0,25.62436499,4.525192255,0,0,58.18492283,0,3.915643109,-14.88324504,0.052631579,47,2,5,0,0,0,6,0,6,5,2,9,12,0,0,0,6,3.4924,198.8926,0,0,0,0,0,0,0,0,0,0,0,0,0,0,0,0,0,0,0,0,0,0,0,0,0,0,0,0,0,0,0,0,0,0,6,0,0,0,0,0,0,0,0,0,0,0,0,0,0,0,0,0,0,0,0,0,0,0,0,0,0,0,0,0,0,0,0,0,0,0,0,0,0,0,0,0,0,0,0,0,0,0,0,0,0,0.319148936,0.553191489,0.829787234,0,0
E,31,CN + PDMDP, PM6:BTP-eC9 ,2,双添加剂,ITO/PEDOT:PSS / PM6:BTP-eC9 / PDINN/Ag,ClC1=CC=CC2=CC=CC=C21,0.827,26.35,73.74,16.06,0.83984921,5.957037037,5.957037037,0.822314815,0.822314815,0.55644797,10.27272727,162.619,155.563,162.0236279,54,0,0.048389036,-0.083664219,0.083664219,0.048389036,35.49569104,10.12844457,1.934419766,-1.966428521,2.214722752,-1.704476637,6.349799888,1.748124801,2.05595014,2.913161164,374.0344904,7.681798276,5.919416357,6.675345303,5.377010098,3.510349442,3.888313915,2.460971502,2.868171629,1.736428508,2.066016729,1.185882541,1.430724861,-1.01,505.7637346,6.684816447,2.554171088,1.099229702,70.41633388,0,0,0,0,0,0,0,0,0,0,47.9991423,11.45259128,10.40885753,0,0,22.37338832,0,0,0,0,0,47.48720279,0,0,0,0,0,11.60093989,0,0,0,0,42.46456948,5.022633314,10.77244843,0,0,0,0,0,0,0,10.40885753,5.386224214,0,30.33183534,12.13273414,11.60093989,0,5.957037037,0,3.13867284,0,0,14.01540123,0,0,0,0,11,0,0,0,0,0,2,0,2,0,0,1,0,0,0,0,2,3.4932,48.958,0,0,0,0,0,0,0,0,0,0,0,0,0,0,0,0,0,0,0,0,0,0,0,0,0,0,0,0,0,0,0,0,0,0,2,0,1,0,0,0,0,0,0,0,1,0,0,0,0,0,0,0,0,0,0,0,0,0,0,0,0,0,0,0,0,0,0,0,0,0,0,0,0,0,0,0,0,0,0,0,0,0,0,0,0,0.818181818,1.545454545,2.363636364,0,0
E,31,CN + PDMDP, PM6:BTP-eC9 ,2,双添加剂,ITO/PEDOT:PSS / PM6:BTP-eC9 / PDINN/Ag,C[Si](O[Si](C1=CC=CC=C1)(O[Si](C2=CC=CC=C2)(O)C3=CC=CC=C3)C4=CC=CC=C4)(C)O[Si](C5=CC=CC=C5)(O)C6=CC=CC=C6,0.827,26.35,73.74,16.06,2.06107419,13.00293521,13.00293521,0.706832886,-3.936656036,0.193245,12.5106383,687.061,648.757,686.1796304,236,0,0.395557016,-0.40883329,0.40883329,0.395557016,28.501535,10.35825183,2.5680538,-2.439434646,2.242218353,-2.771112591,7.066539919,0.29687749,3.129194073,1.549750046,1729.474392,32.79862539,26.43968014,30.43968014,22.75235064,15.63606008,23.97997702,11.80678625,24.32927283,8.042416975,23.28848415,5.894314235,22.86735102,-4.012467532,45557060332,32.90988648,13.99779856,6.992426683,280.8864388,21.93678023,0,0,0,0,34.24365682,0,0,0,0,181.9910121,44.21437658,0,0,21.93678023,65.36401069,0,0,0,13.09402271,0,181.9910121,0,0,31.12035387,0,0,0,43.83499575,12.3454413,0,0,181.9910121,13.09402271,0,0,68.15,34.24365682,9.591338934,0,0,10.37345129,20.74690258,0,0,195.0850348,0,12.3454413,21.91089963,0,25.62436499,4.525192255,0,0,58.18492283,0,3.915643109,-14.88324504,0.052631579,47,2,5,0,0,0,6,0,6,5,2,9,12,0,0,0,6,3.4924,198.8926,0,0,0,0,0,0,0,0,0,0,0,0,0,0,0,0,0,0,0,0,0,0,0,0,0,0,0,0,0,0,0,0,0,0,6,0,0,0,0,0,0,0,0,0,0,0,0,0,0,0,0,0,0,0,0,0,0,0,0,0,0,0,0,0,0,0,0,0,0,0,0,0,0,0,0,0,0,0,0,0,0,0,0,0,0,0.319148936,0.553191489,0.829787234,0,0
E,33,CNPz,PTQ10:m-BTP-PhC6,1,固体添加剂,ITO/PEDOT:PSS / PTQ10:m-BTP-PhC6 / PFN-Br/Ag,BrC1=NC=C(Br)N=C1C#N,0.884,27.20 ,81.8,19.67,3.5609215,8.439537037,8.439537037,0.286458333,0.286458333,0.717381346,8.9,262.892,261.884,260.8537212,50,0,0.174042549,-0.243448406,0.243448406,0.174042549,79.91976137,10.50294706,1.9997134,-1.909109492,2.121464914,-1.873263948,9.104822781,1.098716985,1.941716717,3.254643547,291.4348044,7.560477932,4.674920002,7.84691308,4.736382105,2.319265688,3.905262227,1.443946243,3.007562357,0.804341984,1.766733704,0.424012414,0.983403294,-0.47,190.2882383,7.634931794,3.080610856,1.520863055,74.36331609,0,15.27561335,5.693927995,0,0,0,0,9.967957042,5.261891555,0,0,31.8598878,0,6.196843572,0,31.8598878,5.261891555,9.967957042,0,0,0,21.0971636,0,6.069221313,0,0,0,31.8598878,9.967957042,0,11.33111287,5.693927995,15.40323561,0,0,0,49.57,0,0,0,5.693927995,9.206392038,0,6.196843572,0,6.069221313,41.82784484,5.261891555,1.032824074,6.165162037,7.671666667,8.439537037,0.286458333,0,1.885578704,1.518773148,0,0,0,10,0,3,0,0,0,0,1,1,3,0,5,0,0,0,0,1,1.87328,42.147,0,0,0,0,0,2,0,0,0,0,0,0,0,0,0,3,0,0,0,0,0,0,0,0,0,0,0,0,0,0,0,0,0,0,0,0,0,0,0,0,0,0,0,0,2,0,0,0,0,0,0,0,0,0,0,0,0,1,0,0,0,0,0,0,0,0,0,0,0,0,0,0,0,0,0,0,0,0,0,0,0,0,0,0,0,1.5,2.2,2.7,0,0
E,33,DCNPz,PTQ10:m-BTP-PhC6,1,固体添加剂,ITO/PEDOT:PSS / PTQ10:m-BTP-PhC6 / PFN-Br/Ag,BrC1=NC(C#N)=C(Br)N=C1C#N,0.884,26.19,79.2,18.34,3.27E-05,8.520224868,8.520224868,0.153587963,0.153587963,0.728495187,8.666666667,287.902,287.902,285.8489702,58,0,0.174150697,-0.224217343,0.224217343,0.174150697,79.91976144,10.42812538,2.079369793,-1.951869818,2.168084618,-1.940727309,9.104988154,1.071047443,2.078756657,3.409439747,361.4847168,9.137828202,5.544783328,8.716776406,5.68507051,2.71960526,4.305601799,1.726047076,3.22832456,1.022538964,2.128317313,0.536735949,1.246015164,-0.98,500.9803543,9.110744102,3.613607104,1.603741062,85.12083788,0,21.34483466,11.38785599,0,0,0,0,9.967957042,10.52378311,0,0,31.8598878,0,0,0,31.8598878,10.52378311,9.967957042,0,0,0,20.59424803,0,12.13844263,0,0,0,31.8598878,9.967957042,0,22.66222574,11.38785599,9.206392038,0,0,0,73.36,0,0,0,20.59424803,0,0,0,0,12.13844263,41.82784484,10.52378311,0.564351852,6.02837963,7.571342593,17.04044974,0.307175926,0,3.654966931,0,0,0,0,12,0,4,0,0,0,0,1,1,4,0,6,0,0,0,0,1,1.74496,46.862,0,0,0,0,0,2,0,0,0,0,0,0,0,0,0,4,0,0,0,0,0,0,0,0,0,0,0,0,0,0,0,0,0,0,0,0,0,0,0,0,0,0,0,0,2,0,0,0,0,0,0,0,0,0,0,0,0,2,0,0,0,0,0,0,0,0,0,0,0,0,0,0,0,0,0,0,0,0,0,0,0,0,0,0,0,0.916666667,1.25,1.5,0,0
E,34,DBTP,PM6:PY-DT,1,挥发性固体添加剂,ITO/2PACz/PM6:PY-DT/PNDIT-F3N/Ag,C12=CC=CC=C1SC3=C2C=CC=C3,0.952,25.21,76.5,15.36,0.14256772,2.188657407,2.188657407,1.37787037,1.37787037,0.494058196,11.07692308,184.263,176.199,184.0346713,62,0,0.035489232,-0.135191076,0.135191076,0.035489232,32.13350339,10.15196149,2.0070197,-1.87631784,2.322943827,-1.624745561,7.253646259,1.840401963,2.559015159,2.64243826,512.8841359,8.673362107,7.027050444,7.843547025,6.449489743,4.312948829,5.12944541,3.094380908,4.178157864,2.284206705,3.436025044,1.674766436,2.780816757,-1.34,2395.238189,7.100869988,2.573620045,0.973286314,80.43509545,0,0,0,0,0,0,0,0,0,11.33678588,36.39820241,12.13273414,20.17228826,0,0,31.50907414,0,0,0,0,0,48.53093655,0,0,0,0,0,11.33678588,0,0,0,0,48.53093655,0,20.17228826,0,0,0,0,0,0,0,0,20.17228826,0,11.33678588,48.53093655,0,2.756851852,1.861666667,0,2.755740741,0,0,17.12574074,0,0,0,0,13,0,0,0,0,0,2,1,3,1,0,1,0,0,0,0,3,4.0545,59.331,0,0,0,0,0,0,0,0,0,0,0,0,0,0,0,0,0,0,0,0,0,0,0,0,0,0,0,0,0,0,0,0,0,0,2,0,3,0,0,0,0,0,0,0,0,0,0,0,0,0,0,0,0,0,0,0,0,0,0,0,0,0,0,0,0,0,0,0,0,0,0,0,0,0,0,0,0,0,0,0,0,0,1,0,0,0.615384615,1.076923077,1.615384615,0,0
E,34,4-BDBTP,PM6:PY-DT,1,挥发性固体添加剂,ITO/2PACz/PM6:PY-DT/PNDIT-F3N/Ag,BrC1=CC=CC2=C1SC3=CC=CC=C32,0.951,25.85,78.5,19.30 ,0.60085956,3.585357615,3.585357615,1.190925926,1.190925926,0.545263396,11.21428571,263.159,256.103,261.9451833,68,0,0.04969929,-0.133997,0.133997,0.04969929,79.91873104,10.15133129,2.049198351,-1.915089721,2.369160458,-1.65436988,9.104152417,1.797692894,2.585321754,2.632728847,609.8208026,9.543605595,7.327664648,9.730157768,6.860173345,4.418597732,6.028092582,3.214741824,5.121277564,2.356236175,4.499378103,1.712775343,3.429751255,-0.86,3513.452263,8.448526845,3.073504373,1.108841205,94.30264306,0,0,0,0,0,0,0,0,0,11.33678588,30.33183534,28.06267803,24.64500778,0,0,47.43901804,0,0,0,0,0,46.937289,0,0,0,0,0,27.26672978,0,0,0,0,46.937289,0,20.17228826,0,0,0,0,0,0,0,0,24.64500778,0,11.33678588,58.39451338,0,3.888240741,5.426769652,0,2.702569444,0,0,14.89908683,0,0,0,0,14,0,0,0,0,0,2,1,3,1,0,2,0,0,0,0,3,4.817,67.031,0,0,0,0,0,0,0,0,0,0,0,0,0,0,0,0,0,0,0,0,0,0,0,0,0,0,0,0,0,0,0,0,0,0,2,0,3,0,0,0,0,0,0,0,1,0,0,0,0,0,0,0,0,0,0,0,0,0,0,0,0,0,0,0,0,0,0,0,0,0,0,0,0,0,0,0,0,0,0,0,0,0,1,0,0,0.857142857,1.642857143,2.571428571,0,0
F,1,DIO(0.5%)(with o-DCB),PBDT-ST:ITIC-2F = 1:1,1,卤代添加剂,ITO/ZnO(30 nm)/PBDT-ST:ITIC-2F = 1:1(100 nm)/MoO₃(8.5 nm)/Ag(100 nm),ICCCCCCCCI,0.91,16.23,70.51,10.48,1.74E-06,2.454655993,2.454655993,1.337345679,1.337345679,0.360140031,10.2,366.024,349.896,365.9341465,62,0,-0.000472812,-0.086375917,0.086375917,0.000472812,126.9137216,10.13204741,1.878618147,-1.964807038,2.067504511,-1.799735234,14.10995232,0.63270578,1.967154472,2.647604849,47.21928095,7.656854249,6.412783196,10.72777978,4.914213562,4.034522484,7.085685828,2.499284817,4.656783108,1.517261242,3.042842914,0.896089018,1.974838163,1.46,175.076748,11.46,10.46,9.46,91.81752207,0,0,0,0,0,0,0,0,0,0,70.86502775,21.69674805,0,0,0,45.18174125,0,0,0,38.52492974,8.855104805,0,0,0,0,0,0,45.18174125,8.855104805,0,0,38.52492974,0,0,0,0,0,0,0,0,0,0,0,47.38003454,0,0,45.18174125,0,2.674691358,4.909311987,0,0,0,0,0,8.655996655,0,0,1,10,0,0,0,0,0,0,0,0,0,0,2,7,0,0,0,0,4.197,65.476,0,0,0,0,0,0,0,0,0,0,0,0,0,0,0,0,0,0,0,0,0,0,0,0,0,2,0,0,0,0,0,0,0,0,0,0,0,0,0,0,0,0,0,0,2,0,0,0,0,0,0,0,0,0,0,0,0,0,0,0,0,0,0,0,0,0,0,0,0,0,0,0,0,0,0,0,0,0,0,0,0,0,0,5,0,0.5,0.8,1.1,0,0
F,1,DPE(0.5%)(with o-xy),PBDT-ST:ITIC-2F = 1:1,1,非卤代溶剂添加剂,ITO/ZnO(30 nm)/PBDT-ST:ITIC-2F = 1:1(100 nm)/MoO₃(8.5 nm)/Ag(100 nm),C1(OC2=CC=CC=C2)=CC=CC=C1,0.9,17.83,69.36,11.14,1.67085466,5.578333333,5.578333333,0.869166667,0.869166667,0.670036385,9.538461538,170.211,160.131,170.0731649,64,0,0.126927749,-0.457384598,0.457384598,0.126927749,16.48049519,10.30635327,1.919851315,-2.031129692,2.188761331,-1.809828901,5.29659759,0.482496726,2.207941986,2.161475751,315.8986487,8.932875131,7.181750982,7.181750982,6.449489743,4.229615496,4.229615496,2.728167132,2.728167132,1.722112591,1.722112591,1.113155983,1.113155983,-1.76,1589.71823,7.866895638,3.764211048,2.089799938,77.60204256,4.736862954,11.49902367,0,0,0,0,0,0,0,0,36.39820241,24.26546827,0,0,4.736862954,0,0,0,0,0,0,60.66367068,0,11.49902367,4.736862954,0,11.49902367,0,0,0,0,0,60.66367068,0,0,0,9.23,0,0,0,0,0,11.49902367,0,0,60.66367068,0,4.736862954,5.578333333,0,0,0,0,1.738333333,19.51666667,0,0,0,0,13,0,1,0,0,0,2,0,2,1,0,1,2,0,0,0,2,3.4789,52.958,0,0,0,0,0,0,0,0,0,0,0,0,0,0,0,0,0,0,0,0,0,0,0,0,0,0,0,0,0,0,0,0,0,0,2,0,0,0,0,0,0,1,0,0,0,0,0,0,0,0,0,0,0,0,0,0,0,0,0,0,0,0,0,0,2,0,0,0,0,0,0,0,0,0,0,0,0,0,0,0,0,0,0,0,0,0.538461538,0.923076923,1.307692308,0,0
F,2,TZ-Cl,PM6:L8-BO,1,卤代溶剂添加剂(新型功能性添加剂),ITO/2PACz/PM6:L8-BO/PDINN/Ag,ClC1=C(CC(CC)CCCC)SC=N1,0.899,26.71,76.31,18.3,1.66630018,5.974190383,5.974190383,0.712915249,0.712915249,0.699849081,13.07142857,231.792,213.648,231.0848483,80,0,0.142598653,-0.232690149,0.232690149,0.142598653,35.49569779,9.953435566,2.106645389,-2.121888374,2.253141542,-2.019062995,7.097081958,0.451513248,2.58513231,2.438505066,259.5451395,10.38890506,8.923660803,10.49608633,6.774386908,5.353126154,6.610743438,3.686972473,4.984305611,2.608451152,3.901568547,1.594708831,2.679384525,-0.08,1876.806057,11.99183908,6.412307004,3.582142546,95.51421751,0,5.153109817,0,0,0,0,0,4.983978521,0,11.33678588,51.13170078,12.33872767,4.877147194,5.510539274,0,22.93772577,0,4.983978521,5.917906046,45.95158251,0,15.54079628,0,0,0,0,0,22.93772577,4.983978521,6.420821623,5.917906046,44.40790808,5.510539274,5.153109817,0,0,12.89,0,0,0,0,5.153109817,12.33872767,30.56043369,11.33678588,5.510539274,18.83145292,11.60093989,0,7.657833382,5.327115064,0.712915249,1.837507322,0.785092593,0,6.288997937,4.501649564,0,0.727272727,14,0,1,0,0,0,0,1,1,2,0,3,6,0,0,0,1,4.5554,64.134,0,0,0,0,0,1,0,0,0,0,0,0,0,0,0,1,0,0,0,0,0,0,0,0,0,0,0,0,0,0,0,0,0,0,0,0,0,0,0,0,0,0,0,0,1,0,0,0,0,0,0,0,0,0,0,0,0,0,0,0,0,0,0,0,0,0,0,0,0,0,0,0,0,0,0,0,0,0,0,0,1,0,0,1,0,1.5,2.285714286,2.785714286,0,0
F,2,TZ-2Cl,PM6:L8-BO,1,卤代固体添加剂(新型功能性添加剂),ITO/2PACz/PM6:L8-BO/PDINN/Ag,CCC(Cl)CC(CC)CC1=C(Cl)N=CS1,0.901,27.01,75.93,18.5,1.66670681,6.173509228,6.173509228,0.29319161,0.29319161,0.675523207,15.2,266.237,249.101,265.0458759,86,0,0.14259866,-0.232690149,0.232690149,0.14259866,35.49681536,9.94996499,2.147712925,-2.160853862,2.267537879,-2.093787389,7.097092345,0.45552272,2.627874295,2.501519506,287.8702181,11.25914855,9.171868764,11.50022324,7.168233758,5.387840625,7.08189369,3.785976333,5.700522871,2.674590891,4.454489147,1.574080418,2.910732427,0.21,2780.291005,13.27574622,6.719624168,4.29465507,105.8174837,0,5.153109817,0,0,0,0,0,4.983978521,0,22.93772577,31.86923591,25.18037091,10.25423506,5.510539274,0,34.53866566,0,4.983978521,5.917906046,44.90784876,0,15.54079628,0,0,0,0,0,34.53866566,10.36106639,6.420821623,5.917906046,37.98708646,5.510539274,5.153109817,0,0,12.89,0,0,0,0,16.44810373,25.68328649,4.877147194,11.33678588,5.510539274,18.83145292,23.20187978,0,13.79288834,5.251920745,0.960849868,1.807922572,0.63,0,4.275725702,4.336248329,0,0.727272727,15,0,1,0,0,0,0,1,1,2,0,4,6,0,0,0,1,4.7727,69.158,0,0,0,0,0,1,0,0,0,0,0,0,0,0,0,1,0,0,0,0,0,0,0,0,0,1,0,0,0,0,0,0,0,0,0,0,0,0,0,0,0,0,0,0,2,0,0,0,0,0,0,0,0,0,0,0,0,0,0,0,0,0,0,0,0,0,0,0,0,0,0,0,0,0,0,0,0,0,0,0,1,0,0,0,0,1.4,2.133333333,2.6,0,0
F,2,TZ-3Cl,PM6:L8-BO,1,卤代溶剂添加剂(新型功能性添加剂),ITO/2PACz/PM6:L8-BO/PDINN/Ag,CC(Cl)C(Cl)CC(CC)CC1=C(Cl)N=CS1,0.903,27.29,80.19,19.8,1.66681333,6.192027746,6.192027746,0.007082703,0.007082703,0.674448014,17.0625,300.682,284.554,299.0069036,92,0,0.14259866,-0.232690149,0.232690149,0.14259866,35.4993138,9.948475265,2.188267764,-2.187700387,2.277877306,-2.169446006,7.097100245,0.457040951,2.626666604,2.525595133,313.933249,12.12939203,9.420076725,12.50436014,7.540912558,5.401387046,7.531875891,3.973979357,6.520307607,2.699425049,4.981819463,1.551678794,2.991199703,0.5,3950.506573,14.56060606,7.050027042,4.402540608,116.12075,0,5.153109817,0,0,0,0,0,4.983978521,0,34.53866566,24.94549871,25.68328649,15.63132293,5.510539274,0,46.13960555,0,4.983978521,5.917906046,43.864115,0,15.54079628,0,0,0,0,0,46.13960555,15.73815426,6.420821623,5.917906046,31.56626484,5.510539274,5.153109817,0,0,12.89,0,0,0,10.75417574,11.07101586,24.13961206,0,16.84732515,6.9237372,11.90771572,34.80281967,0,19.75649059,5.195550499,0.666164179,1.784463638,0.529305556,0,2.963132716,4.104892824,0,0.727272727,16,0,1,0,0,0,0,1,1,2,0,5,6,0,0,0,1,4.99,74.182,0,0,0,0,0,1,0,0,0,0,0,0,0,0,0,1,0,0,0,0,0,0,0,0,0,2,0,0,0,0,0,0,0,0,0,0,0,0,0,0,0,0,0,0,3,0,0,0,0,0,0,0,0,0,0,0,0,0,0,0,0,0,0,0,0,0,0,0,0,0,0,0,0,0,0,0,0,0,0,0,1,0,0,0,0,1.4375,2.125,2.5625,0,0
F,2,DIO,PM6:L8-BO,1,溶剂添加剂,ITO/2PACz/PM6:L8-BO/PDINN/Ag,ICCCCCCCCI,0.9,26.6,77.69,18.6,1.74E-06,2.454655993,2.454655993,1.337345679,1.337345679,0.360140031,10.2,366.024,349.896,365.9341465,62,0,-0.000472812,-0.086375917,0.086375917,0.000472812,126.9137216,10.13204741,1.878618147,-1.964807038,2.067504511,-1.799735234,14.10995232,0.63270578,1.967154472,2.647604849,47.21928095,7.656854249,6.412783196,10.72777978,4.914213562,4.034522484,7.085685828,2.499284817,4.656783108,1.517261242,3.042842914,0.896089018,1.974838163,1.46,175.076748,11.46,10.46,9.46,91.81752207,0,0,0,0,0,0,0,0,0,0,70.86502775,21.69674805,0,0,0,45.18174125,0,0,0,38.52492974,8.855104805,0,0,0,0,0,0,45.18174125,8.855104805,0,0,38.52492974,0,0,0,0,0,0,0,0,0,0,0,47.38003454,0,0,45.18174125,0,2.674691358,4.909311987,0,0,0,0,0,8.655996655,0,0,1,10,0,0,0,0,0,0,0,0,0,0,2,7,0,0,0,0,4.197,65.476,0,0,0,0,0,0,0,0,0,0,0,0,0,0,0,0,0,0,0,0,0,0,0,0,0,2,0,0,0,0,0,0,0,0,0,0,0,0,0,0,0,0,0,0,2,0,0,0,0,0,0,0,0,0,0,0,0,0,0,0,0,0,0,0,0,0,0,0,0,0,0,0,0,0,0,0,0,0,0,0,0,0,0,5,0,0.5,0.8,1.1,0,0
F,3,SA-5F,D18:Y6,1,挥发性固体添加剂,ITO/PEDOT:PSS/D18:Y6/PDINN/Ag,N#C/C(C#N)=C1CC(C2=C\1C=C(F)C(F)=C2)=O,0.841,28.33,80.13,19.11,1.30049013,13.07100907,13.07100907,0.015648148,-1.11683768,0.642318051,12.94117647,230.173,226.141,230.0291692,82,0,0.167551795,-0.293789675,0.293789675,0.167551795,19.1597421,10.02663921,2.283870048,-2.003070839,2.349481062,-1.940922559,6.125726959,0.100349676,2.596850706,2.766867688,631.6950794,12.57698579,8.420411747,8.420411747,8.07891736,4.641109533,4.641109533,3.489013884,3.489013884,2.548692657,2.548692657,1.761232119,1.761232119,-2.53,8143.723813,10.97041597,3.80254466,1.5819145,95.20337389,0,17.71154716,17.41768663,0,0,0,4.794537184,8.780830095,10.52378311,0,0,23.26929016,11.98427311,0,13.57536728,11.35634948,10.52378311,0,0,6.420821623,0,40.46718333,0,12.13844263,0,8.780830095,0,0,5.783244946,0,34.29666742,22.34226179,17.70583867,0,5.57310453,0,64.65,17.41768663,13.57536728,0,28.69393367,0,12.13273414,0,12.13844263,0,0,10.52378311,26.03698145,0,11.5336489,17.42535368,0.061026077,-2.641763983,4.923364985,-0.171944444,0,0,0.083333333,17,0,3,1,0,1,1,0,1,3,0,5,0,0,0,0,2,2.35196,53.4515,0,0,0,0,0,0,0,0,0,0,1,1,0,0,0,2,0,0,0,0,0,0,0,0,0,0,2,0,0,0,0,0,0,0,1,0,1,0,0,0,0,0,0,0,2,0,0,0,0,0,0,1,1,0,0,0,0,2,0,0,0,0,0,0,0,0,0,0,0,0,0,0,0,0,0,0,0,0,0,0,0,0,0,0,0,1.117647059,1.647058824,2.176470588,0,0
F,4,DBB,PM6:BTP-eC9,1,挥发性固体添加剂,ITO/ZnO/PM6:BTP-eC9/MoO3/Ag,C1=CC(=CC=C1Br)Br,0.862,26.22,75.83,17.14,4.00E-06,3.324583333,3.324583333,1.111759259,1.111759259,0.648140806,9.25,235.906,231.874,233.8679743,42,0,0.017554065,-0.05083833,0.05083833,0.017554065,79.91976121,10.37420349,1.825086283,-1.863764668,2.134975779,-1.608974955,9.105464505,1.607024494,1.769973094,3.032455532,145.3883389,5.983127663,4.065330023,7.237323101,3.7876937,2.199331678,3.785328217,1.43643578,3.267786838,0.803543161,1.860874188,0.429549359,0.958214872,0.18,70.79892376,6.302249389,2.646097475,1.600119577,65.16649833,0,0,0,0,0,0,0,0,0,0,31.8598878,24.26546827,8.945439032,0,0,31.8598878,0,0,0,0,0,33.21090731,0,0,0,0,0,31.8598878,0,0,0,0,33.21090731,0,0,0,0,0,0,0,0,0,8.945439032,0,0,24.26546827,31.8598878,0,2.223518519,6.649166667,0,0,0,0,7.960648148,0,0,0,0,8,0,0,0,0,0,1,0,1,0,0,2,0,0,0,0,1,3.2116,41.842,0,0,0,0,0,0,0,0,0,0,0,0,0,0,0,0,0,0,0,0,0,0,0,0,0,0,0,0,0,0,0,0,0,0,1,0,0,0,0,0,0,0,0,0,2,0,0,0,0,0,0,0,0,0,0,0,0,0,0,0,0,0,0,0,0,0,0,0,0,0,0,0,0,0,0,0,0,0,0,0,0,0,0,0,0,0.75,1,1.25,0,0
F,4,DIB,PM6:BTP-eC9,1,挥发性固体添加剂,ITO/ZnO/PM6:BTP-eC9/MoO3/Ag,C1=CC(=CC=C1I)I,0.86,27.58,76.77,18.25,1.73E-06,2.293133333,2.293133333,1.294459259,1.294459259,0.642051393,9.25,329.906,325.874,329.8402461,42,0,0.013054724,-0.047792868,0.047792868,0.013054724,126.913722,10.37614531,1.823583796,-1.865196704,2.071859743,-1.684989424,14.11320949,1.599140599,1.769973094,3.032455532,145.3883389,5.983127663,4.065330023,8.380326605,3.7876937,2.199331678,4.356829969,1.43643578,3.927700219,0.803543161,2.241875356,0.429549359,1.148715456,0.68,70.79892376,6.795207373,3.004496065,1.889429225,75.95507936,0,0,0,0,0,0,0,0,0,0,0,69.44720953,7.140364542,0,0,45.18174125,0,0,0,0,0,31.40583282,0,0,0,0,0,45.18174125,0,0,7.140364542,0,24.26546827,0,0,0,0,0,0,0,0,0,0,7.140364542,0,0,69.44720953,0,2.588918519,4.586266667,0,0,0,0,8.398148148,0,0,0,0,8,0,0,0,0,0,1,0,1,0,0,2,0,0,0,0,1,2.8958,51.876,0,0,0,0,0,0,0,0,0,0,0,0,0,0,0,0,0,0,0,0,0,0,0,0,0,0,0,0,0,0,0,0,0,0,1,0,0,0,0,0,0,0,0,0,2,0,0,0,0,0,0,0,0,0,0,0,0,0,0,0,0,0,0,0,0,0,0,0,0,0,0,0,0,0,0,0,0,0,0,0,0,0,0,0,0,0.75,1,1.25,0,0
F,4,BIB,PM6:BTP-eC9,1,挥发性固体添加剂,ITO/ZnO/PM6:BTP-eC9/MoO3/Ag,IC1=CC=C(I)C=C1,0.867,27.89,78.21,18.91,0.83750645,2.293133333,2.293133333,1.294459259,1.294459259,0.642051393,9.25,329.906,325.874,329.8402461,42,0,0.013054724,-0.047792868,0.047792868,0.013054724,126.913722,10.37614531,1.823583796,-1.865196704,2.071859743,-1.684989424,14.11320949,1.599140599,1.769973094,3.032455532,145.3883389,5.983127663,4.065330023,8.380326605,3.7876937,2.199331678,4.356829969,1.43643578,3.927700219,0.803543161,2.241875356,0.429549359,1.148715456,0.68,70.79892376,6.795207373,3.004496065,1.889429225,75.95507936,0,0,0,0,0,0,0,0,0,0,0,69.44720953,7.140364542,0,0,45.18174125,0,0,0,0,0,31.40583282,0,0,0,0,0,45.18174125,0,0,7.140364542,0,24.26546827,0,0,0,0,0,0,0,0,0,0,7.140364542,0,0,69.44720953,0,2.588918519,4.586266667,0,0,0,0,8.398148148,0,0,0,0,8,0,0,0,0,0,1,0,1,0,0,2,0,0,0,0,1,2.8958,51.876,0,0,0,0,0,0,0,0,0,0,0,0,0,0,0,0,0,0,0,0,0,0,0,0,0,0,0,0,0,0,0,0,0,0,1,0,0,0,0,0,0,0,0,0,2,0,0,0,0,0,0,0,0,0,0,0,0,0,0,0,0,0,0,0,0,0,0,0,0,0,0,0,0,0,0,0,0,0,0,0,0,0,0,0,0,0.75,1,1.25,0,0
F,5,PN(120nm),D18-Cl:N3,1,高沸点溶剂添加剂,ITO/PEDOT:PSS/D18-Cl:N3/PDINN/Ag,C1(C2=CC=CC=C2)=C3C=CC=CC3=CC=C1,0.855,27.68,76.13,18.02,0,2.178240741,2.178240741,1.27712963,1.27712963,0.546879427,10.5,204.272,192.176,204.0939004,76,0,-0.010541545,-0.062225389,0.062225389,0.010541545,14.04830846,9.984865371,2.007674845,-2.056297138,2.273766912,-1.79475265,5.959939073,1.650931264,2.390502728,2.323448832,603.7741659,10.79468245,8.92820323,8.92820323,7.949489743,5.482050808,5.482050808,3.89273441,3.89273441,2.874429817,2.874429817,2.094847746,2.094847746,-2.08,9581.134933,9.168074544,3.820620704,1.486765797,95.17016186,0,0,0,0,0,0,0,0,0,0,72.79640482,21.89935141,0,0,0,10.77244843,0,0,0,0,0,72.79640482,0,11.12690298,0,0,0,0,0,0,0,0,72.79640482,0,21.89935141,0,0,0,0,0,0,0,0,21.89935141,0,0,72.79640482,0,0,0,0,2.611160242,2.581481481,0,25.47402494,0,0,0,0,16,0,0,0,0,0,3,0,3,0,0,0,1,0,0,0,3,4.5068,69.384,0,0,0,0,0,0,0,0,0,0,0,0,0,0,0,0,0,0,0,0,0,0,0,0,0,0,0,0,0,0,0,0,0,0,3,0,1,0,0,0,0,0,0,0,0,0,0,0,0,0,0,0,0,0,0,0,0,0,0,0,0,0,0,0,0,0,0,0,0,0,0,0,0,0,0,0,0,0,0,0,0,0,0,0,0,0.5,1.1875,2.0625,0,0
F,5,CN(120nm),D18-Cl:N3,1,高沸点溶剂添加剂,ITO/PEDOT:PSS/D18-Cl:N3/PDINN/Ag,ClC1=C2C=CC=CC2=CC=C1,0.86,24.86,75.24,16.08,0.8395478,5.957037037,5.957037037,0.822314815,0.822314815,0.55644797,10.27272727,162.619,155.563,162.0236279,54,0,0.048389036,-0.083664219,0.083664219,0.048389036,35.49569104,10.12844457,1.934419766,-1.966428521,2.214722752,-1.704476637,6.349799888,1.748124801,2.05595014,2.913161164,374.0344904,7.681798276,5.919416357,6.675345303,5.377010098,3.510349442,3.888313915,2.460971502,2.868171629,1.736428508,2.066016729,1.185882541,1.430724861,-1.01,505.7637346,6.684816447,2.554171088,1.099229702,70.41633388,0,0,0,0,0,0,0,0,0,0,47.9991423,11.45259128,10.40885753,0,0,22.37338832,0,0,0,0,0,47.48720279,0,0,0,0,0,11.60093989,0,0,0,0,42.46456948,5.022633314,10.77244843,0,0,0,0,0,0,0,10.40885753,5.386224214,0,30.33183534,12.13273414,11.60093989,0,5.957037037,0,3.13867284,0,0,14.01540123,0,0,0,0,11,0,0,0,0,0,2,0,2,0,0,1,0,0,0,0,2,3.4932,48.958,0,0,0,0,0,0,0,0,0,0,0,0,0,0,0,0,0,0,0,0,0,0,0,0,0,0,0,0,0,0,0,0,0,0,2,0,1,0,0,0,0,0,0,0,1,0,0,0,0,0,0,0,0,0,0,0,0,0,0,0,0,0,0,0,0,0,0,0,0,0,0,0,0,0,0,0,0,0,0,0,0,0,0,0,0,0.818181818,1.545454545,2.363636364,0,0
F,6,CB,PM6:Y6,1,含氮芳香类溶剂添加剂,ITO/PEDOT:PSS/PM6:Y6/PFN-Br/Ag,ClC1=CC=CC=C1,0.8375,27.29,73.79,16.87,0.83867967,5.539691358,5.539691358,0.793981481,0.793981481,0.483383326,8.714285714,112.559,107.519,112.0079778,36,0,0.040548441,-0.084344477,0.084344477,0.040548441,35.49569066,10.37221473,1.744436982,-1.795552968,2.029550983,-1.548688012,6.300461198,1.71341782,1.685616163,3.02146531,134.1073697,5.112884175,3.764715819,4.520644765,3.39384685,2.099665839,2.477630312,1.295568159,1.73200394,0.733110559,0.985086875,0.414667104,0.560145698,-0.49,47.19725257,4.663609831,1.987123268,1.203610472,47.73466935,0,0,0,0,0,0,0,0,0,0,29.8000411,12.13273414,5.022633314,0,0,11.60093989,0,0,0,0,0,35.35446866,0,0,0,0,0,11.60093989,0,0,0,0,30.33183534,5.022633314,0,0,0,0,0,0,0,0,5.022633314,0,0,30.33183534,0,11.60093989,0,5.539691358,0,0.793981481,0,0,9.444104938,0,0,0,0,7,0,0,0,0,0,1,0,1,0,0,1,0,0,0,0,1,2.34,31.452,0,0,0,0,0,0,0,0,0,0,0,0,0,0,0,0,0,0,0,0,0,0,0,0,0,0,0,0,0,0,0,0,0,0,1,0,0,0,0,0,0,0,0,0,1,0,0,0,0,0,0,0,0,0,0,0,0,0,0,0,0,0,0,0,0,0,0,0,0,0,0,0,0,0,0,0,0,0,0,0,0,0,0,0,0,1,1.571428571,1.857142857,0,0
F,6,PDC,PM6:Y6,1,含氮芳香类溶剂添加剂,ITO/PEDOT:PSS/PM6:Y6/PFN-Br/Ag,ClC1=CC=CN=C1,0.8404,27.71,76.09,17.72,1.10542276,5.477191358,5.477191358,0.68287037,0.68287037,0.499492988,8.714285714,113.547,109.515,113.0032268,36,0,0.058881419,-0.263180097,0.263180097,0.058881419,35.49569068,10.50949651,1.756833368,-1.791070598,2.004541411,-1.635262238,6.299152508,1.330591899,1.685616163,3.02146531,138.0075042,5.112884175,3.634579145,4.390508091,3.39384685,1.949396952,2.327361425,1.171243155,1.607678936,0.625442964,0.849021129,0.341920005,0.471002919,-0.56,47.19725257,4.595279503,1.937398543,1.162973754,46.95431733,0,0,0,0,0,0,4.983978521,0,0,0,11.60093989,12.13273414,12.39368714,5.022633314,0,11.60093989,0,4.983978521,0,0,0,29.54905459,0,0,0,0,0,11.60093989,4.983978521,0,0,0,24.52642128,5.022633314,0,0,12.89,0,0,0,0,5.022633314,0,0,24.52642128,0,4.983978521,11.60093989,0,5.477191358,3.752314815,0.68287037,0,0,3.580246914,3.285154321,0,0,0,7,0,1,0,0,0,0,1,1,1,0,2,0,0,0,0,1,1.735,29.247,0,0,0,0,0,1,0,0,0,0,0,0,0,0,0,1,0,0,0,0,0,0,0,0,0,0,0,0,0,0,0,0,0,0,0,0,0,0,0,0,0,0,0,0,1,0,0,0,0,0,0,0,0,0,0,0,0,0,0,0,0,0,0,0,0,0,0,0,0,0,0,0,0,1,0,0,0,0,0,0,0,0,0,0,0,1.571428571,2.428571429,2.714285714,0,0
F,7,1.0vol% CN,PM6:PYIT,1,卤代噻吩类衍生物,ITO/PEDOT:PSS/PM6:PYIT/PDINN/Ag,ClC1=C2C=CC=CC2=CC=C1,0.934,21.71,71.12,14.42,0.83954768,5.957037037,5.957037037,0.822314815,0.822314815,0.55644797,10.27272727,162.619,155.563,162.0236279,54,0,0.048389036,-0.083664219,0.083664219,0.048389036,35.49569104,10.12844457,1.934419766,-1.966428521,2.214722752,-1.704476637,6.349799888,1.748124801,2.05595014,2.913161164,374.0344904,7.681798276,5.919416357,6.675345303,5.377010098,3.510349442,3.888313915,2.460971502,2.868171629,1.736428508,2.066016729,1.185882541,1.430724861,-1.01,505.7637346,6.684816447,2.554171088,1.099229702,70.41633388,0,0,0,0,0,0,0,0,0,0,47.9991423,11.45259128,10.40885753,0,0,22.37338832,0,0,0,0,0,47.48720279,0,0,0,0,0,11.60093989,0,0,0,0,42.46456948,5.022633314,10.77244843,0,0,0,0,0,0,0,10.40885753,5.386224214,0,30.33183534,12.13273414,11.60093989,0,5.957037037,0,3.13867284,0,0,14.01540123,0,0,0,0,11,0,0,0,0,0,2,0,2,0,0,1,0,0,0,0,2,3.4932,48.958,0,0,0,0,0,0,0,0,0,0,0,0,0,0,0,0,0,0,0,0,0,0,0,0,0,0,0,0,0,0,0,0,0,0,2,0,1,0,0,0,0,0,0,0,1,0,0,0,0,0,0,0,0,0,0,0,0,0,0,0,0,0,0,0,0,0,0,0,0,0,0,0,0,0,0,0,0,0,0,0,0,0,0,0,0,0.818181818,1.545454545,2.363636364,0,0
F,7,1.0vol% DPE,PM6:PYIT,1,高沸点溶剂添加剂,ITO/PEDOT:PSS/PM6:PYIT/PDINN/Ag,C1(OC2=CC=CC=C2)=CC=CC=C1,0.949,23.39,56.17,12.48,1.67085466,5.578333333,5.578333333,0.869166667,0.869166667,0.670036385,9.538461538,170.211,160.131,170.0731649,64,0,0.126927749,-0.457384598,0.457384598,0.126927749,16.48049519,10.30635327,1.919851315,-2.031129692,2.188761331,-1.809828901,5.29659759,0.482496726,2.207941986,2.161475751,315.8986487,8.932875131,7.181750982,7.181750982,6.449489743,4.229615496,4.229615496,2.728167132,2.728167132,1.722112591,1.722112591,1.113155983,1.113155983,-1.76,1589.71823,7.866895638,3.764211048,2.089799938,77.60204256,4.736862954,11.49902367,0,0,0,0,0,0,0,0,36.39820241,24.26546827,0,0,4.736862954,0,0,0,0,0,0,60.66367068,0,11.49902367,4.736862954,0,11.49902367,0,0,0,0,0,60.66367068,0,0,0,9.23,0,0,0,0,0,11.49902367,0,0,60.66367068,0,4.736862954,5.578333333,0,0,0,0,1.738333333,19.51666667,0,0,0,0,13,0,1,0,0,0,2,0,2,1,0,1,2,0,0,0,2,3.4789,52.958,0,0,0,0,0,0,0,0,0,0,0,0,0,0,0,0,0,0,0,0,0,0,0,0,0,0,0,0,0,0,0,0,0,0,2,0,0,0,0,0,0,1,0,0,0,0,0,0,0,0,0,0,0,0,0,0,0,0,0,0,0,0,0,0,2,0,0,0,0,0,0,0,0,0,0,0,0,0,0,0,0,0,0,0,0,0.538461538,0.923076923,1.307692308,0,0
F,8,1vol% ACN,PTB7-Th:P(NDI2OD-T2),1,极性溶剂添加剂,ITO/ ZnO / PTB7-Th:P(NDI2OD-T2) / MoO₃ / Ag,CC#N,0.79,9.11,50.91,3.18,3.72657018,7.319444444,7.319444444,1.430555556,1.430555556,0.38698058,2.666666667,41.053,38.029,41.0265491,16,0,0.058714824,-0.198658426,0.198658426,0.058714824,14.19977254,10.95508812,1.172732527,-1.14652322,1.214615215,-1.100101722,4.507020971,1.489653195,0.918295834,2.475534206,24.26466251,2.707106781,1.947213595,1.947213595,1.414213562,0.723606798,0.723606798,0.223606798,0.223606798,0,0,0,0,-0.51,2.754887502,2.49,1.49,1.49,19.49677282,0,0,0,0,0,0,0,0,5.261891555,0,0,0,6.9237372,6.069221313,0,0,5.261891555,0,0,6.9237372,0,0,0,6.069221313,0,0,0,0,0,0,11.33111287,6.9237372,0,0,0,0,23.79,0,0,0,0,0,0,6.9237372,6.069221313,0,0,5.261891555,0,0,0,7.319444444,0,0,1.75,0,1.430555556,0,0.5,3,0,1,0,0,0,0,0,0,1,0,1,0,0,0,0,0,0.52988,11.287,0,0,0,0,0,0,0,0,0,0,0,0,0,0,0,1,0,0,0,0,0,0,0,0,0,0,0,0,0,0,0,0,0,0,0,0,0,0,0,0,0,0,0,0,0,0,0,0,0,0,0,0,0,0,0,0,0,1,0,0,0,0,0,0,0,0,0,0,0,0,0,0,0,0,0,0,0,0,0,0,0,0,0,0,0,2,2,2,0,0
F,9,CB8-Br,PM6:L8-BO,1,新型低熔点固体添加剂,ITO/PEDOT:PSS/PM6:L8-BO/HPDIN-B02/Ag,BrCCCCCCCCN(CC1=CC=C(C2=CC=C(C3=CC=C(C4=CC=C(OCCCCCCCC)C=C4)C=C3)C=C2)C=C1)CCCCCCCC,0.869,26.44,78.89,18.12,2.23591157,5.993322996,5.993322996,0.806415608,0.806415608,0.042162285,11.38461538,766.993,698.449,765.4484279,282,0,0.118828778,-0.493601081,0.493601081,0.118828778,79.91873028,9.974406505,2.082605587,-2.225661562,2.287570942,-2.25348309,9.088881415,0.251906758,3.18848218,1.25624579,1445.721294,36.48042367,32.73448663,34.32048317,25.69453444,21.01197959,22.1334485,14.84644743,15.6394457,10.4367204,10.99745485,7.109748776,7.506247911,-2.88,4.32285E+11,41.86978988,25.98658165,16.01073693,326.4671651,4.736862954,5.749511833,0,0,0,0,4.899909731,0,0,0,204.59806,89.84969388,11.87484605,6.606881965,4.736862954,15.9299439,0,4.899909731,0,135.96702,25.02648442,102.6253246,0,39.13022078,4.736862954,0,5.749511833,15.9299439,29.92639415,6.544756406,0,134.9857151,97.0618731,0,33.38070895,0,12.47,0,0,0,0,0,30.65206147,161.1876408,0,0,131.7392011,4.736862954,5.993322996,3.565834034,2.717107632,1.143263127,8.936063566,0.964647995,35.89870471,23.98831976,8.876069507,0,0.510204082,52,0,2,0,0,0,4,0,4,2,0,3,28,0,0,0,4,15.3249,231.77,0,0,0,0,0,0,0,0,0,0,0,0,0,0,0,1,0,0,0,0,0,0,0,0,0,1,0,0,0,0,0,0,0,0,4,0,0,0,0,0,0,1,0,0,1,0,0,0,0,0,0,0,0,0,0,0,0,0,0,0,0,0,0,0,0,0,0,0,0,0,0,0,0,0,0,0,0,0,0,0,0,0,0,15,0,0.403846154,0.75,1.173076923,0,0
F,10,DIO,P3HT:NDI-3TH,1,高沸点溶剂添加剂,ITO/PEDOT:PSS/P3HT:NDI-3TH/LiF/Al,ICCCCCCCCI,0.7,2.52,35,0.58,1.74E-06,2.454655993,2.454655993,1.337345679,1.337345679,0.360140031,10.2,366.024,349.896,365.9341465,62,0,-0.000472812,-0.086375917,0.086375917,0.000472812,126.9137216,10.13204741,1.878618147,-1.964807038,2.067504511,-1.799735234,14.10995232,0.63270578,1.967154472,2.647604849,47.21928095,7.656854249,6.412783196,10.72777978,4.914213562,4.034522484,7.085685828,2.499284817,4.656783108,1.517261242,3.042842914,0.896089018,1.974838163,1.46,175.076748,11.46,10.46,9.46,91.81752207,0,0,0,0,0,0,0,0,0,0,70.86502775,21.69674805,0,0,0,45.18174125,0,0,0,38.52492974,8.855104805,0,0,0,0,0,0,45.18174125,8.855104805,0,0,38.52492974,0,0,0,0,0,0,0,0,0,0,0,47.38003454,0,0,45.18174125,0,2.674691358,4.909311987,0,0,0,0,0,8.655996655,0,0,1,10,0,0,0,0,0,0,0,0,0,0,2,7,0,0,0,0,4.197,65.476,0,0,0,0,0,0,0,0,0,0,0,0,0,0,0,0,0,0,0,0,0,0,0,0,0,2,0,0,0,0,0,0,0,0,0,0,0,0,0,0,0,0,0,0,2,0,0,0,0,0,0,0,0,0,0,0,0,0,0,0,0,0,0,0,0,0,0,0,0,0,0,0,0,0,0,0,0,0,0,0,0,0,0,5,0,0.5,0.8,1.1,0,0
F,10,DIO,P3HT/NDI-3TH:P3HT,1,高沸点溶剂添加剂,ITO/PEDOT:PSS/(P3HT/NDI-3TH:P3HT)/LiF/Al,ICCCCCCCCI,0.71,2.93,37,0.72,1.74E-06,2.454655993,2.454655993,1.337345679,1.337345679,0.360140031,10.2,366.024,349.896,365.9341465,62,0,-0.000472812,-0.086375917,0.086375917,0.000472812,126.9137216,10.13204741,1.878618147,-1.964807038,2.067504511,-1.799735234,14.10995232,0.63270578,1.967154472,2.647604849,47.21928095,7.656854249,6.412783196,10.72777978,4.914213562,4.034522484,7.085685828,2.499284817,4.656783108,1.517261242,3.042842914,0.896089018,1.974838163,1.46,175.076748,11.46,10.46,9.46,91.81752207,0,0,0,0,0,0,0,0,0,0,70.86502775,21.69674805,0,0,0,45.18174125,0,0,0,38.52492974,8.855104805,0,0,0,0,0,0,45.18174125,8.855104805,0,0,38.52492974,0,0,0,0,0,0,0,0,0,0,0,47.38003454,0,0,45.18174125,0,2.674691358,4.909311987,0,0,0,0,0,8.655996655,0,0,1,10,0,0,0,0,0,0,0,0,0,0,2,7,0,0,0,0,4.197,65.476,0,0,0,0,0,0,0,0,0,0,0,0,0,0,0,0,0,0,0,0,0,0,0,0,0,2,0,0,0,0,0,0,0,0,0,0,0,0,0,0,0,0,0,0,2,0,0,0,0,0,0,0,0,0,0,0,0,0,0,0,0,0,0,0,0,0,0,0,0,0,0,0,0,0,0,0,0,0,0,0,0,0,0,5,0,0.5,0.8,1.1,0,0
F,10,DIO,P3HT/P3HT:NDI-3TH/TPBI,1,高沸点溶剂添加剂,ITO/PEDOT:PSS/(P3HT/P3HT:NDI-3TH/TPBI)/LiF/Al,ICCCCCCCCI,0.82,3.51,52,1.45,1.74E-06,2.454655993,2.454655993,1.337345679,1.337345679,0.360140031,10.2,366.024,349.896,365.9341465,62,0,-0.000472812,-0.086375917,0.086375917,0.000472812,126.9137216,10.13204741,1.878618147,-1.964807038,2.067504511,-1.799735234,14.10995232,0.63270578,1.967154472,2.647604849,47.21928095,7.656854249,6.412783196,10.72777978,4.914213562,4.034522484,7.085685828,2.499284817,4.656783108,1.517261242,3.042842914,0.896089018,1.974838163,1.46,175.076748,11.46,10.46,9.46,91.81752207,0,0,0,0,0,0,0,0,0,0,70.86502775,21.69674805,0,0,0,45.18174125,0,0,0,38.52492974,8.855104805,0,0,0,0,0,0,45.18174125,8.855104805,0,0,38.52492974,0,0,0,0,0,0,0,0,0,0,0,47.38003454,0,0,45.18174125,0,2.674691358,4.909311987,0,0,0,0,0,8.655996655,0,0,1,10,0,0,0,0,0,0,0,0,0,0,2,7,0,0,0,0,4.197,65.476,0,0,0,0,0,0,0,0,0,0,0,0,0,0,0,0,0,0,0,0,0,0,0,0,0,2,0,0,0,0,0,0,0,0,0,0,0,0,0,0,0,0,0,0,2,0,0,0,0,0,0,0,0,0,0,0,0,0,0,0,0,0,0,0,0,0,0,0,0,0,0,0,0,0,0,0,0,0,0,0,0,0,0,5,0,0.5,0.8,1.1,0,0
F,11,DIB,PM6:Y6-BO,1,挥发性固体添加剂,ITO/ZnO NPs/PEIE/PM6:Y6-BO/MoOX/Ag,IC1=CC=C(I)C=C1,0.84,25.2,76.1,16.1,0.83750645,2.293133333,2.293133333,1.294459259,1.294459259,0.642051393,9.25,329.906,325.874,329.8402461,42,0,0.013054724,-0.047792868,0.047792868,0.013054724,126.913722,10.37614531,1.823583796,-1.865196704,2.071859743,-1.684989424,14.11320949,1.599140599,1.769973094,3.032455532,145.3883389,5.983127663,4.065330023,8.380326605,3.7876937,2.199331678,4.356829969,1.43643578,3.927700219,0.803543161,2.241875356,0.429549359,1.148715456,0.68,70.79892376,6.795207373,3.004496065,1.889429225,75.95507936,0,0,0,0,0,0,0,0,0,0,0,69.44720953,7.140364542,0,0,45.18174125,0,0,0,0,0,31.40583282,0,0,0,0,0,45.18174125,0,0,7.140364542,0,24.26546827,0,0,0,0,0,0,0,0,0,0,7.140364542,0,0,69.44720953,0,2.588918519,4.586266667,0,0,0,0,8.398148148,0,0,0,0,8,0,0,0,0,0,1,0,1,0,0,2,0,0,0,0,1,2.8958,51.876,0,0,0,0,0,0,0,0,0,0,0,0,0,0,0,0,0,0,0,0,0,0,0,0,0,0,0,0,0,0,0,0,0,0,1,0,0,0,0,0,0,0,0,0,2,0,0,0,0,0,0,0,0,0,0,0,0,0,0,0,0,0,0,0,0,0,0,0,0,0,0,0,0,0,0,0,0,0,0,0,0,0,0,0,0,0.75,1,1.25,0,0
F,11,DBrB,PM6:Y6-BO,1,挥发性固体添加剂,ITO/ZnO NPs/PEIE/PM6:Y6-BO/MoOX/Ag,BrC1=CC=C(Br)C=C1,0.84,26.2,76.8,17,0.95194345,3.324583333,3.324583333,1.111759259,1.111759259,0.648140806,9.25,235.906,231.874,233.8679743,42,0,0.017554065,-0.05083833,0.05083833,0.017554065,79.91976121,10.37420349,1.825086283,-1.863764668,2.134975779,-1.608974955,9.105464505,1.607024494,1.769973094,3.032455532,145.3883389,5.983127663,4.065330023,7.237323101,3.7876937,2.199331678,3.785328217,1.43643578,3.267786838,0.803543161,1.860874188,0.429549359,0.958214872,0.18,70.79892376,6.302249389,2.646097475,1.600119577,65.16649833,0,0,0,0,0,0,0,0,0,0,31.8598878,24.26546827,8.945439032,0,0,31.8598878,0,0,0,0,0,33.21090731,0,0,0,0,0,31.8598878,0,0,0,0,33.21090731,0,0,0,0,0,0,0,0,0,8.945439032,0,0,24.26546827,31.8598878,0,2.223518519,6.649166667,0,0,0,0,7.960648148,0,0,0,0,8,0,0,0,0,0,1,0,1,0,0,2,0,0,0,0,1,3.2116,41.842,0,0,0,0,0,0,0,0,0,0,0,0,0,0,0,0,0,0,0,0,0,0,0,0,0,0,0,0,0,0,0,0,0,0,1,0,0,0,0,0,0,0,0,0,2,0,0,0,0,0,0,0,0,0,0,0,0,0,0,0,0,0,0,0,0,0,0,0,0,0,0,0,0,0,0,0,0,0,0,0,0,0,0,0,0,0.75,1,1.25,0,0
F,11,DClB,PM6:Y6-BO,1,挥发性固体添加剂,ITO/ZnO NPs/PEIE/PM6:Y6-BO/MoOX/Ag,ClC1=CC=C(Cl)C=C1,0.84,25,75.5,15.9,1.04520412,5.553024691,5.553024691,0.717037037,0.717037037,0.528586339,9.25,147.004,142.972,145.9690055,42,0,0.040652751,-0.084342698,0.084342698,0.040652751,35.49678604,10.36560145,1.832929125,-1.856543721,2.119970972,-1.601730711,6.32391244,1.708978521,1.769973094,3.032455532,145.3883389,5.983127663,4.065330023,5.577187915,3.7876937,2.199331678,2.955260624,1.43643578,2.309307341,0.803543161,1.307495792,0.429549359,0.681525674,-0.2,70.79892376,5.928205128,2.3818409,1.391420242,58.03793557,0,0,0,0,0,0,0,0,0,0,23.20187978,24.26546827,10.04526663,0,0,23.20187978,0,0,0,0,0,34.3107349,0,0,0,0,0,23.20187978,0,0,0,0,24.26546827,10.04526663,0,0,0,0,0,0,0,0,10.04526663,0,24.26546827,0,0,23.20187978,0,11.10604938,0,1.434074074,0,0,7.015432099,0,0,0,0,8,0,0,0,0,0,1,0,1,0,0,2,0,0,0,0,1,2.9934,36.462,0,0,0,0,0,0,0,0,0,0,0,0,0,0,0,0,0,0,0,0,0,0,0,0,0,0,0,0,0,0,0,0,0,0,1,0,0,0,0,0,0,0,0,0,2,0,0,0,0,0,0,0,0,0,0,0,0,0,0,0,0,0,0,0,0,0,0,0,0,0,0,0,0,0,0,0,0,0,0,0,0,0,0,0,0,0.75,1,1.25,0,0
F,12,CN,PM6:Y6,1,卤代噻吩类衍生物,ITO/PEDOT:PSS/PM6:Y6/PFN-Br/Ag,C1=CC=C2C(=C1)C=CC=C2Cl,0.839,26.17,75.37,16.52,0.83984902,5.957037037,5.957037037,0.822314815,0.822314815,0.55644797,10.27272727,162.619,155.563,162.0236279,54,0,0.048389036,-0.083664219,0.083664219,0.048389036,35.49569104,10.12844457,1.934419766,-1.966428521,2.214722752,-1.704476637,6.349799888,1.748124801,2.05595014,2.913161164,374.0344904,7.681798276,5.919416357,6.675345303,5.377010098,3.510349442,3.888313915,2.460971502,2.868171629,1.736428508,2.066016729,1.185882541,1.430724861,-1.01,505.7637346,6.684816447,2.554171088,1.099229702,70.41633388,0,0,0,0,0,0,0,0,0,0,47.9991423,11.45259128,10.40885753,0,0,22.37338832,0,0,0,0,0,47.48720279,0,0,0,0,0,11.60093989,0,0,0,0,42.46456948,5.022633314,10.77244843,0,0,0,0,0,0,0,10.40885753,5.386224214,0,30.33183534,12.13273414,11.60093989,0,5.957037037,0,3.13867284,0,0,14.01540123,0,0,0,0,11,0,0,0,0,0,2,0,2,0,0,1,0,0,0,0,2,3.4932,48.958,0,0,0,0,0,0,0,0,0,0,0,0,0,0,0,0,0,0,0,0,0,0,0,0,0,0,0,0,0,0,0,0,0,0,2,0,1,0,0,0,0,0,0,0,1,0,0,0,0,0,0,0,0,0,0,0,0,0,0,0,0,0,0,0,0,0,0,0,0,0,0,0,0,0,0,0,0,0,0,0,0,0,0,0,0,0.818181818,1.545454545,2.363636364,0,0
F,12,uv-9,PM6:Y6,1,难溶性固体添加剂,ITO/PEDOT:PSS/PM6:Y6/PFN-Br/Ag,O=C(C1=CC=CC=C1)C2=CC=C(OC)C=C2O,0.813,27.68,76.26,17.18,2.54262437,12.06594246,12.06594246,0.071108277,-0.203006425,0.821283475,9.941176471,228.247,216.151,228.0786442,86,0,0.196243807,-0.507040687,0.507040687,0.196243807,16.46577938,10.02374961,2.129829029,-2.055596007,2.249535623,-2.009402474,6.102102671,0.103154813,2.38556992,2.382869011,532.4185153,12.25071238,9.38251233,9.38251233,8.219545353,5.188820853,5.188820853,3.578229068,3.578229068,2.485502781,2.485502781,1.575463799,1.575463799,-2.29,9198.757612,11.2030226,4.69903748,2.280787688,99.28768264,9.843390349,11.49902367,5.783244946,0,0,0,4.794537184,0,0,0,30.33183534,12.13273414,11.62981856,12.67324903,14.63792753,5.783244946,0,0,0,0,7.109797541,59.65783953,0,11.49902367,4.736862954,0,11.49902367,0,17.99956988,0,0,15.92144017,48.53093655,0,0,0,46.53,0,9.901064579,0,17.09620827,11.31296332,0,13.17616461,36.39820241,6.066367068,0,4.736862954,4.964157691,0,12.06594246,9.753357899,0.824043367,0.246359074,13.47206827,0,0,1.507404573,0.071428571,17,1,3,0,0,0,2,0,2,3,1,3,3,0,0,0,2,2.6318,64.5333,0,0,0,0,0,0,0,1,0,0,1,1,0,0,0,0,0,0,0,0,0,0,0,0,0,0,0,0,0,0,0,0,0,0,2,0,0,0,0,0,0,1,0,0,0,0,0,0,0,0,0,1,0,0,0,1,0,0,0,0,0,0,0,0,0,1,1,0,0,0,0,0,0,0,0,0,0,0,0,0,0,0,0,0,0,1.117647059,1.823529412,2.411764706,0,0
F,13,CN,PM6:Y6,1,卤代噻吩类衍生物,ITO/2PACz/PM6:Y6/PDINN/Ag,C1=CC=C2C(=C1)C=CC=C2Cl,0.85,25.93,74.8,16.3,0.8398493,5.957037037,5.957037037,0.822314815,0.822314815,0.55644797,10.27272727,162.619,155.563,162.0236279,54,0,0.048389036,-0.083664219,0.083664219,0.048389036,35.49569104,10.12844457,1.934419766,-1.966428521,2.214722752,-1.704476637,6.349799888,1.748124801,2.05595014,2.913161164,374.0344904,7.681798276,5.919416357,6.675345303,5.377010098,3.510349442,3.888313915,2.460971502,2.868171629,1.736428508,2.066016729,1.185882541,1.430724861,-1.01,505.7637346,6.684816447,2.554171088,1.099229702,70.41633388,0,0,0,0,0,0,0,0,0,0,47.9991423,11.45259128,10.40885753,0,0,22.37338832,0,0,0,0,0,47.48720279,0,0,0,0,0,11.60093989,0,0,0,0,42.46456948,5.022633314,10.77244843,0,0,0,0,0,0,0,10.40885753,5.386224214,0,30.33183534,12.13273414,11.60093989,0,5.957037037,0,3.13867284,0,0,14.01540123,0,0,0,0,11,0,0,0,0,0,2,0,2,0,0,1,0,0,0,0,2,3.4932,48.958,0,0,0,0,0,0,0,0,0,0,0,0,0,0,0,0,0,0,0,0,0,0,0,0,0,0,0,0,0,0,0,0,0,0,2,0,1,0,0,0,0,0,0,0,1,0,0,0,0,0,0,0,0,0,0,0,0,0,0,0,0,0,0,0,0,0,0,0,0,0,0,0,0,0,0,0,0,0,0,0,0,0,0,0,0,0.818181818,1.545454545,2.363636364,0,0
F,14,CN,PTB7-Th/Th4PDI4,1,卤代噻吩类衍生物,ITO/ZnO/PTB7-Th:Th4PDI4/MoOx/Ag,C1=CC=C2C(=C1)C=CC=C2Cl,0.99,10.2,42,4.26,0.83984902,5.957037037,5.957037037,0.822314815,0.822314815,0.55644797,10.27272727,162.619,155.563,162.0236279,54,0,0.048389036,-0.083664219,0.083664219,0.048389036,35.49569104,10.12844457,1.934419766,-1.966428521,2.214722752,-1.704476637,6.349799888,1.748124801,2.05595014,2.913161164,374.0344904,7.681798276,5.919416357,6.675345303,5.377010098,3.510349442,3.888313915,2.460971502,2.868171629,1.736428508,2.066016729,1.185882541,1.430724861,-1.01,505.7637346,6.684816447,2.554171088,1.099229702,70.41633388,0,0,0,0,0,0,0,0,0,0,47.9991423,11.45259128,10.40885753,0,0,22.37338832,0,0,0,0,0,47.48720279,0,0,0,0,0,11.60093989,0,0,0,0,42.46456948,5.022633314,10.77244843,0,0,0,0,0,0,0,10.40885753,5.386224214,0,30.33183534,12.13273414,11.60093989,0,5.957037037,0,3.13867284,0,0,14.01540123,0,0,0,0,11,0,0,0,0,0,2,0,2,0,0,1,0,0,0,0,2,3.4932,48.958,0,0,0,0,0,0,0,0,0,0,0,0,0,0,0,0,0,0,0,0,0,0,0,0,0,0,0,0,0,0,0,0,0,0,2,0,1,0,0,0,0,0,0,0,1,0,0,0,0,0,0,0,0,0,0,0,0,0,0,0,0,0,0,0,0,0,0,0,0,0,0,0,0,0,0,0,0,0,0,0,0,0,0,0,0,0.818181818,1.545454545,2.363636364,0,0
F,15,DIO,PM1/L8-BO,1,高沸点溶剂添加剂,ITO/PEDOT:PSS/(PM1/L8-BO)/PNDIT-F3N/Ag,ICCCCCCCCI,0.879,26.1,77.55,17.87,9.64E-07,2.454655993,2.454655993,1.337345679,1.337345679,0.360140031,10.2,366.024,349.896,365.9341465,62,0,-0.000472812,-0.086375917,0.086375917,0.000472812,126.9137216,10.13204741,1.878618147,-1.964807038,2.067504511,-1.799735234,14.10995232,0.63270578,1.967154472,2.647604849,47.21928095,7.656854249,6.412783196,10.72777978,4.914213562,4.034522484,7.085685828,2.499284817,4.656783108,1.517261242,3.042842914,0.896089018,1.974838163,1.46,175.076748,11.46,10.46,9.46,91.81752207,0,0,0,0,0,0,0,0,0,0,70.86502775,21.69674805,0,0,0,45.18174125,0,0,0,38.52492974,8.855104805,0,0,0,0,0,0,45.18174125,8.855104805,0,0,38.52492974,0,0,0,0,0,0,0,0,0,0,0,47.38003454,0,0,45.18174125,0,2.674691358,4.909311987,0,0,0,0,0,8.655996655,0,0,1,10,0,0,0,0,0,0,0,0,0,0,2,7,0,0,0,0,4.197,65.476,0,0,0,0,0,0,0,0,0,0,0,0,0,0,0,0,0,0,0,0,0,0,0,0,0,2,0,0,0,0,0,0,0,0,0,0,0,0,0,0,0,0,0,0,2,0,0,0,0,0,0,0,0,0,0,0,0,0,0,0,0,0,0,0,0,0,0,0,0,0,0,0,0,0,0,0,0,0,0,0,0,0,0,5,0,0.5,0.8,1.1,0,0
F,15,TCB,PM1/L8-BO,1,挥发性固体添加剂,ITO/PEDOT:PSS/(PM1/L8-BO)/PNDIT-F3N/Ag,C1=CC(=C(C=C1Cl)Cl)Cl,0.898,26.46,76.45,18.38,1.18017063,5.597561728,5.597561728,0.489969136,0.489969136,0.536102155,9.666666667,181.449,178.425,179.9300331,48,0,0.060661305,-0.084287094,0.084287094,0.060661305,35.49901419,10.35889204,1.944445093,-1.922199655,2.238868416,-1.659379504,6.426358862,1.704596868,1.796567574,3.17167803,219.5429995,6.853371151,4.365944227,6.633731065,4.198377303,2.304980581,3.438874,1.558430719,2.809266753,0.881647495,1.855773877,0.47049985,0.99654233,0.09,104.2009193,7.200011001,2.782200282,1.751071235,68.3412018,0,0,0,0,0,0,0,0,0,0,34.80281967,18.19910121,5.022633314,10.04526663,0,34.80281967,0,0,0,0,0,33.26700115,0,0,0,0,0,34.80281967,0,0,0,0,18.19910121,15.06789994,0,0,0,0,0,0,0,15.06789994,0,0,18.19910121,0,0,34.80281967,0,16.76148148,0,1.620030864,0,0,4.951820988,0,0,0,0,9,0,0,0,0,0,1,0,1,0,0,3,0,0,0,0,1,3.6468,41.472,0,0,0,0,0,0,0,0,0,0,0,0,0,0,0,0,0,0,0,0,0,0,0,0,0,0,0,0,0,0,0,0,0,0,1,0,0,0,0,0,0,0,0,0,3,0,0,0,0,0,0,0,0,0,0,0,0,0,0,0,0,0,0,0,0,0,0,0,0,0,0,0,0,0,0,0,0,0,0,0,0,0,0,0,0,0.888888889,1.555555556,2,0,0
F,15,TCB+DIO,PM1/L8-BO,2,混合添加剂,ITO/PEDOT:PSS/(PM1/L8-BO)/PNDIT-F3N/Ag,C1=CC(=C(C=C1Cl)Cl)Cl,0.875,25.14,76.83,16.93,1.18017063,5.597561728,5.597561728,0.489969136,0.489969136,0.536102155,9.666666667,181.449,178.425,179.9300331,48,0,0.060661305,-0.084287094,0.084287094,0.060661305,35.49901419,10.35889204,1.944445093,-1.922199655,2.238868416,-1.659379504,6.426358862,1.704596868,1.796567574,3.17167803,219.5429995,6.853371151,4.365944227,6.633731065,4.198377303,2.304980581,3.438874,1.558430719,2.809266753,0.881647495,1.855773877,0.47049985,0.99654233,0.09,104.2009193,7.200011001,2.782200282,1.751071235,68.3412018,0,0,0,0,0,0,0,0,0,0,34.80281967,18.19910121,5.022633314,10.04526663,0,34.80281967,0,0,0,0,0,33.26700115,0,0,0,0,0,34.80281967,0,0,0,0,18.19910121,15.06789994,0,0,0,0,0,0,0,15.06789994,0,0,18.19910121,0,0,34.80281967,0,16.76148148,0,1.620030864,0,0,4.951820988,0,0,0,0,9,0,0,0,0,0,1,0,1,0,0,3,0,0,0,0,1,3.6468,41.472,0,0,0,0,0,0,0,0,0,0,0,0,0,0,0,0,0,0,0,0,0,0,0,0,0,0,0,0,0,0,0,0,0,0,1,0,0,0,0,0,0,0,0,0,3,0,0,0,0,0,0,0,0,0,0,0,0,0,0,0,0,0,0,0,0,0,0,0,0,0,0,0,0,0,0,0,0,0,0,0,0,0,0,0,0,0.888888889,1.555555556,2,0,0
F,15,TCB+DIO,PM1/L8-BO,2,混合添加剂,ITO/PEDOT:PSS/(PM1/L8-BO)/PNDIT-F3N/Ag,ICCCCCCCCI,0.875,25.14,76.83,16.93,9.64E-07,2.454655993,2.454655993,1.337345679,1.337345679,0.360140031,10.2,366.024,349.896,365.9341465,62,0,-0.000472812,-0.086375917,0.086375917,0.000472812,126.9137216,10.13204741,1.878618147,-1.964807038,2.067504511,-1.799735234,14.10995232,0.63270578,1.967154472,2.647604849,47.21928095,7.656854249,6.412783196,10.72777978,4.914213562,4.034522484,7.085685828,2.499284817,4.656783108,1.517261242,3.042842914,0.896089018,1.974838163,1.46,175.076748,11.46,10.46,9.46,91.81752207,0,0,0,0,0,0,0,0,0,0,70.86502775,21.69674805,0,0,0,45.18174125,0,0,0,38.52492974,8.855104805,0,0,0,0,0,0,45.18174125,8.855104805,0,0,38.52492974,0,0,0,0,0,0,0,0,0,0,0,47.38003454,0,0,45.18174125,0,2.674691358,4.909311987,0,0,0,0,0,8.655996655,0,0,1,10,0,0,0,0,0,0,0,0,0,0,2,7,0,0,0,0,4.197,65.476,0,0,0,0,0,0,0,0,0,0,0,0,0,0,0,0,0,0,0,0,0,0,0,0,0,2,0,0,0,0,0,0,0,0,0,0,0,0,0,0,0,0,0,0,2,0,0,0,0,0,0,0,0,0,0,0,0,0,0,0,0,0,0,0,0,0,0,0,0,0,0,0,0,0,0,0,0,0,0,0,0,0,0,5,0,0.5,0.8,1.1,0,0
F,16,CN,PBQ6:PYF-T-o,1,卤代噻吩类衍生物,ITO/PEDOT:PSS/PBQ6:PYF-T-o/PDINN/Ag,ClC1=C2C=CC=CC2=CC=C1,0.885,23.33,73.1,15.35,0.83954768,5.957037037,5.957037037,0.822314815,0.822314815,0.55644797,10.27272727,162.619,155.563,162.0236279,54,0,0.048389036,-0.083664219,0.083664219,0.048389036,35.49569104,10.12844457,1.934419766,-1.966428521,2.214722752,-1.704476637,6.349799888,1.748124801,2.05595014,2.913161164,374.0344904,7.681798276,5.919416357,6.675345303,5.377010098,3.510349442,3.888313915,2.460971502,2.868171629,1.736428508,2.066016729,1.185882541,1.430724861,-1.01,505.7637346,6.684816447,2.554171088,1.099229702,70.41633388,0,0,0,0,0,0,0,0,0,0,47.9991423,11.45259128,10.40885753,0,0,22.37338832,0,0,0,0,0,47.48720279,0,0,0,0,0,11.60093989,0,0,0,0,42.46456948,5.022633314,10.77244843,0,0,0,0,0,0,0,10.40885753,5.386224214,0,30.33183534,12.13273414,11.60093989,0,5.957037037,0,3.13867284,0,0,14.01540123,0,0,0,0,11,0,0,0,0,0,2,0,2,0,0,1,0,0,0,0,2,3.4932,48.958,0,0,0,0,0,0,0,0,0,0,0,0,0,0,0,0,0,0,0,0,0,0,0,0,0,0,0,0,0,0,0,0,0,0,2,0,1,0,0,0,0,0,0,0,1,0,0,0,0,0,0,0,0,0,0,0,0,0,0,0,0,0,0,0,0,0,0,0,0,0,0,0,0,0,0,0,0,0,0,0,0,0,0,0,0,0.818181818,1.545454545,2.363636364,0,0
F,16,DTT,PBQ6:PYF-T-o(与CN对比),1,固体添加剂,ITO/PEDOT:PSS/PBQ6:PYF-T-o/PDINN/Ag,C1=CSC2=C1SC3=C2SC=C3,0.869,25.2,75.8,16.6,0.0697167,2.205740741,2.205740741,1.441527778,1.441527778,0.505800042,11.63636364,196.321,192.289,195.9475131,54,0,0.062877584,-0.141380533,0.141380533,0.062877584,32.1386473,10.47133603,2.049032072,-1.711356312,2.394695257,-1.387331084,7.371547009,2.251640555,2.52397821,2.753722456,452.0727689,7.259148545,5.534145948,7.983635691,5.449489743,3.281918038,5.857720241,2.330013024,5.246022136,1.684343263,5.056021321,1.2052807,4.715521468,-0.38,883.3923736,6.171005749,2.061722689,0.732213389,75.71582199,0,0,0,0,0,0,0,0,0,34.01035763,0,22.89285968,9.399839833,9.399839833,0,52.8100373,0,0,0,0,0,22.89285968,0,0,0,0,0,34.01035763,0,0,0,0,22.89285968,0,18.79967967,0,0,0,0,0,0,0,0,18.79967967,0,34.01035763,22.89285968,0,5.8275,5.593703704,0,4.333981481,0,0,4.411481481,0,0,0,0,11,0,0,0,0,0,0,3,3,3,0,3,0,0,0,0,3,4.1775,55.085,0,0,0,0,0,0,0,0,0,0,0,0,0,0,0,0,0,0,0,0,0,0,0,0,0,0,0,0,0,0,0,0,0,0,0,0,3,0,0,0,0,0,0,0,0,0,0,0,0,0,0,0,0,0,0,0,0,0,0,0,0,0,0,0,0,0,0,0,0,0,0,0,0,0,0,0,0,0,0,0,0,0,3,0,0,0.818181818,1.363636364,1.909090909,0,0
F,17,DIB,PBDB-T:Y6,1,挥发性固体添加剂,ITO/PEDOT:PSS/PBDB-T:Y6/Rhodamine 101/Ag,C1=CC(=CC=C1I)I,0.67,25.28,70.87,12,1.73E-06,2.293133333,2.293133333,1.294459259,1.294459259,0.642051393,9.25,329.906,325.874,329.8402461,42,0,0.013054724,-0.047792868,0.047792868,0.013054724,126.913722,10.37614531,1.823583796,-1.865196704,2.071859743,-1.684989424,14.11320949,1.599140599,1.769973094,3.032455532,145.3883389,5.983127663,4.065330023,8.380326605,3.7876937,2.199331678,4.356829969,1.43643578,3.927700219,0.803543161,2.241875356,0.429549359,1.148715456,0.68,70.79892376,6.795207373,3.004496065,1.889429225,75.95507936,0,0,0,0,0,0,0,0,0,0,0,69.44720953,7.140364542,0,0,45.18174125,0,0,0,0,0,31.40583282,0,0,0,0,0,45.18174125,0,0,7.140364542,0,24.26546827,0,0,0,0,0,0,0,0,0,0,7.140364542,0,0,69.44720953,0,2.588918519,4.586266667,0,0,0,0,8.398148148,0,0,0,0,8,0,0,0,0,0,1,0,1,0,0,2,0,0,0,0,1,2.8958,51.876,0,0,0,0,0,0,0,0,0,0,0,0,0,0,0,0,0,0,0,0,0,0,0,0,0,0,0,0,0,0,0,0,0,0,1,0,0,0,0,0,0,0,0,0,2,0,0,0,0,0,0,0,0,0,0,0,0,0,0,0,0,0,0,0,0,0,0,0,0,0,0,0,0,0,0,0,0,0,0,0,0,0,0,0,0,0.75,1,1.25,0,0
F,17,DIB,BTR-Cl:Y6,1,挥发性固体添加剂,ITO/PEDOT:PSS/BTR-Cl:Y6/Rhodamine 101/Ag,C1=CC(=CC=C1I)I,0.84,23.61,72.22,14.32,1.73E-06,2.293133333,2.293133333,1.294459259,1.294459259,0.642051393,9.25,329.906,325.874,329.8402461,42,0,0.013054724,-0.047792868,0.047792868,0.013054724,126.913722,10.37614531,1.823583796,-1.865196704,2.071859743,-1.684989424,14.11320949,1.599140599,1.769973094,3.032455532,145.3883389,5.983127663,4.065330023,8.380326605,3.7876937,2.199331678,4.356829969,1.43643578,3.927700219,0.803543161,2.241875356,0.429549359,1.148715456,0.68,70.79892376,6.795207373,3.004496065,1.889429225,75.95507936,0,0,0,0,0,0,0,0,0,0,0,69.44720953,7.140364542,0,0,45.18174125,0,0,0,0,0,31.40583282,0,0,0,0,0,45.18174125,0,0,7.140364542,0,24.26546827,0,0,0,0,0,0,0,0,0,0,7.140364542,0,0,69.44720953,0,2.588918519,4.586266667,0,0,0,0,8.398148148,0,0,0,0,8,0,0,0,0,0,1,0,1,0,0,2,0,0,0,0,1,2.8958,51.876,0,0,0,0,0,0,0,0,0,0,0,0,0,0,0,0,0,0,0,0,0,0,0,0,0,0,0,0,0,0,0,0,0,0,1,0,0,0,0,0,0,0,0,0,2,0,0,0,0,0,0,0,0,0,0,0,0,0,0,0,0,0,0,0,0,0,0,0,0,0,0,0,0,0,0,0,0,0,0,0,0,0,0,0,0,0.75,1,1.25,0,0
F,17,DIB,PM6:Y6:ICBA,1,挥发性固体添加剂,ITO/PEDOT:PSS/PM6:Y6:ICBA/Rhodamine 101/Ag,C1=CC(=CC=C1I)I,0.84,26.5,79.62,17.72,1.73E-06,2.293133333,2.293133333,1.294459259,1.294459259,0.642051393,9.25,329.906,325.874,329.8402461,42,0,0.013054724,-0.047792868,0.047792868,0.013054724,126.913722,10.37614531,1.823583796,-1.865196704,2.071859743,-1.684989424,14.11320949,1.599140599,1.769973094,3.032455532,145.3883389,5.983127663,4.065330023,8.380326605,3.7876937,2.199331678,4.356829969,1.43643578,3.927700219,0.803543161,2.241875356,0.429549359,1.148715456,0.68,70.79892376,6.795207373,3.004496065,1.889429225,75.95507936,0,0,0,0,0,0,0,0,0,0,0,69.44720953,7.140364542,0,0,45.18174125,0,0,0,0,0,31.40583282,0,0,0,0,0,45.18174125,0,0,7.140364542,0,24.26546827,0,0,0,0,0,0,0,0,0,0,7.140364542,0,0,69.44720953,0,2.588918519,4.586266667,0,0,0,0,8.398148148,0,0,0,0,8,0,0,0,0,0,1,0,1,0,0,2,0,0,0,0,1,2.8958,51.876,0,0,0,0,0,0,0,0,0,0,0,0,0,0,0,0,0,0,0,0,0,0,0,0,0,0,0,0,0,0,0,0,0,0,1,0,0,0,0,0,0,0,0,0,2,0,0,0,0,0,0,0,0,0,0,0,0,0,0,0,0,0,0,0,0,0,0,0,0,0,0,0,0,0,0,0,0,0,0,0,0,0,0,0,0,0.75,1,1.25,0,0
F,18,BTA3,PM6:BTP-eC9,1,固态添加剂,ITO/PEDOT:PSS/(PM6:BTP-eC9:BTA3)/PFN-Br/Ag,CCCCCCC1=CC=C(C2(C3=CC=C(CCCCCC)C=C3)C4=C(C5=C2C=C6C(C(C7=CC=C(CCCCCC)C=C7)(C8=C6SC(C9=CC=C(CC%10S/C(N(CC)C%10=O)=C(C#N)\C#N)C%11=NN(CCCCCCCC)N=C9%11)=C8)C%12=CC=C(CCCCCC)C=C%12)=C5)SC(C%13=CC=C(CC%14S/C(N(CC)C%14=O)=C(C#N)\C#N)C%15=NN(CCCCCCCC)N=C%13%15)=C4)C=C1,0.865,27.92,77.19,18.65,0.18317145,14.54164481,14.54164481,0.048011675,-0.845393701,0.025882619,15.28125,1776.568,1649.56,1774.900955,662,0,0.240805514,-0.304364359,0.304364359,0.240805514,32.16813141,9.653191805,2.538159232,-2.355053075,2.665767418,-2.296644336,8.046850787,-0.127634942,1.497680205,0.984974051,5483.5584,89.26521204,76.69721757,79.9632039,62.77761375,48.44084886,51.83314765,35.8405951,40.32786516,27.23549345,32.23992929,20.27731361,25.45346369,-10.18,5.59E+43,92.53175677,43.49109928,18.95538694,776.2761289,9.799819462,56.40183072,11.14620906,11.81435946,0,0,9.589074368,0,51.0353059,22.67357176,327.6516102,204.178026,43.72500457,34.41936981,9.589074368,80.07850398,21.04756622,39.78755914,0,308.1172026,13.08951281,244.6854822,0,66.03927999,0,0,0,46.19734165,75.19130747,72.03349786,45.32445147,313.0612239,166.7971613,0,63.82919761,0,197.2,21.329857,30.63664059,0,22.96056852,49.07881146,143.9664059,226.7411744,9.799819462,46.1140586,211.4121181,20.39472723,0,6.333941378,40.68505026,62.36186841,22.6203443,-0.230127907,66.53045942,37.08102895,19.45076854,0,0.454545455,128,0,14,2,2,4,7,4,11,16,0,18,46,0,2,2,15,28.10172,529.428,0,0,0,0,0,6,0,0,0,0,2,2,0,0,0,12,0,0,0,0,0,0,0,0,0,0,2,2,0,0,6,0,0,0,7,0,8,0,0,0,0,0,0,0,0,0,0,0,0,0,0,0,0,0,0,0,0,4,0,0,0,0,0,0,0,0,0,0,0,0,0,0,0,0,0,2,0,0,0,0,0,0,2,22,0,0.3359375,0.625,0.921875,0,0
F,19,CN,PTB7-Th:p-IO1,1,卤代噻吩类衍生物,ITO/ZnO/PTB7-Th:NFA/MoO₃/Ag,ClC1=C2C=CC=CC2=CC=C1,0.78,22.3,62,10.8,0.83954768,5.957037037,5.957037037,0.822314815,0.822314815,0.55644797,10.27272727,162.619,155.563,162.0236279,54,0,0.048389036,-0.083664219,0.083664219,0.048389036,35.49569104,10.12844457,1.934419766,-1.966428521,2.214722752,-1.704476637,6.349799888,1.748124801,2.05595014,2.913161164,374.0344904,7.681798276,5.919416357,6.675345303,5.377010098,3.510349442,3.888313915,2.460971502,2.868171629,1.736428508,2.066016729,1.185882541,1.430724861,-1.01,505.7637346,6.684816447,2.554171088,1.099229702,70.41633388,0,0,0,0,0,0,0,0,0,0,47.9991423,11.45259128,10.40885753,0,0,22.37338832,0,0,0,0,0,47.48720279,0,0,0,0,0,11.60093989,0,0,0,0,42.46456948,5.022633314,10.77244843,0,0,0,0,0,0,0,10.40885753,5.386224214,0,30.33183534,12.13273414,11.60093989,0,5.957037037,0,3.13867284,0,0,14.01540123,0,0,0,0,11,0,0,0,0,0,2,0,2,0,0,1,0,0,0,0,2,3.4932,48.958,0,0,0,0,0,0,0,0,0,0,0,0,0,0,0,0,0,0,0,0,0,0,0,0,0,0,0,0,0,0,0,0,0,0,2,0,1,0,0,0,0,0,0,0,1,0,0,0,0,0,0,0,0,0,0,0,0,0,0,0,0,0,0,0,0,0,0,0,0,0,0,0,0,0,0,0,0,0,0,0,0,0,0,0,0,0.818181818,1.545454545,2.363636364,0,0
F,19,CN,PTB7-Th:o-IO1,1,卤代噻吩类衍生物,ITO/ZnO/PTB7-Th:NFA/MoO₃/Ag,ClC1=C2C=CC=CC2=CC=C1,0.74,26.3,67,13.1,0.83954768,5.957037037,5.957037037,0.822314815,0.822314815,0.55644797,10.27272727,162.619,155.563,162.0236279,54,0,0.048389036,-0.083664219,0.083664219,0.048389036,35.49569104,10.12844457,1.934419766,-1.966428521,2.214722752,-1.704476637,6.349799888,1.748124801,2.05595014,2.913161164,374.0344904,7.681798276,5.919416357,6.675345303,5.377010098,3.510349442,3.888313915,2.460971502,2.868171629,1.736428508,2.066016729,1.185882541,1.430724861,-1.01,505.7637346,6.684816447,2.554171088,1.099229702,70.41633388,0,0,0,0,0,0,0,0,0,0,47.9991423,11.45259128,10.40885753,0,0,22.37338832,0,0,0,0,0,47.48720279,0,0,0,0,0,11.60093989,0,0,0,0,42.46456948,5.022633314,10.77244843,0,0,0,0,0,0,0,10.40885753,5.386224214,0,30.33183534,12.13273414,11.60093989,0,5.957037037,0,3.13867284,0,0,14.01540123,0,0,0,0,11,0,0,0,0,0,2,0,2,0,0,1,0,0,0,0,2,3.4932,48.958,0,0,0,0,0,0,0,0,0,0,0,0,0,0,0,0,0,0,0,0,0,0,0,0,0,0,0,0,0,0,0,0,0,0,2,0,1,0,0,0,0,0,0,0,1,0,0,0,0,0,0,0,0,0,0,0,0,0,0,0,0,0,0,0,0,0,0,0,0,0,0,0,0,0,0,0,0,0,0,0,0,0,0,0,0,0.818181818,1.545454545,2.363636364,0,0
F,19,CN,PTB7-Th:p-IO2,1,卤代噻吩类衍生物,ITO/ZnO/PTB7-Th:NFA/MoO₃/Ag,ClC1=C2C=CC=CC2=CC=C1,0.7,23,67,10.8,0.8395478,5.957037037,5.957037037,0.822314815,0.822314815,0.55644797,10.27272727,162.619,155.563,162.0236279,54,0,0.048389036,-0.083664219,0.083664219,0.048389036,35.49569104,10.12844457,1.934419766,-1.966428521,2.214722752,-1.704476637,6.349799888,1.748124801,2.05595014,2.913161164,374.0344904,7.681798276,5.919416357,6.675345303,5.377010098,3.510349442,3.888313915,2.460971502,2.868171629,1.736428508,2.066016729,1.185882541,1.430724861,-1.01,505.7637346,6.684816447,2.554171088,1.099229702,70.41633388,0,0,0,0,0,0,0,0,0,0,47.9991423,11.45259128,10.40885753,0,0,22.37338832,0,0,0,0,0,47.48720279,0,0,0,0,0,11.60093989,0,0,0,0,42.46456948,5.022633314,10.77244843,0,0,0,0,0,0,0,10.40885753,5.386224214,0,30.33183534,12.13273414,11.60093989,0,5.957037037,0,3.13867284,0,0,14.01540123,0,0,0,0,11,0,0,0,0,0,2,0,2,0,0,1,0,0,0,0,2,3.4932,48.958,0,0,0,0,0,0,0,0,0,0,0,0,0,0,0,0,0,0,0,0,0,0,0,0,0,0,0,0,0,0,0,0,0,0,2,0,1,0,0,0,0,0,0,0,1,0,0,0,0,0,0,0,0,0,0,0,0,0,0,0,0,0,0,0,0,0,0,0,0,0,0,0,0,0,0,0,0,0,0,0,0,0,0,0,0,0.818181818,1.545454545,2.363636364,0,0
F,19,CN,PTB7-Th:o-IO2,1,卤代噻吩类衍生物,ITO/ZnO/PTB7-Th:NFA/MoO₃/Ag,ClC1=C2C=CC=CC2=CC=C1,0.68,21.8,63,9.3,0.83954768,5.957037037,5.957037037,0.822314815,0.822314815,0.55644797,10.27272727,162.619,155.563,162.0236279,54,0,0.048389036,-0.083664219,0.083664219,0.048389036,35.49569104,10.12844457,1.934419766,-1.966428521,2.214722752,-1.704476637,6.349799888,1.748124801,2.05595014,2.913161164,374.0344904,7.681798276,5.919416357,6.675345303,5.377010098,3.510349442,3.888313915,2.460971502,2.868171629,1.736428508,2.066016729,1.185882541,1.430724861,-1.01,505.7637346,6.684816447,2.554171088,1.099229702,70.41633388,0,0,0,0,0,0,0,0,0,0,47.9991423,11.45259128,10.40885753,0,0,22.37338832,0,0,0,0,0,47.48720279,0,0,0,0,0,11.60093989,0,0,0,0,42.46456948,5.022633314,10.77244843,0,0,0,0,0,0,0,10.40885753,5.386224214,0,30.33183534,12.13273414,11.60093989,0,5.957037037,0,3.13867284,0,0,14.01540123,0,0,0,0,11,0,0,0,0,0,2,0,2,0,0,1,0,0,0,0,2,3.4932,48.958,0,0,0,0,0,0,0,0,0,0,0,0,0,0,0,0,0,0,0,0,0,0,0,0,0,0,0,0,0,0,0,0,0,0,2,0,1,0,0,0,0,0,0,0,1,0,0,0,0,0,0,0,0,0,0,0,0,0,0,0,0,0,0,0,0,0,0,0,0,0,0,0,0,0,0,0,0,0,0,0,0,0,0,0,0,0.818181818,1.545454545,2.363636364,0,0
F,20,IC-FI,BTR-Cl:N3,1,挥发性固体添加剂,ITO/PEDOT:PSS/active layer/PDINO/Ag,N#C/C(C#N)=C1C2=CC(F)=C(I)C=C2C(C/1)=O,0.82,24.06,73.50,14.43,1.40538024,13.43850907,13.43850907,0.008611111,-0.452055933,0.539743789,12.94117647,338.079,334.047,337.935239,82,0,0.16748395,-0.293790884,0.293790884,0.16748395,126.9127044,10.02917663,2.279127095,-2.012988808,2.355356636,-1.933490198,14.11191726,0.100387967,2.596850706,2.766867688,633.6950794,12.57698579,8.420411747,10.57791004,8.07891736,4.641109533,5.719858679,3.489013884,4.651204566,2.548692657,3.375373193,1.761232119,2.228344201,-1.73,8143.723813,11.74659181,4.266053192,1.829299812,110.2996766,0,23.528768,5.783244946,0,0,0,4.794537184,4.390415048,10.52378311,0,0,45.86016079,15.55445539,0,9.184952232,33.9472201,10.52378311,0,0,6.420821623,0,38.22014476,0,12.13844263,0,4.390415048,0,22.59087063,5.783244946,0,32.04962885,22.34226179,17.70583867,0,5.57310453,0,64.65,5.817220841,9.184952232,0,17.7771711,20.27018978,0,12.13273414,34.72931325,0,0,10.52378311,13.79167139,1.797470528,11.69698224,17.57053886,0.94705941,-0.636392971,6.127948318,-0.008611111,0,0,0.083333333,17,0,3,1,0,1,1,0,1,3,0,5,0,0,0,0,2,2.81746,66.2105,0,0,0,0,0,0,0,0,0,0,1,1,0,0,0,2,0,0,0,0,0,0,0,0,0,0,2,0,0,0,0,0,0,0,1,0,1,0,0,0,0,0,0,0,2,0,0,0,0,0,0,1,1,0,0,0,0,2,0,0,0,0,0,0,0,0,0,0,0,0,0,0,0,0,0,0,0,0,0,0,0,0,0,0,0,1.294117647,1.941176471,2.529411765,0,0
F,20,A1(DIB),PM6:Y6,1,挥发性固体添加剂,ITO/PEDOT:PSS/active layer/PDINO/Ag,IC1=CC=C(Br)C=C1,0.84,26.13,67.71,14.9,0.08651126,3.342083333,3.342083333,1.136959259,1.136959259,0.641842915,9.25,282.906,278.874,281.8541102,42,0,0.017549116,-0.050838414,0.050838414,0.017549116,126.9127043,10.37517255,1.824335842,-1.864481338,2.106390088,-1.65044114,14.11191555,1.603059237,1.769973094,3.032455532,147.3883389,5.983127663,4.065330023,7.808824853,3.7876937,2.199331678,4.071079093,1.43643578,3.597743528,0.803543161,2.051374772,0.429549359,1.053465164,0.43,70.79892376,6.548623962,2.823853375,1.742777784,70.56078885,0,0,0,0,0,0,0,0,0,0,15.9299439,46.8563389,8.042901787,0,0,38.52081453,0,0,0,0,0,32.30837006,0,0,0,0,0,38.52081453,0,0,3.570182271,0,28.73818779,0,0,0,0,0,0,0,0,0,4.472719516,3.570182271,0,12.13273414,50.65354866,0,2.406218519,5.617716667,0,0,0,0,8.179398148,0,0,0,0,8,0,0,0,0,0,1,0,1,0,0,2,0,0,0,0,1,3.0537,46.859,0,0,0,0,0,0,0,0,0,0,0,0,0,0,0,0,0,0,0,0,0,0,0,0,0,0,0,0,0,0,0,0,0,0,1,0,0,0,0,0,0,0,0,0,2,0,0,0,0,0,0,0,0,0,0,0,0,0,0,0,0,0,0,0,0,0,0,0,0,0,0,0,0,0,0,0,0,0,0,0,0,0,0,0,0,1.125,1.625,2,0,0
F,20,A2(TCB),PM6:Y6,1,挥发性固体添加剂,ITO/PEDOT:PSS/active layer/PDINO/Ag,ClC1=C(Cl)C=C(Cl)C(Cl)=C1,0.83,25.92,74.71,16.1,1.11175029,5.610895062,5.610895062,0.413024691,0.413024691,0.566615555,10,215.894,213.878,213.8910608,54,0,0.060769454,-0.08265548,0.08265548,0.060769454,35.50049861,10.35235631,2.01670204,-1.968679785,2.309255737,-1.703552306,6.465542379,1.700352658,1.841127075,3.282462907,205.9198834,7.723614639,4.66655843,7.690274214,4.609060905,2.410629484,3.922487376,1.680425657,3.309226164,0.963206153,2.407506286,0.498292645,1.264642866,0.38,156.4958014,8.476339114,3.18546695,1.701096486,78.64446803,0,0,0,0,0,0,0,0,0,0,46.40375956,12.13273414,0,20.09053325,0,46.40375956,0,0,0,0,0,32.22326739,0,0,0,0,0,46.40375956,0,0,0,0,12.13273414,20.09053325,0,0,0,0,0,0,0,20.09053325,0,12.13273414,0,0,0,46.40375956,0,22.44358025,0,1.652098765,0,0,3.015432099,0,0,0,0,10,0,0,0,0,0,1,0,1,0,0,4,0,0,0,0,1,4.3002,46.482,0,0,0,0,0,0,0,0,0,0,0,0,0,0,0,0,0,0,0,0,0,0,0,0,0,0,0,0,0,0,0,0,0,0,1,0,0,0,0,0,0,0,0,0,4,0,0,0,0,0,0,0,0,0,0,0,0,0,0,0,0,0,0,0,0,0,0,0,0,0,0,0,0,0,0,0,0,0,0,0,0,0,0,0,0,0.6,0.8,1,0,0
F,20,A3(DITFB),PM6:Y6,1,挥发性固体添加剂,ITO/PEDOT:PSS/active layer/PDINO/Ag,C1(=C(C(=C(C(=C1I)F)F)I)F)F,0.82,26.50,76.05,16.50,1.06E-06,12.63844074,12.63844074,0.663874074,-1.348240741,0.270221419,10.5,401.866,401.866,401.8025589,66,0,0.175920838,-0.20242266,0.20242266,0.175920838,126.913722,10.29865518,2.213027508,-2.019061894,2.254228196,-2.019717511,14.11321354,0.437265445,2.081571824,3.603567451,231.8128652,9.464101615,5.267786838,9.58278342,5.464101615,2.633893419,4.79139171,1.883893419,4.04139171,1.156232424,3.050439274,0.578116212,1.525219637,0.4,416.3143648,10.48064516,3.641965974,1.543509809,92.61722097,0,0,23.26888336,0,0,0,0,17.56166019,0,0,0,45.18174125,0,7.140364542,17.56166019,45.18174125,0,0,0,0,0,30.40924791,0,0,0,17.56166019,0,45.18174125,0,0,30.40924791,0,0,0,0,0,0,30.40924791,17.56166019,0,0,0,0,45.18174125,0,0,0,0,49.22601481,2.406948148,0,0,0,-5.392962963,0,0,0,0,0,12,0,0,0,0,0,1,0,1,0,0,6,0,0,0,0,1,3.4522,51.708,0,0,0,0,0,0,0,0,0,0,0,0,0,0,0,0,0,0,0,0,0,0,0,0,0,0,0,0,0,0,0,0,0,0,1,0,0,0,0,0,0,0,0,0,6,0,0,0,0,0,0,0,0,0,0,0,0,0,0,0,0,0,0,0,0,0,0,0,0,0,0,0,0,0,0,0,0,0,0,0,0,0,0,0,0,0.583333333,0.75,0.916666667,0,0
F,20,A3(DITFB),PBDB-T:Y6,1,挥发性固体添加剂,ITO/PEDOT:PSS/active layer/PDINO/Ag,C1(=C(C(=C(C(=C1I)F)F)I)F)F,0.72,24.59,64.24,10.8,1.06E-06,12.63844074,12.63844074,0.663874074,-1.348240741,0.270221419,10.5,401.866,401.866,401.8025589,66,0,0.175920838,-0.20242266,0.20242266,0.175920838,126.913722,10.29865518,2.213027508,-2.019061894,2.254228196,-2.019717511,14.11321354,0.437265445,2.081571824,3.603567451,231.8128652,9.464101615,5.267786838,9.58278342,5.464101615,2.633893419,4.79139171,1.883893419,4.04139171,1.156232424,3.050439274,0.578116212,1.525219637,0.4,416.3143648,10.48064516,3.641965974,1.543509809,92.61722097,0,0,23.26888336,0,0,0,0,17.56166019,0,0,0,45.18174125,0,7.140364542,17.56166019,45.18174125,0,0,0,0,0,30.40924791,0,0,0,17.56166019,0,45.18174125,0,0,30.40924791,0,0,0,0,0,0,30.40924791,17.56166019,0,0,0,0,45.18174125,0,0,0,0,49.22601481,2.406948148,0,0,0,-5.392962963,0,0,0,0,0,12,0,0,0,0,0,1,0,1,0,0,6,0,0,0,0,1,3.4522,51.708,0,0,0,0,0,0,0,0,0,0,0,0,0,0,0,0,0,0,0,0,0,0,0,0,0,0,0,0,0,0,0,0,0,0,1,0,0,0,0,0,0,0,0,0,6,0,0,0,0,0,0,0,0,0,0,0,0,0,0,0,0,0,0,0,0,0,0,0,0,0,0,0,0,0,0,0,0,0,0,0,0,0,0,0,0,0.583333333,0.75,0.916666667,0,0
F,20,A3(DITFB),PBDB-T-SF:IT4F,1,挥发性固体添加剂,ITO/PEDOT:PSS/active layer/PDINO/Ag,C1(=C(C(=C(C(=C1I)F)F)I)F)F,0.91,19.28,64.66,11.3,5.03E-06,12.63844074,12.63844074,0.663874074,-1.348240741,0.270221419,10.5,401.866,401.866,401.8025589,66,0,0.175920838,-0.20242266,0.20242266,0.175920838,126.913722,10.29865518,2.213027508,-2.019061894,2.254228196,-2.019717511,14.11321354,0.437265445,2.081571824,3.603567451,231.8128652,9.464101615,5.267786838,9.58278342,5.464101615,2.633893419,4.79139171,1.883893419,4.04139171,1.156232424,3.050439274,0.578116212,1.525219637,0.4,416.3143648,10.48064516,3.641965974,1.543509809,92.61722097,0,0,23.26888336,0,0,0,0,17.56166019,0,0,0,45.18174125,0,7.140364542,17.56166019,45.18174125,0,0,0,0,0,30.40924791,0,0,0,17.56166019,0,45.18174125,0,0,30.40924791,0,0,0,0,0,0,30.40924791,17.56166019,0,0,0,0,45.18174125,0,0,0,0,49.22601481,2.406948148,0,0,0,-5.392962963,0,0,0,0,0,12,0,0,0,0,0,1,0,1,0,0,6,0,0,0,0,1,3.4522,51.708,0,0,0,0,0,0,0,0,0,0,0,0,0,0,0,0,0,0,0,0,0,0,0,0,0,0,0,0,0,0,0,0,0,0,1,0,0,0,0,0,0,0,0,0,6,0,0,0,0,0,0,0,0,0,0,0,0,0,0,0,0,0,0,0,0,0,0,0,0,0,0,0,0,0,0,0,0,0,0,0,0,0,0,0,0,0.583333333,0.75,0.916666667,0,0
F,20,DCIB,PM6:Y6,1,挥发性固体添加剂,ITO/PEDOT:PSS/active layer/PDINO/Ag,IC1=CC(Cl)=CC(Cl)=C1,0.849,26.49,75.69,17.02,1.35906037,5.661002469,5.661002469,0.686944444,0.686944444,0.633362504,9.666666667,272.9,269.876,271.8656535,48,0,0.043082769,-0.084249526,0.084249526,0.043082769,126.9127043,10.36416463,1.917625081,-1.916826771,2.190972461,-1.693313527,14.11191618,1.644883357,1.588091448,3.16567031,171.8200652,6.853371151,4.365944227,8.03530041,4.18154055,2.298997517,4.133675609,1.587666373,3.706170153,0.827326835,1.886578725,0.520178761,2.085381043,0.53,85.75693819,7.634931794,3.080610856,2.31671842,77.29977369,0,0,0,0,0,0,0,0,0,0,23.20187978,40.78997183,13.6154489,0,0,45.79275041,0,0,0,0,0,31.8145501,0,0,0,0,0,45.79275041,0,0,3.570182271,0,18.19910121,10.04526663,0,0,0,0,0,0,0,10.04526663,3.570182271,0,6.066367068,12.13273414,22.59087063,23.20187978,1.060277778,13.48418272,0,1.373888889,0,0,5.42387284,0,0,0,0,9,0,0,0,0,0,1,0,1,0,0,3,0,0,0,0,1,3.598,49.179,0,0,0,0,0,0,0,0,0,0,0,0,0,0,0,0,0,0,0,0,0,0,0,0,0,0,0,0,0,0,0,0,0,0,1,0,0,0,0,0,0,0,0,0,3,0,0,0,0,0,0,0,0,0,0,0,0,0,0,0,0,0,0,0,0,0,0,0,0,0,0,0,0,0,0,0,0,0,0,0,0,0,0,0,0,1,1.444444444,1.777777778,0,0
F,20,SA-1,PBDB-TF:IT-4F,1,挥发性固体添加剂,ITO/PEDOT:PSS/active layer/PDINO/Ag,CC1=CC2=C(S1)C(/C(C2=O)=C/C3=CC=CS3)=O,0.86,20.2,76,13.3,1.89920224,12.07264645,12.07264645,0.128240741,-0.136342593,0.579866122,16.88235294,260.339,252.275,259.9965715,84,0,0.207208835,-0.288398603,0.288398603,0.207208835,32.13469827,10.12140031,2.345147409,-1.924360843,2.339172544,-1.997285893,7.149211663,0.099117435,2.960419793,2.098326588,609.5223659,11.99119935,9.019744508,10.65273767,8.164703798,5.116365326,6.812514718,3.831529899,6.067125194,2.625160192,4.493736376,1.868818905,3.489102082,-1.52,14067.91485,10.62246291,3.752428145,1.605456594,106.2215445,0,0,5.783244946,5.783244946,0,0,9.589074368,0,0,22.67357176,6.066367068,30.51255421,15.31774588,10.45025172,9.589074368,40.31608176,0,0,0,6.9237372,0,49.34716158,0,0,0,0,0,22.67357176,11.56648989,0,6.9237372,29.78396744,29.15226851,0,6.076020107,0,34.14,0,9.589074368,0,11.56648989,16.01370322,9.754294387,22.67357176,12.14238718,24.43653411,0,0,0,2.918165129,26.67927876,1.926798758,0.869450113,-0.264583333,5.603439442,1.691851852,1.908932613,0,0.076923077,17,0,2,1,0,1,0,2,2,4,0,4,1,0,0,0,3,3.58062,70.013,0,0,0,0,0,0,0,0,0,0,2,2,0,0,0,0,0,0,0,0,0,0,0,0,0,0,1,0,0,0,1,0,0,0,0,0,1,0,0,0,0,0,0,0,0,0,0,0,0,0,0,2,2,0,0,0,0,0,0,0,0,0,0,0,0,0,0,0,0,0,0,0,0,0,0,0,0,0,0,0,0,0,2,0,0,1.235294118,2.058823529,2.705882353,0,0
F,20,SA-1,PBDB-TCl:IT-4F,1,挥发性固体添加剂,ITO/PEDOT:PSS/active layer/PDINO/Ag,CC1=CC2=C(S1)C(/C(C2=O)=C/C3=CC=CS3)=O,0.86,21.1,75,13.7,1.89920224,12.07264645,12.07264645,0.128240741,-0.136342593,0.579866122,16.88235294,260.339,252.275,259.9965715,84,0,0.207208835,-0.288398603,0.288398603,0.207208835,32.13469827,10.12140031,2.345147409,-1.924360843,2.339172544,-1.997285893,7.149211663,0.099117435,2.960419793,2.098326588,609.5223659,11.99119935,9.019744508,10.65273767,8.164703798,5.116365326,6.812514718,3.831529899,6.067125194,2.625160192,4.493736376,1.868818905,3.489102082,-1.52,14067.91485,10.62246291,3.752428145,1.605456594,106.2215445,0,0,5.783244946,5.783244946,0,0,9.589074368,0,0,22.67357176,6.066367068,30.51255421,15.31774588,10.45025172,9.589074368,40.31608176,0,0,0,6.9237372,0,49.34716158,0,0,0,0,0,22.67357176,11.56648989,0,6.9237372,29.78396744,29.15226851,0,6.076020107,0,34.14,0,9.589074368,0,11.56648989,16.01370322,9.754294387,22.67357176,12.14238718,24.43653411,0,0,0,2.918165129,26.67927876,1.926798758,0.869450113,-0.264583333,5.603439442,1.691851852,1.908932613,0,0.076923077,17,0,2,1,0,1,0,2,2,4,0,4,1,0,0,0,3,3.58062,70.013,0,0,0,0,0,0,0,0,0,0,2,2,0,0,0,0,0,0,0,0,0,0,0,0,0,0,1,0,0,0,1,0,0,0,0,0,1,0,0,0,0,0,0,0,0,0,0,0,0,0,0,2,2,0,0,0,0,0,0,0,0,0,0,0,0,0,0,0,0,0,0,0,0,0,0,0,0,0,0,0,0,0,2,0,0,1.235294118,2.058823529,2.705882353,0,0
F,20,DBCl,PM6:Y6,1,挥发性固体添加剂,ITO/PEDOT:PSS/active layer/PDINO/Ag,ClC1=CC(Br)=CC(Br)=C1,0.85,25.8,78.5,17.2,1.35949929,5.690246914,5.690246914,0.732638889,0.732638889,0.671191911,9.666666667,270.351,267.327,267.829002,48,0,0.042793755,-0.08426045,0.08426045,0.042793755,79.91976333,10.36749222,1.914670783,-1.919538738,2.22094071,-1.659179302,9.108004963,1.601341732,1.588091448,3.16567031,171.8200652,6.853371151,4.365944227,8.293866251,4.18154055,2.298997517,4.262958529,1.587666373,3.855453211,0.827326835,1.961220254,0.520178761,2.312561234,0.47,85.75693819,7.575596621,3.039426929,2.280127144,75.46976456,0,0,0,0,0,0,0,0,0,0,43.46082769,18.19910121,13.96807235,0,0,43.46082769,0,0,0,0,0,32.16717355,0,0,0,0,0,43.46082769,0,0,0,0,27.14454024,5.022633314,0,0,0,0,0,0,0,0,13.96807235,0,0,18.19910121,31.8598878,11.60093989,1.975694444,12.28719136,0,0.732638889,0,0,5.61558642,0,0,0,0,9,0,0,0,0,0,1,0,1,0,0,3,0,0,0,0,1,3.865,46.852,0,0,0,0,0,0,0,0,0,0,0,0,0,0,0,0,0,0,0,0,0,0,0,0,0,0,0,0,0,0,0,0,0,0,1,0,0,0,0,0,0,0,0,0,3,0,0,0,0,0,0,0,0,0,0,0,0,0,0,0,0,0,0,0,0,0,0,0,0,0,0,0,0,0,0,0,0,0,0,0,0,0,0,0,0,1,1.444444444,1.777777778,0,0
F,20,DBCl,PM6:L8B-O,1,挥发性固体添加剂,ITO/PEDOT:PSS/active layer/PDINO/Ag,ClC1=CC(Br)=CC(Br)=C1,0.89,25.9,80.2,18.5,1.35949929,5.690246914,5.690246914,0.732638889,0.732638889,0.671191911,9.666666667,270.351,267.327,267.829002,48,0,0.042793755,-0.08426045,0.08426045,0.042793755,79.91976333,10.36749222,1.914670783,-1.919538738,2.22094071,-1.659179302,9.108004963,1.601341732,1.588091448,3.16567031,171.8200652,6.853371151,4.365944227,8.293866251,4.18154055,2.298997517,4.262958529,1.587666373,3.855453211,0.827326835,1.961220254,0.520178761,2.312561234,0.47,85.75693819,7.575596621,3.039426929,2.280127144,75.46976456,0,0,0,0,0,0,0,0,0,0,43.46082769,18.19910121,13.96807235,0,0,43.46082769,0,0,0,0,0,32.16717355,0,0,0,0,0,43.46082769,0,0,0,0,27.14454024,5.022633314,0,0,0,0,0,0,0,0,13.96807235,0,0,18.19910121,31.8598878,11.60093989,1.975694444,12.28719136,0,0.732638889,0,0,5.61558642,0,0,0,0,9,0,0,0,0,0,1,0,1,0,0,3,0,0,0,0,1,3.865,46.852,0,0,0,0,0,0,0,0,0,0,0,0,0,0,0,0,0,0,0,0,0,0,0,0,0,0,0,0,0,0,0,0,0,0,1,0,0,0,0,0,0,0,0,0,3,0,0,0,0,0,0,0,0,0,0,0,0,0,0,0,0,0,0,0,0,0,0,0,0,0,0,0,0,0,0,0,0,0,0,0,0,0,0,0,0,1,1.444444444,1.777777778,0,0
F,20,DTBF,PBDB-TF:Y6,1,挥发性固体添加剂,ITO/PEDOT:PSS/active layer/PDINO/Ag,C1(=C(C(=C(C(=C1Br)F)F)Br)F)F,0.849,26.3,77.9,17.4,1.03E-06,12.57386574,12.57386574,0.846574074,-1.457615741,0.388750654,10.5,307.866,307.866,305.8302871,66,0,0.176855416,-0.202341123,0.202341123,0.176855416,79.91976138,10.29685125,2.214444847,-2.017821912,2.303859885,-1.968819157,9.105556755,0.439086252,2.081571824,3.603567451,231.8128652,9.464101615,5.267786838,8.439779916,5.464101615,2.633893419,4.219889958,1.883893419,3.469889958,1.156232424,2.548681039,0.578116212,1.27434052,-0.1,416.3143648,9.984033613,3.334193689,1.372838361,81.82863994,0,0,23.26888336,0,0,0,0,17.56166019,0,0,0,31.8598878,0,8.945439032,17.56166019,31.8598878,0,0,0,0,0,32.2143224,0,0,0,17.56166019,0,31.8598878,0,0,23.26888336,0,8.945439032,0,0,0,0,32.2143224,17.56166019,0,0,0,0,0,0,0,31.8598878,0,48.60231481,4.728148148,0,0,0,-5.830462963,0,0,0,0,0,12,0,0,0,0,0,1,0,1,0,0,6,0,0,0,0,1,3.768,41.674,0,0,0,0,0,0,0,0,0,0,0,0,0,0,0,0,0,0,0,0,0,0,0,0,0,0,0,0,0,0,0,0,0,0,1,0,0,0,0,0,0,0,0,0,6,0,0,0,0,0,0,0,0,0,0,0,0,0,0,0,0,0,0,0,0,0,0,0,0,0,0,0,0,0,0,0,0,0,0,0,0,0,0,0,0,0.583333333,0.75,0.916666667,0,0
F,20,INB-1F,PBDB-T-2F:BTP-4F,1,挥发性固体添加剂,ITO/PEDOT:PSS/active layer/PDINO/Ag,N#C/C(C#N)=C/C1=CC=CC=C1F,0.81,27.0,72.0,15.7,3.23602629,12.95922525,12.95922525,0.106388889,-0.439351852,0.609710848,8.230769231,172.162,167.122,172.0436764,62,0,0.129990994,-0.206346422,0.206346422,0.129990994,19.14218582,10.13220211,1.982212854,-1.930233528,2.098122852,-1.810143936,5.615943889,0.624835102,2.167002419,3.135952324,405.2862656,9.681798276,6.65914301,6.65914301,6.274386908,3.54089637,3.54089637,2.303132444,2.303132444,1.445965131,1.445965131,0.837204231,0.837204231,-2.13,953.4810642,8.96199632,4.036560538,2.148010758,75.15226331,0,23.528768,0,0,0,0,0,4.390415048,10.52378311,0,18.19910121,12.14238718,5.563451492,0,4.390415048,6.076020107,10.52378311,0,0,0,0,41.21924514,0,12.13844263,0,4.390415048,0,0,0,0,28.47944658,5.563451492,29.8385728,0,6.076020107,0,47.58,5.817220841,4.390415048,0,11.13655602,0,0,18.20875424,24.27117676,0,0,10.52378311,12.95922525,0,0,16.82999055,0.144166667,-0.439351852,9.288376795,1.217592593,0,0,0,13,0,2,0,0,0,1,0,1,2,0,3,1,0,0,0,1,2.25626,45.603,0,0,0,0,0,0,0,0,0,0,0,0,0,0,0,2,0,0,0,0,0,0,0,0,0,0,1,0,0,0,0,0,0,0,1,0,0,0,0,0,0,0,0,0,1,0,0,0,0,0,0,0,0,0,0,0,0,2,0,0,0,0,0,0,0,0,0,0,0,0,0,0,0,0,0,0,0,0,0,0,0,0,0,0,0,1.230769231,1.846153846,2.384615385,0,0
F,20,INB-3F,PBDB-T-2F:BTP-4F,1,挥发性固体添加剂,ITO/PEDOT:PSS/active layer/PDINO/Ag,C1=C(C=C(C(=C1F)C=C(C#N)C#N)F)F,0.81,27.1,72.2,15.8,2.58756166,13.00089191,13.00089191,0.45888133,-1.156944444,0.665485044,8.866666667,208.142,205.118,208.0248328,74,0,0.135851294,-0.206786223,0.206786223,0.135851294,19.14876627,10.11539795,2.096184841,-1.985056042,2.17048453,-1.915461031,5.62197495,0.539869586,2.167733283,3.356072862,467.3743904,11.42228525,7.260371418,7.260371418,7.07891736,3.746211113,3.746211113,2.564729587,2.564729587,1.5734044,1.5734044,0.925143351,0.925143351,-2.27,1924.947155,10.8085546,4.296155426,2.35182087,83.48333412,0,35.16320968,0,0,0,0,0,13.17124514,10.52378311,0,0,6.076020107,17.69618563,0,13.17124514,6.076020107,10.52378311,0,0,0,0,40.72095268,0,12.13844263,0,13.17124514,0,0,0,0,40.11388826,5.563451492,17.70583867,0,6.076020107,0,47.58,28.58821854,13.17124514,0,0,12.13273414,6.076020107,12.13844263,0,0,0,10.52378311,38.48062657,0,0,16.72791037,-1.061196145,-3.371652494,3.831348734,0.726296296,0,0,0,15,0,2,0,0,0,1,0,1,2,0,5,1,0,0,0,1,2.53446,45.519,0,0,0,0,0,0,0,0,0,0,0,0,0,0,0,2,0,0,0,0,0,0,0,0,0,0,1,0,0,0,0,0,0,0,1,0,0,0,0,0,0,0,0,0,3,0,0,0,0,0,0,0,0,0,0,0,0,2,0,0,0,0,0,0,0,0,0,0,0,0,0,0,0,0,0,0,0,0,0,0,0,0,0,0,0,1.066666667,1.533333333,1.933333333,0,0
F,20,INB-5F,PBDB-T-2F:BTP-4F,1,挥发性固体添加剂,ITO/PEDOT:PSS/active layer/PDINO/Ag,C(=C(C#N)C#N)C1=C(C(=C(C(=C1F)F)F)F)F,0.81,27.7,74.3,16.4,2.83831902,13.05126228,13.05126228,0.287962963,-2.298504346,0.329804651,9.352941176,244.122,243.114,244.0059891,86,0,0.200064781,-0.202857534,0.202857534,0.200064781,19.17817124,10.10108835,2.242329448,-2.032677853,2.241589303,-2.037386679,5.625308505,0.376582704,2.343266723,3.638082433,547.17965,13.16277223,7.861599825,7.861599825,7.93395807,3.969475047,3.969475047,2.765205817,2.765205817,1.773337225,1.773337225,0.982490169,0.982490169,-2.41,4967.725452,12.6585401,4.62131564,2.084953619,91.81440492,0,17.71154716,23.26888336,5.817220841,0,0,0,21.95207524,10.52378311,0,0,6.076020107,0,5.563451492,21.95207524,6.076020107,10.52378311,0,0,0,0,40.22266023,0,12.13844263,0,21.95207524,0,0,0,0,51.74832994,5.563451492,5.57310453,0,6.076020107,0,47.58,40.22266023,21.95207524,0,6.076020107,0,0,12.13844263,0,0,0,10.52378311,64.13275431,0,0,16.63012125,-2.103973923,-10.75261621,2.472418273,0.287962963,0,0,0,17,0,2,0,0,0,1,0,1,2,0,7,1,0,0,0,1,2.81266,45.435,0,0,0,0,0,0,0,0,0,0,0,0,0,0,0,2,0,0,0,0,0,0,0,0,0,0,1,0,0,0,0,0,0,0,1,0,0,0,0,0,0,0,0,0,5,0,0,0,0,0,0,0,0,0,0,0,0,2,0,0,0,0,0,0,0,0,0,0,0,0,0,0,0,0,0,0,0,0,0,0,0,0,0,0,0,0.764705882,1.117647059,1.470588235,0,0
F,20,DTT,PBQ6:PYF-T-o(与CN对比),1,挥发性固体添加剂,ITO/PEDOT:PSS/active layer/PDINO/Ag,C1(C=CS2)=C2C3=C(C=CS3)S1,0.886,25.12,76.64,17.06,0.06971643,2.205740741,2.205740741,1.441527778,1.441527778,0.505800042,11.63636364,196.321,192.289,195.9475131,54,0,0.062877584,-0.141380533,0.141380533,0.062877584,32.1386473,10.47133603,2.049032072,-1.711356312,2.394695257,-1.387331084,7.371547009,2.251640555,2.52397821,2.753722456,452.0727689,7.259148545,5.534145948,7.983635691,5.449489743,3.281918038,5.857720241,2.330013024,5.246022136,1.684343263,5.056021321,1.2052807,4.715521468,-0.38,883.3923736,6.171005749,2.061722689,0.732213389,75.71582199,0,0,0,0,0,0,0,0,0,34.01035763,0,22.89285968,9.399839833,9.399839833,0,52.8100373,0,0,0,0,0,22.89285968,0,0,0,0,0,34.01035763,0,0,0,0,22.89285968,0,18.79967967,0,0,0,0,0,0,0,0,18.79967967,0,34.01035763,22.89285968,0,5.8275,5.593703704,0,4.333981481,0,0,4.411481481,0,0,0,0,11,0,0,0,0,0,0,3,3,3,0,3,0,0,0,0,3,4.1775,55.085,0,0,0,0,0,0,0,0,0,0,0,0,0,0,0,0,0,0,0,0,0,0,0,0,0,0,0,0,0,0,0,0,0,0,0,0,3,0,0,0,0,0,0,0,0,0,0,0,0,0,0,0,0,0,0,0,0,0,0,0,0,0,0,0,0,0,0,0,0,0,0,0,0,0,0,0,0,0,0,0,0,0,3,0,0,0.818181818,1.363636364,1.909090909,0,0
F,20,anthracene,PM6:Y6,1,挥发性固体添加剂,ITO/PEDOT:PSS/active layer/PDINO/Ag,C12=CC=CC=C1C=C3C=CC=CC3=C2,0.844,25.91,77.8,17.02,0,2.240740741,2.240740741,1.311296296,1.311296296,0.456410247,10.85714286,178.234,168.154,178.0782503,66,0,-0.017765168,-0.06162935,0.06162935,0.017765168,13.99135217,10.04121709,1.946569776,-2.003902282,2.214535144,-1.740376276,5.974985321,1.76485975,2.26050622,2.523732645,488.7590986,9.380468889,7.773502692,7.773502692,6.93265299,4.809401077,4.809401077,3.546509365,3.546509365,2.614031049,2.614031049,1.882638632,1.882638632,-1.82,3255.128956,7.571439104,2.845083623,1.080316882,82.79473218,0,0,0,0,0,0,0,0,0,0,48.53093655,33.67763099,0,0,0,21.54489686,0,0,0,0,0,60.66367068,0,0,0,0,0,0,0,0,0,0,60.66367068,0,21.54489686,0,0,0,0,0,0,0,0,21.54489686,0,0,60.66367068,0,0,0,0,5.245185185,0,0,21.42148148,0,0,0,0,14,0,0,0,0,0,3,0,3,0,0,0,0,0,0,0,3,3.993,61.454,0,0,0,0,0,0,0,0,0,0,0,0,0,0,0,0,0,0,0,0,0,0,0,0,0,0,0,0,0,0,0,0,0,0,3,0,2,0,0,0,0,0,0,0,0,0,0,0,0,0,0,0,0,0,0,0,0,0,0,0,0,0,0,0,0,0,0,0,0,0,0,0,0,0,0,0,0,0,0,0,0,0,0,0,0,0.428571429,0.714285714,1,0,0
F,20,anthracene,PTQ10:Y6,1,挥发性固体添加剂,ITO/PEDOT:PSS/active layer/PDINO/Ag,C12=CC=CC=C1C=C3C=CC=CC3=C2,0.841,26.42,74.7,16.72,0,2.240740741,2.240740741,1.311296296,1.311296296,0.456410247,10.85714286,178.234,168.154,178.0782503,66,0,-0.017765168,-0.06162935,0.06162935,0.017765168,13.99135217,10.04121709,1.946569776,-2.003902282,2.214535144,-1.740376276,5.974985321,1.76485975,2.26050622,2.523732645,488.7590986,9.380468889,7.773502692,7.773502692,6.93265299,4.809401077,4.809401077,3.546509365,3.546509365,2.614031049,2.614031049,1.882638632,1.882638632,-1.82,3255.128956,7.571439104,2.845083623,1.080316882,82.79473218,0,0,0,0,0,0,0,0,0,0,48.53093655,33.67763099,0,0,0,21.54489686,0,0,0,0,0,60.66367068,0,0,0,0,0,0,0,0,0,0,60.66367068,0,21.54489686,0,0,0,0,0,0,0,0,21.54489686,0,0,60.66367068,0,0,0,0,5.245185185,0,0,21.42148148,0,0,0,0,14,0,0,0,0,0,3,0,3,0,0,0,0,0,0,0,3,3.993,61.454,0,0,0,0,0,0,0,0,0,0,0,0,0,0,0,0,0,0,0,0,0,0,0,0,0,0,0,0,0,0,0,0,0,0,3,0,2,0,0,0,0,0,0,0,0,0,0,0,0,0,0,0,0,0,0,0,0,0,0,0,0,0,0,0,0,0,0,0,0,0,0,0,0,0,0,0,0,0,0,0,0,0,0,0,0,0.428571429,0.714285714,1,0,0
F,20,DTT,BTP-FTh:IDIC,1,挥发性固体添加剂,ITO/PEDOT:PSS/active layer/PDINO/Ag,C1(C=CS2)=C2C3=C(C=CS3)S1,0.870,27.17,80.6,19.05,0.06971677,2.205740741,2.205740741,1.441527778,1.441527778,0.505800042,11.63636364,196.321,192.289,195.9475131,54,0,0.062877584,-0.141380533,0.141380533,0.062877584,32.1386473,10.47133603,2.049032072,-1.711356312,2.394695257,-1.387331084,7.371547009,2.251640555,2.52397821,2.753722456,452.0727689,7.259148545,5.534145948,7.983635691,5.449489743,3.281918038,5.857720241,2.330013024,5.246022136,1.684343263,5.056021321,1.2052807,4.715521468,-0.38,883.3923736,6.171005749,2.061722689,0.732213389,75.71582199,0,0,0,0,0,0,0,0,0,34.01035763,0,22.89285968,9.399839833,9.399839833,0,52.8100373,0,0,0,0,0,22.89285968,0,0,0,0,0,34.01035763,0,0,0,0,22.89285968,0,18.79967967,0,0,0,0,0,0,0,0,18.79967967,0,34.01035763,22.89285968,0,5.8275,5.593703704,0,4.333981481,0,0,4.411481481,0,0,0,0,11,0,0,0,0,0,0,3,3,3,0,3,0,0,0,0,3,4.1775,55.085,0,0,0,0,0,0,0,0,0,0,0,0,0,0,0,0,0,0,0,0,0,0,0,0,0,0,0,0,0,0,0,0,0,0,0,0,3,0,0,0,0,0,0,0,0,0,0,0,0,0,0,0,0,0,0,0,0,0,0,0,0,0,0,0,0,0,0,0,0,0,0,0,0,0,0,0,0,0,0,0,0,0,3,0,0,0.818181818,1.363636364,1.909090909,0,0
F,20,BDT-1,PM6:TPT10(与DIO对比),1,挥发性固体添加剂,ITO/PEDOT:PSS/active layer/PDINO/Ag,O=C1C2=C(C=CC=C2)C(C3=CC=CC=C13)=O,0.899,24.80,73.00,16.26,0.08439964,12.1012963,12.1012963,0.064074074,-0.064074074,0.568336559,13.25,208.216,200.152,208.0524295,76,0,0.194013171,-0.288562785,0.288562785,0.194013171,16.14417409,9.841653089,2.277529693,-2.158799866,2.259153977,-2.198228989,6.278099203,0.097888058,2.359928741,2.348767906,506.137336,11.12095586,8.435298734,8.435298734,7.7876937,5.062948829,5.062948829,3.749415854,3.749415854,2.83263241,2.83263241,2.048410259,2.048410259,-2.22,7740.566269,9.038511761,3.136156554,1.069306335,92.5355946,0,0,11.56648989,0,0,0,9.589074368,0,0,0,48.53093655,0,22.25380597,0,9.589074368,11.56648989,0,0,0,0,0,70.78474251,0,0,0,0,0,0,11.56648989,0,0,31.84288033,48.53093655,0,0,0,34.14,0,9.589074368,0,11.56648989,22.25380597,0,0,48.53093655,0,0,0,0,0,24.20259259,0,2.022962963,-0.128148148,13.90259259,0,0,0,0,16,0,2,1,0,1,2,0,2,2,0,2,0,0,0,0,3,2.462,59.749,0,0,0,0,0,0,0,0,0,0,2,2,0,0,0,0,0,0,0,0,0,0,0,0,0,0,0,0,0,0,0,0,0,0,2,0,2,0,0,0,0,0,0,0,0,0,0,0,0,0,0,2,0,0,0,0,0,0,0,0,0,0,0,0,0,0,0,0,0,0,0,0,0,0,0,0,0,0,0,0,0,0,0,0,0,0.5,0.75,1,0,0
F,20,BDT-2,PM6:TPT10(与DIO对比),1,挥发性固体添加剂,ITO/PEDOT:PSS/active layer/PDINO/Ag,O=C(C1=C2C=CS1)C3=C(C2=O)SC=C3,0.877,24.90,69.50,15.18,1.76E-05,11.84060185,11.84060185,0.008472222,-0.008472222,0.583230841,14,220.274,216.242,219.9652714,68,0,0.20479246,-0.287613535,0.287613535,0.20479246,32.13465911,9.963139282,2.30891114,-2.080323525,2.326950633,-2.152650478,7.149583263,0.098563923,2.823990377,2.370366632,456.727911,9.706742302,6.942394239,8.5753874,6.7876937,4.031918038,5.79122366,2.985047971,4.817280126,2.232160139,4.058512932,1.572440883,3.262256141,-1.26,3750.259221,8.081847565,2.618760243,0.844233472,87.81632114,0,0,0,11.56648989,0,0,9.589074368,0,0,22.67357176,0,22.89285968,11.12690298,9.754294387,9.589074368,34.24006165,0,0,0,0,0,43.77405705,0,0,0,0,0,22.67357176,11.56648989,0,0,30.47027174,22.89285968,0,0,0,34.14,0,9.589074368,0,11.56648989,20.88119737,0,22.67357176,22.89285968,0,0,0,0,2.676944444,24.84953704,3.577407407,1.129537037,-0.016944444,3.450185185,0,0,0,0,14,0,2,1,0,1,0,2,2,4,0,4,0,0,0,0,3,2.585,55.503,0,0,0,0,0,0,0,0,0,0,2,2,0,0,0,0,0,0,0,0,0,0,0,0,0,0,0,0,0,0,0,0,0,0,0,0,2,0,0,0,0,0,0,0,0,0,0,0,0,0,0,2,0,0,0,0,0,0,0,0,0,0,0,0,0,0,0,0,0,0,0,0,0,0,0,0,0,0,0,0,0,0,2,0,0,0.785714286,1.214285714,1.642857143,0,0
F,20,SA-7,PBDB-TCl:IT-4F,1,挥发性固体添加剂,ITO/PEDOT:PSS/active layer/PDINO/Ag,C1=CC=C2C(=C1)C(=C(C#N)C#N)/C(=C/C3=CC=CS3)/C2=O,0.875,19.6,70.5,12.1,2.06436065,12.55304611,12.55304611,0.03138322,-0.141666667,0.591419063,14.66666667,288.331,280.267,288.0357339,98,0,0.193895277,-0.288564945,0.288564945,0.193895277,32.13347327,9.992190638,2.315667501,-2.004354343,2.393842478,-1.948626032,7.104413311,0.103948591,3.111787538,2.316586669,858.2541968,14.81962648,10.82972593,11.64622251,10.25755016,6.201206486,7.080859297,4.421747004,5.401019312,3.25837764,4.077694664,2.362330535,3.019627568,-2.95,114488.8871,13.05260571,5.204537995,2.083776191,125.2450996,0,17.71154716,5.783244946,0,0,0,4.794537184,0,10.52378311,11.33678588,30.33183534,23.08590144,21.58680775,0,4.794537184,28.76915546,10.52378311,0,0,0,0,68.92852442,0,12.13844263,0,0,0,11.33678588,5.783244946,0,22.66222574,20.79858736,52.92447424,0,11.64912464,0,64.65,0,15.31832029,0,11.35634948,22.27311204,4.877147194,11.33678588,30.34148838,29.65123953,0,0,0,1.502467876,13.46868103,20.26624559,2.017192933,-0.141666667,14.6400422,1.747037037,0,0,0,21,0,3,1,0,1,1,1,2,4,0,4,1,0,0,0,3,3.82876,81.2145,0,0,0,0,0,0,0,0,0,0,1,1,0,0,0,2,0,0,0,0,0,0,0,0,0,0,3,0,0,0,0,0,0,0,1,0,1,0,0,0,0,0,0,0,0,0,0,0,0,0,0,1,1,0,0,0,0,2,0,0,0,0,0,0,0,0,0,0,0,0,0,0,0,0,0,0,0,0,0,0,0,0,1,0,0,1.047619048,1.761904762,2.380952381,0,0
F,20,FBT,PM6:Y6,1,挥发性固体添加剂,ITO/PEDOT:PSS/active layer/PDINO/Ag,FC1=CC2=NSN=C2C=C1,0.842,26.14,75.57,16.63,0.88281593,12.45101852,12.45101852,0.263703704,-0.263703704,0.578139867,10.5,154.169,151.145,154.0000973,50,0,0.125056751,-0.206924902,0.206924902,0.125056751,32.14068137,10.29515485,1.968282917,-1.835234242,2.110716744,-1.718734677,6.995656123,0.629236659,2.333875817,2.860781632,357.2753029,6.974691495,4.912690762,5.729187343,4.860173345,2.739378075,3.469674819,1.897260124,2.425707811,1.215806486,1.772498499,0.755276102,1.272653096,-1.03,357.083,5.732166137,1.983951565,0.769281496,60.64044226,0,16.85062228,0,0,0,0,0,4.390415048,8.747079963,0,0,12.13273414,6.066367068,11.72818735,4.390415048,22.76158878,0,8.747079963,0,0,0,24.01632205,0,0,0,4.390415048,0,11.72818735,8.747079963,0,5.817220841,0,18.19910121,0,11.03340144,0,25.78,0,4.390415048,0,5.817220841,5.516700718,17.24488806,12.13273414,6.066367068,0,8.747079963,0,20.24481481,1.094907407,0,0,1.385555556,-0.263703704,4.371759259,0,0,0,0,10,0,2,0,0,0,1,1,2,3,0,4,0,0,0,0,2,1.8304,37.373,0,0,0,0,0,2,0,0,0,0,0,0,0,0,0,2,0,0,0,0,0,0,0,0,0,0,0,0,0,0,0,0,0,0,1,0,1,0,0,0,0,0,0,0,1,0,0,0,0,0,0,0,0,0,0,0,0,0,0,0,0,0,0,0,0,0,0,0,0,0,0,0,0,0,0,0,0,0,0,0,0,0,0,0,0,1.2,2,2.9,0,0
F,20,2FBT,PM6:Y6,1,挥发性固体添加剂,ITO/PEDOT:PSS/active layer/PDINO/Ag,FC1=CC2=NSN=C2C=C1F,0.839,25.83,72.88,15.79,0.94662885,12.48805556,12.48805556,0.39712963,-0.884074074,0.606711586,10.72727273,172.159,170.143,171.9906755,56,0,0.160676136,-0.203680647,0.203680647,0.160676136,32.14068147,10.27854992,2.051198913,-1.885372635,2.149651691,-1.818671211,6.99566415,0.510413941,2.362776016,2.857746579,362.3816552,7.844934983,5.213304966,6.029801547,5.270856948,2.845026979,3.575323722,2.019255062,2.54770275,1.295818873,1.852510886,0.780450624,1.289674184,-1.1,526.8990516,6.600277754,2.197100589,0.970053341,64.80597767,0,11.03340144,11.63444168,0,0,0,0,8.780830095,8.747079963,0,0,0,12.13273414,11.72818735,8.780830095,22.76158878,0,8.747079963,0,0,0,23.76717582,0,0,0,8.780830095,0,11.72818735,8.747079963,0,11.63444168,0,12.13273414,0,11.03340144,0,25.78,11.63444168,8.780830095,0,0,11.03340144,23.86092148,0,0,0,8.747079963,0,32.46518519,0.936944444,0,0,0.794259259,-1.768148148,2.071759259,0,0,0,0,11,0,2,0,0,0,1,1,2,3,0,5,0,0,0,0,2,1.9695,37.331,0,0,0,0,0,2,0,0,0,0,0,0,0,0,0,2,0,0,0,0,0,0,0,0,0,0,0,0,0,0,0,0,0,0,1,0,1,0,0,0,0,0,0,0,2,0,0,0,0,0,0,0,0,0,0,0,0,0,0,0,0,0,0,0,0,0,0,0,0,0,0,0,0,0,0,0,0,0,0,0,0,0,0,0,0,1,1.454545455,1.909090909,0,0
F,20,Bipy,J51:N2200,1,挥发性固体添加剂,ITO/PEDOT:PSS/active layer/PDINO/Ag,C1(C2=CC=NC=C2)=CC=NC=C1,0.85,14.74,69.44,8.73,1.47E-06,3.955260771,3.955260771,1.173518519,1.173518519,0.631772953,9.666666667,156.188,148.124,156.0687483,58,0,0.027347468,-0.264691916,0.264691916,0.027347468,14.61307927,10.10901163,1.923271729,-1.972237903,2.150964919,-1.773289816,5.610585411,1.308256776,2.206794674,2.45714948,305.2315896,8.22576835,6.513229345,6.513229345,5.966326495,3.770829431,3.770829431,2.47177746,2.47177746,1.693974429,1.693974429,1.088728474,1.088728474,-1.7,1023.952729,6.976638734,3.133048071,1.320753083,70.92779329,0,0,0,0,0,0,9.967957042,0,0,0,0,35.39237126,24.78737429,0,0,0,0,9.967957042,0,0,0,49.05284256,0,11.12690298,0,0,0,0,9.967957042,0,0,0,49.05284256,0,11.12690298,0,25.78,0,0,0,0,0,0,11.12690298,24.78737429,24.26546827,9.967957042,0,0,0,7.910521542,0,2.347037037,0,7.925925926,7.149848828,0,0,0,12,0,2,0,0,0,0,2,2,2,0,2,1,0,0,0,2,2.1436,47.468,0,0,0,0,0,2,0,0,0,0,0,0,0,0,0,2,0,0,0,0,0,0,0,0,0,0,0,0,0,0,0,0,0,0,0,0,0,0,0,0,0,0,0,0,0,0,0,0,0,0,0,0,0,0,0,0,0,0,0,0,0,0,0,0,0,0,0,0,0,0,0,0,0,2,0,0,0,0,0,0,0,0,0,0,0,0.583333333,0.916666667,1.25,0,0
F,20,BT,PBDB-T:ITIC,1,非挥发性固体添加剂,ITO/PEDOT:PSS/active layer/PDINO/Ag,C1=CC=C2C(=C1)N=NS2,0.90,18.21,70.25,11.57,2.49865308,3.887222222,3.887222222,0.988425926,0.988425926,0.550428797,10.22222222,136.179,132.147,136.0095191,44,0,0.105464548,-0.137998562,0.137998562,0.105464548,32.13710165,10.33849761,1.910209559,-1.77942222,2.120683667,-1.63150685,7.124356421,1.198659944,2.332743027,2.95465979,285.0356462,6.104448007,4.612076558,5.428573139,4.466326495,2.637655398,3.41105206,1.740661445,2.526361353,1.152989875,1.858206526,0.725351266,1.283927807,-0.96,254.26899,4.876009085,1.771713778,0.695064334,56.30227044,0,5.516700718,0,0,0,0,0,0,0,5.098681808,16.62097741,23.66522075,0,4.699919916,0,21.74910725,0,9.586925077,0,0,0,24.26546827,0,0,0,0,0,11.53248661,9.586925077,0,0,0,24.26546827,0,10.21662063,0,25.78,0,0,0,0,0,10.21662063,11.53248661,0,24.26546827,9.586925077,0,4.943425926,1.426203704,0,3.887222222,0.988425926,0,7.921388889,0,0,0,0,9,0,2,0,0,0,1,1,2,3,0,3,0,0,0,0,2,1.6913,37.415,0,0,0,0,0,2,0,0,0,0,0,0,0,0,0,2,0,0,0,0,0,0,0,0,0,0,0,0,0,0,0,0,0,0,1,0,1,0,0,0,0,0,0,0,0,0,0,0,0,0,0,0,0,0,0,0,0,0,0,0,0,0,0,0,0,0,0,0,0,0,0,0,0,0,0,0,0,0,0,0,0,0,0,0,0,1.222222222,2.111111111,3,0,0
F,20,PS,PBDB-TT5:ITIC,1,非挥发性固体添加剂,ITO/PEDOT:PSS/active layer/PDINO/Ag,C=CC1C=CC=CC=1,0.894,14.92,65.77,8.56,0,3.630925926,3.630925926,1.173611111,1.173611111,0.512605938,8.5,104.152,96.088,104.0626003,40,0,-0.026255789,-0.09847005,0.09847005,0.026255789,13.81386693,10.21337852,1.753175678,-1.847610823,1.969026457,-1.63323054,5.452095615,1.666574467,1.903491193,2.991046915,162.6530014,5.819990956,4.671208396,4.671208396,3.931851653,2.607607028,2.607607028,1.614807748,1.614807748,1.035274752,1.035274752,0.589121682,0.589121682,-1.04,91.36757728,5.103678161,2.31410722,0.968848852,49.47168432,0,0,0,0,0,0,0,0,0,0,42.98679113,5.563451492,0,0,0,6.076020107,0,0,0,0,0,42.47422252,0,0,0,0,0,0,0,0,0,5.563451492,36.91077103,0,6.076020107,0,0,0,0,0,0,0,0,5.563451492,0,36.40785545,6.578935684,0,0,0,0,0,1.173611111,0,10.0287963,1.833333333,3.630925926,0,0,8,0,0,0,0,0,1,0,1,0,0,0,1,0,0,0,1,2.3296,36.533,0,0,0,0,0,0,0,0,0,0,0,0,0,0,0,0,0,0,0,0,0,0,0,0,0,0,0,0,0,0,0,0,0,0,1,0,0,0,0,0,0,0,0,0,0,0,0,0,0,0,0,0,0,0,0,0,0,0,0,0,0,0,0,0,0,0,0,0,0,0,0,0,0,0,0,0,0,0,0,0,0,0,0,0,0,1.125,1.75,2.125,0,0
F,22,BT,PTVT-T:BTP-ec9,1,挥发性固体添加剂,ITO/PEDOT:PSS/PVT-T:BTP-ec9/PNDIT-F3N/Ag,C1=CC=C2C(=C1)N=NS2,0.823,27.35,78.83,17.75,2.49865308,3.887222222,3.887222222,0.988425926,0.988425926,0.550428797,10.22222222,136.179,132.147,136.0095191,44,0,0.105464548,-0.137998562,0.137998562,0.105464548,32.13710165,10.33849761,1.910209559,-1.77942222,2.120683667,-1.63150685,7.124356421,1.198659944,2.332743027,2.95465979,285.0356462,6.104448007,4.612076558,5.428573139,4.466326495,2.637655398,3.41105206,1.740661445,2.526361353,1.152989875,1.858206526,0.725351266,1.283927807,-0.96,254.26899,4.876009085,1.771713778,0.695064334,56.30227044,0,5.516700718,0,0,0,0,0,0,0,5.098681808,16.62097741,23.66522075,0,4.699919916,0,21.74910725,0,9.586925077,0,0,0,24.26546827,0,0,0,0,0,11.53248661,9.586925077,0,0,0,24.26546827,0,10.21662063,0,25.78,0,0,0,0,0,10.21662063,11.53248661,0,24.26546827,9.586925077,0,4.943425926,1.426203704,0,3.887222222,0.988425926,0,7.921388889,0,0,0,0,9,0,2,0,0,0,1,1,2,3,0,3,0,0,0,0,2,1.6913,37.415,0,0,0,0,0,2,0,0,0,0,0,0,0,0,0,2,0,0,0,0,0,0,0,0,0,0,0,0,0,0,0,0,0,0,1,0,1,0,0,0,0,0,0,0,0,0,0,0,0,0,0,0,0,0,0,0,0,0,0,0,0,0,0,0,0,0,0,0,0,0,0,0,0,0,0,0,0,0,0,0,0,0,0,0,0,1.222222222,2.111111111,3,0,0
F,22,BDT,PTVT-T:BTP-ec9,1,挥发性固体添加剂,ITO/PEDOT:PSS/PVT-T:BTP-ec9/PNDIT-F3N/Ag,C1=CSC2=CC3=C(C=C21)SC=C3,0.828,20.16,60.19,10.05,0.03968075,2.269675926,2.269675926,1.370324074,1.370324074,0.50003843,11.33333333,190.292,184.244,189.9910922,58,0,0.034917613,-0.14379833,0.14379833,0.034917613,32.13462644,10.20051953,1.981001098,-1.890415156,2.289648734,-1.613376512,7.183810428,2.037512318,2.640861375,2.621180554,439.7632858,7.966255326,6.280598196,7.913591358,5.93265299,3.778370285,5.537675908,2.769061398,4.664449784,2.027444702,3.786750325,1.417269231,3.05590328,-0.86,1523.777013,6.633922145,2.312312248,0.822195923,78.07545872,0,0,0,0,0,0,0,0,0,22.67357176,0,45.79804224,9.399839833,0,0,42.84586002,0,0,0,0,0,35.02559381,0,0,0,0,0,22.67357176,0,0,0,0,35.02559381,0,20.17228826,0,0,0,0,0,0,0,0,20.17228826,0,22.67357176,35.02559381,0,2.779444444,3.62037037,0,7.034722222,0,0,8.898796296,0,0,0,0,12,0,0,0,0,0,1,2,3,2,0,2,0,0,0,0,3,4.116,57.208,0,0,0,0,0,0,0,0,0,0,0,0,0,0,0,0,0,0,0,0,0,0,0,0,0,0,0,0,0,0,0,0,0,0,1,0,2,0,0,0,0,0,0,0,0,0,0,0,0,0,0,0,0,0,0,0,0,0,0,0,0,0,0,0,0,0,0,0,0,0,0,0,0,0,0,0,0,0,0,0,0,0,2,0,0,0.75,1.25,1.75,0,0
F,22,BTT,PTVT-T:BTP-ec9,1,固体添加剂,ITO/PEDOT:PSS/PVT-T:BTP-ec9/PNDIT-F3N/Ag,C12SC=CC1=C1SC=CC1=C1SC=CC1=2,0.874,18.88,62.98,10.39,7.68E-08,2.245972222,2.245972222,1.426759259,1.426759259,0.393146592,12,246.381,240.333,245.9631632,72,0,0.04437277,-0.143079475,0.143079475,0.04437277,32.13591357,10.13792378,2.101095753,-1.96087521,2.416825984,-1.667374029,7.246417021,2.136753042,2.974085278,2.555093051,574.9426175,9.828062646,7.688846487,10.13833623,7.449489743,4.685504621,7.324463054,3.490199521,6.238547754,2.729553991,5.57263657,2.089934809,5.086791724,-0.9,9939.392999,8.275028214,2.815535591,0.95550642,98.39748653,0,0,0,0,0,0,0,0,0,34.01035763,0,34.33928952,30.25843239,0,0,64.26879003,0,0,0,0,0,34.33928952,0,0,0,0,0,34.01035763,0,0,0,0,34.33928952,0,30.25843239,0,0,0,0,0,0,0,0,30.25843239,0,34.01035763,34.33928952,0,4.336666667,5.559027778,0,10.86638889,0,0,6.737916667,0,0,0,0,15,0,0,0,0,0,1,3,4,3,0,3,0,0,0,0,4,5.3307,72.591,0,0,0,0,0,0,0,0,0,0,0,0,0,0,0,0,0,0,0,0,0,0,0,0,0,0,0,0,0,0,0,0,0,0,1,0,6,0,0,0,0,0,0,0,0,0,0,0,0,0,0,0,0,0,0,0,0,0,0,0,0,0,0,0,0,0,0,0,0,0,0,0,0,0,0,0,0,0,0,0,0,0,3,0,0,0.533333333,0.866666667,1.2,0,0
F,23,DMNA,D18-Cl:N3,1,固体添加剂,ITO/PEDOT:PSS/D18-Cl:N3/PDIN/Ag,COC1=C2C=CC=CC2=C(OC)C=C1,0.873,27.74,76.84,18.61,2.02744795,5.271399282,5.271399282,0.876296296,0.876296296,0.72105374,10.14285714,188.226,176.13,188.0837296,72,0,0.126455377,-0.496109316,0.496109316,0.126455377,16.47095017,10.09524928,2.042650533,-2.082678026,2.317872957,-1.881139092,5.927078749,0.410262889,2.272960146,2.77987168,406.5160475,9.966255326,8.280598196,8.280598196,6.863703305,4.462778743,4.462778743,3.015666946,3.015666946,2.283892041,2.283892041,1.599773784,1.599773784,-1.7,2327.511189,8.878890836,3.579733644,1.287928118,83.07004234,9.473725908,11.49902367,0,0,0,0,0,0,0,0,24.26546827,12.13273414,10.77244843,14.21959508,9.473725908,10.77244843,0,0,0,0,14.21959508,36.39820241,0,11.49902367,9.473725908,0,11.49902367,0,14.21959508,0,0,0,36.39820241,0,10.77244843,0,18.46,0,0,0,0,0,22.2714721,0,14.21959508,36.39820241,0,9.473725908,10.54279856,0,0,2.156203704,0,1.752592593,11.86537037,0,0,3.349701436,0.166666667,14,0,2,0,0,0,2,0,2,2,0,2,2,0,0,0,2,2.857,57.052,0,0,0,0,0,0,0,0,0,0,0,0,0,0,0,0,0,0,0,0,0,0,0,0,0,0,0,0,0,0,0,0,0,0,2,0,1,0,0,0,0,2,0,0,0,0,0,0,0,0,0,0,0,0,0,2,0,0,0,0,0,0,0,0,0,0,0,0,0,0,0,0,0,0,0,0,0,0,0,0,0,0,0,0,0,0.714285714,1.142857143,1.5,0,0
F,24,BBS,PM6:L8-BO,1,固体添加剂,ITO/PEDOT:PSS/PM6:L8-BO/PDIN/Ag,C(/[H])(/C1=CC=C(B(C2=C(C)C=C(C)C=C2C)C2=C(C)C=C(C)C=C2C)C=C1)=C(\C1=CC=C(B(C2=C(C)C=C(C)C=C2C)C2=C(C)C=C(C)C=C2C)C=C1)/[H],0.924,26.98,72.6,18.1,0.10754126,2.341261301,2.341261301,0.181783005,0.181783005,0.112000745,11.38461538,676.606,622.174,676.4411625,260,0,0.242063187,-0.068571352,0.242063187,0.068571352,14.1313275,9.338649966,2.293959586,-2.244712685,2.161800778,-2.55405116,6.968153506,1.335785345,3.046381597,1.338758256,1930.168919,37.42962798,33.54700538,33.54700538,24.70932545,18.90427097,18.90427097,15.78226251,15.78226251,11.11467026,11.11467026,9.333046957,9.333046957,-4.81012987,1.96325E+11,36.96322298,15.04144868,7.538993081,314.7820564,0,0,0,13.42550457,0,0,0,0,0,0,208.7521508,94.21174938,0,0,0,58.35436435,0,0,0,83.0848464,0,174.950194,0,0,32.77681956,0,0,0,13.42550457,0,83.0848464,77.88832088,97.0618731,0,12.15204021,0,0,0,0,0,13.42550457,0,0,110.6651404,0,0,192.2987597,0,0,0,0,0,26.92183363,0,37.20959435,4.497159159,27.37141286,0,0.24,52,0,0,0,0,0,6,0,6,0,0,2,8,0,0,0,6,8.59044,233.736,0,0,0,0,0,0,0,0,0,0,0,0,0,0,0,0,0,0,0,0,0,0,0,0,0,0,0,0,0,0,12,0,0,0,6,0,0,0,0,0,0,0,0,0,0,0,0,0,0,0,0,0,0,0,0,0,0,0,0,0,0,0,0,0,0,0,0,0,0,0,0,0,0,0,0,0,0,0,0,0,0,0,0,0,0,0.288461538,0.480769231,0.673076923,0,0
F,24,CN,PM6:L8-BO,1,溶剂型添加剂,ITO/PEDOT:PSS/PM6:L8-BO/PDIN/Ag,ClC1=C2C=CC=CC2=CC=C1,0.889,27.1,77.06,18.56,0.83954768,5.957037037,5.957037037,0.822314815,0.822314815,0.55644797,10.27272727,162.619,155.563,162.0236279,54,0,0.048389036,-0.083664219,0.083664219,0.048389036,35.49569104,10.12844457,1.934419766,-1.966428521,2.214722752,-1.704476637,6.349799888,1.748124801,2.05595014,2.913161164,374.0344904,7.681798276,5.919416357,6.675345303,5.377010098,3.510349442,3.888313915,2.460971502,2.868171629,1.736428508,2.066016729,1.185882541,1.430724861,-1.01,505.7637346,6.684816447,2.554171088,1.099229702,70.41633388,0,0,0,0,0,0,0,0,0,0,47.9991423,11.45259128,10.40885753,0,0,22.37338832,0,0,0,0,0,47.48720279,0,0,0,0,0,11.60093989,0,0,0,0,42.46456948,5.022633314,10.77244843,0,0,0,0,0,0,0,10.40885753,5.386224214,0,30.33183534,12.13273414,11.60093989,0,5.957037037,0,3.13867284,0,0,14.01540123,0,0,0,0,11,0,0,0,0,0,2,0,2,0,0,1,0,0,0,0,2,3.4932,48.958,0,0,0,0,0,0,0,0,0,0,0,0,0,0,0,0,0,0,0,0,0,0,0,0,0,0,0,0,0,0,0,0,0,0,2,0,1,0,0,0,0,0,0,0,1,0,0,0,0,0,0,0,0,0,0,0,0,0,0,0,0,0,0,0,0,0,0,0,0,0,0,0,0,0,0,0,0,0,0,0,0,0,0,0,0,0.818181818,1.545454545,2.363636364,0,0
F,24,BBS,PM6:N3,1,固体添加剂,ITO/PEDOT:PSS/PM6:N3/PDIN/Ag,C(/[H])(/C1=CC=C(B(C2=C(C)C=C(C)C=C2C)C2=C(C)C=C(C)C=C2C)C=C1)=C(\C1=CC=C(B(C2=C(C)C=C(C)C=C2C)C2=C(C)C=C(C)C=C2C)C=C1)/[H],0.851,28.37,72.82,17.59,0.1713634,2.341261301,2.341261301,0.181783005,0.181783005,0.112000745,11.38461538,676.606,622.174,676.4411625,260,0,0.242063187,-0.068571352,0.242063187,0.068571352,14.1313275,9.338649966,2.293959586,-2.244712685,2.161800778,-2.55405116,6.968153506,1.335785345,3.046381597,1.338758256,1930.168919,37.42962798,33.54700538,33.54700538,24.70932545,18.90427097,18.90427097,15.78226251,15.78226251,11.11467026,11.11467026,9.333046957,9.333046957,-4.81012987,1.96325E+11,36.96322298,15.04144868,7.538993081,314.7820564,0,0,0,13.42550457,0,0,0,0,0,0,208.7521508,94.21174938,0,0,0,58.35436435,0,0,0,83.0848464,0,174.950194,0,0,32.77681956,0,0,0,13.42550457,0,83.0848464,77.88832088,97.0618731,0,12.15204021,0,0,0,0,0,13.42550457,0,0,110.6651404,0,0,192.2987597,0,0,0,0,0,26.92183363,0,37.20959435,4.497159159,27.37141286,0,0.24,52,0,0,0,0,0,6,0,6,0,0,2,8,0,0,0,6,8.59044,233.736,0,0,0,0,0,0,0,0,0,0,0,0,0,0,0,0,0,0,0,0,0,0,0,0,0,0,0,0,0,0,12,0,0,0,6,0,0,0,0,0,0,0,0,0,0,0,0,0,0,0,0,0,0,0,0,0,0,0,0,0,0,0,0,0,0,0,0,0,0,0,0,0,0,0,0,0,0,0,0,0,0,0,0,0,0,0.288461538,0.480769231,0.673076923,0,0
F,24,CN,PM6:N3,1,溶剂型添加剂,ITO/PEDOT:PSS/PM6:N3/PDIN/Ag,ClC1=C2C=CC=CC2=CC=C1,0.863,28.02,76.72,18.56,0.8395478,5.957037037,5.957037037,0.822314815,0.822314815,0.55644797,10.27272727,162.619,155.563,162.0236279,54,0,0.048389036,-0.083664219,0.083664219,0.048389036,35.49569104,10.12844457,1.934419766,-1.966428521,2.214722752,-1.704476637,6.349799888,1.748124801,2.05595014,2.913161164,374.0344904,7.681798276,5.919416357,6.675345303,5.377010098,3.510349442,3.888313915,2.460971502,2.868171629,1.736428508,2.066016729,1.185882541,1.430724861,-1.01,505.7637346,6.684816447,2.554171088,1.099229702,70.41633388,0,0,0,0,0,0,0,0,0,0,47.9991423,11.45259128,10.40885753,0,0,22.37338832,0,0,0,0,0,47.48720279,0,0,0,0,0,11.60093989,0,0,0,0,42.46456948,5.022633314,10.77244843,0,0,0,0,0,0,0,10.40885753,5.386224214,0,30.33183534,12.13273414,11.60093989,0,5.957037037,0,3.13867284,0,0,14.01540123,0,0,0,0,11,0,0,0,0,0,2,0,2,0,0,1,0,0,0,0,2,3.4932,48.958,0,0,0,0,0,0,0,0,0,0,0,0,0,0,0,0,0,0,0,0,0,0,0,0,0,0,0,0,0,0,0,0,0,0,2,0,1,0,0,0,0,0,0,0,1,0,0,0,0,0,0,0,0,0,0,0,0,0,0,0,0,0,0,0,0,0,0,0,0,0,0,0,0,0,0,0,0,0,0,0,0,0,0,0,0,0.818181818,1.545454545,2.363636364,0,0
F,25,IC-FI,BTR-Cl:N3,1,挥发性固体添加剂,ITO/PEDOT:PSS/BTR-Cl:N3/phen-NaDPO/Ag,N#C/C(C#N)=C1C2=CC(F)=C(I)C=C2C(C/1)=O,0.82,24.06,73.5,14.43,1.40538024,13.43850907,13.43850907,0.008611111,-0.452055933,0.539743789,12.94117647,338.079,334.047,337.935239,82,0,0.16748395,-0.293790884,0.293790884,0.16748395,126.9127044,10.02917663,2.279127095,-2.012988808,2.355356636,-1.933490198,14.11191726,0.100387967,2.596850706,2.766867688,633.6950794,12.57698579,8.420411747,10.57791004,8.07891736,4.641109533,5.719858679,3.489013884,4.651204566,2.548692657,3.375373193,1.761232119,2.228344201,-1.73,8143.723813,11.74659181,4.266053192,1.829299812,110.2996766,0,23.528768,5.783244946,0,0,0,4.794537184,4.390415048,10.52378311,0,0,45.86016079,15.55445539,0,9.184952232,33.9472201,10.52378311,0,0,6.420821623,0,38.22014476,0,12.13844263,0,4.390415048,0,22.59087063,5.783244946,0,32.04962885,22.34226179,17.70583867,0,5.57310453,0,64.65,5.817220841,9.184952232,0,17.7771711,20.27018978,0,12.13273414,34.72931325,0,0,10.52378311,13.79167139,1.797470528,11.69698224,17.57053886,0.94705941,-0.636392971,6.127948318,-0.008611111,0,0,0.083333333,17,0,3,1,0,1,1,0,1,3,0,5,0,0,0,0,2,2.81746,66.2105,0,0,0,0,0,0,0,0,0,0,1,1,0,0,0,2,0,0,0,0,0,0,0,0,0,0,2,0,0,0,0,0,0,0,1,0,1,0,0,0,0,0,0,0,2,0,0,0,0,0,0,1,1,0,0,0,0,2,0,0,0,0,0,0,0,0,0,0,0,0,0,0,0,0,0,0,0,0,0,0,0,0,0,0,0,1.294117647,1.941176471,2.529411765,0,0
G,1.1,BrAni,P3HT:ICBA,1,液体添加剂,glass/ITO/ZnO/P3HT:ICBA/MoO3/Ag,BrC1=CC=C(OC)C=C1,0.81,9.84,61.92,4.49,1.76232171,4.948333333,4.948333333,0.887222222,0.887222222,0.655546972,9.111111111,187.036,179.98,185.9680269,48,0,0.118437049,-0.496767202,0.496767202,0.118437049,79.91873095,10.33984377,1.863315317,-1.95814678,2.143455166,-1.789725995,9.10299054,0.414480732,1.900372628,2.881555878,180.6125685,6.690234444,5.09561384,6.681610379,4.325698503,2.622721877,3.415720147,1.658044296,2.573719825,1.049340028,1.578005541,0.570679425,0.835012181,-0.5,129.2253387,6.617647059,2.87414966,1.715500945,62.77743807,4.736862954,5.749511833,0,0,0,0,0,0,0,0,15.9299439,24.26546827,4.472719516,7.109797541,4.736862954,15.9299439,0,0,0,0,7.109797541,28.73818779,0,5.749511833,4.736862954,0,5.749511833,15.9299439,7.109797541,0,0,0,28.73818779,0,0,0,9.23,0,0,0,0,0,10.22223135,0,7.109797541,24.26546827,15.9299439,4.736862954,6.020833333,3.319056122,0,0,0,0.887222222,7.700231481,0,0,1.655990174,0.142857143,9,0,1,0,0,0,1,0,1,1,0,2,1,0,0,0,1,2.4577,40.694,0,0,0,0,0,0,0,0,0,0,0,0,0,0,0,0,0,0,0,0,0,0,0,0,0,0,0,0,0,0,0,0,0,0,1,0,0,0,0,0,0,1,0,0,1,0,0,0,0,0,0,0,0,0,0,1,0,0,0,0,0,0,0,0,0,0,0,0,0,0,0,0,0,0,0,0,0,0,0,0,0,0,0,0,0,1.222222222,1.777777778,2.222222222,0,0
G,1.2,CN,P3HT:ICBA,1,液体添加剂,glass/ITO/ZnO/P3HT:ICBA/MoO3/Ag,ClC1=CC=CC2=C1C=CC=C2,0.82,11.38,62.28,5.81,0.83984927,5.957037037,5.957037037,0.822314815,0.822314815,0.55644797,10.27272727,162.619,155.563,162.0236279,54,0,0.048389036,-0.083664219,0.083664219,0.048389036,35.49569104,10.12844457,1.934419766,-1.966428521,2.214722752,-1.704476637,6.349799888,1.748124801,2.05595014,2.913161164,374.0344904,7.681798276,5.919416357,6.675345303,5.377010098,3.510349442,3.888313915,2.460971502,2.868171629,1.736428508,2.066016729,1.185882541,1.430724861,-1.01,505.7637346,6.684816447,2.554171088,1.099229702,70.41633388,0,0,0,0,0,0,0,0,0,0,47.9991423,11.45259128,10.40885753,0,0,22.37338832,0,0,0,0,0,47.48720279,0,0,0,0,0,11.60093989,0,0,0,0,42.46456948,5.022633314,10.77244843,0,0,0,0,0,0,0,10.40885753,5.386224214,0,30.33183534,12.13273414,11.60093989,0,5.957037037,0,3.13867284,0,0,14.01540123,0,0,0,0,11,0,0,0,0,0,2,0,2,0,0,1,0,0,0,0,2,3.4932,48.958,0,0,0,0,0,0,0,0,0,0,0,0,0,0,0,0,0,0,0,0,0,0,0,0,0,0,0,0,0,0,0,0,0,0,2,0,1,0,0,0,0,0,0,0,1,0,0,0,0,0,0,0,0,0,0,0,0,0,0,0,0,0,0,0,0,0,0,0,0,0,0,0,0,0,0,0,0,0,0,0,0,0,0,0,0,0.818181818,1.545454545,2.363636364,0,0
G,2.2,DIM,PM6:L8-BO,1,液体添加剂,ITO/PEDOT:PSS/active layer/PNDIT-F3N/Ag,ICI,0.893,26.03,80,18.6,1.39399887,2.275,2.275,1.19,1.19,0.463980271,6,267.835,265.819,267.8245961,20,0,0.051622523,-0.074763172,0.074763172,0.051622523,126.9224047,11.99359529,1.40453216,-1.426672808,1.857229905,-1.174029905,14.19578266,2.578217339,0.918295834,1.632993162,2.754887502,2.707106781,1.463035727,5.77803231,1.414213562,0.534522484,3.585685828,0.101015254,4.54568645,0,0,0,0,1.46,2.754887502,4.46,3.46,3.46,47.26292727,0,0,0,0,0,0,0,0,0,0,45.18174125,0,0,2.434283182,0,45.18174125,0,0,0,0,2.434283182,0,0,0,0,0,0,45.18174125,2.434283182,0,0,0,0,0,0,0,0,0,0,0,0,0,0,2.434283182,0,0,45.18174125,0,1.19,4.55,0,0,0,0,0,0,0,0,1,3,0,0,0,0,0,0,0,0,0,0,2,0,0,0,0,0,1.8139,32.907,0,0,0,0,0,0,0,0,0,0,0,0,0,0,0,0,0,0,0,0,0,0,0,0,0,2,0,0,0,0,0,0,0,0,0,0,0,0,0,0,0,0,0,0,2,0,0,0,0,0,0,0,0,0,0,0,0,0,0,0,0,0,0,0,0,0,0,0,0,0,0,0,0,0,0,0,0,0,0,0,0,0,0,0,0,1.333333333,1.333333333,1.333333333,0,0
G,2.3,DIO,PM6:3TP3T-4F,1,液体添加剂,ITO/PEDOT:PSS/active layer/PNDIT-F3N/Ag,ICCCCCCCCI,0.91,20.72,76.5,14.42,9.64E-07,2.454655993,2.454655993,1.337345679,1.337345679,0.360140031,10.2,366.024,349.896,365.9341465,62,0,-0.000472812,-0.086375917,0.086375917,0.000472812,126.9137216,10.13204741,1.878618147,-1.964807038,2.067504511,-1.799735234,14.10995232,0.63270578,1.967154472,2.647604849,47.21928095,7.656854249,6.412783196,10.72777978,4.914213562,4.034522484,7.085685828,2.499284817,4.656783108,1.517261242,3.042842914,0.896089018,1.974838163,1.46,175.076748,11.46,10.46,9.46,91.81752207,0,0,0,0,0,0,0,0,0,0,70.86502775,21.69674805,0,0,0,45.18174125,0,0,0,38.52492974,8.855104805,0,0,0,0,0,0,45.18174125,8.855104805,0,0,38.52492974,0,0,0,0,0,0,0,0,0,0,0,47.38003454,0,0,45.18174125,0,2.674691358,4.909311987,0,0,0,0,0,8.655996655,0,0,1,10,0,0,0,0,0,0,0,0,0,0,2,7,0,0,0,0,4.197,65.476,0,0,0,0,0,0,0,0,0,0,0,0,0,0,0,0,0,0,0,0,0,0,0,0,0,2,0,0,0,0,0,0,0,0,0,0,0,0,0,0,0,0,0,0,2,0,0,0,0,0,0,0,0,0,0,0,0,0,0,0,0,0,0,0,0,0,0,0,0,0,0,0,0,0,0,0,0,0,0,0,0,0,0,5,0,0.5,0.8,1.1,0,0
G,2.4,DIM,PM6:3TP3T-4F,1,液体添加剂,ITO/PEDOT:PSS/active layer/PNDIT-F3N/Ag,ICI,0.92,20.5,77.9,14.72,1.39399887,2.275,2.275,1.19,1.19,0.463980271,6,267.835,265.819,267.8245961,20,0,0.051622523,-0.074763172,0.074763172,0.051622523,126.9224047,11.99359529,1.40453216,-1.426672808,1.857229905,-1.174029905,14.19578266,2.578217339,0.918295834,1.632993162,2.754887502,2.707106781,1.463035727,5.77803231,1.414213562,0.534522484,3.585685828,0.101015254,4.54568645,0,0,0,0,1.46,2.754887502,4.46,3.46,3.46,47.26292727,0,0,0,0,0,0,0,0,0,0,45.18174125,0,0,2.434283182,0,45.18174125,0,0,0,0,2.434283182,0,0,0,0,0,0,45.18174125,2.434283182,0,0,0,0,0,0,0,0,0,0,0,0,0,0,2.434283182,0,0,45.18174125,0,1.19,4.55,0,0,0,0,0,0,0,0,1,3,0,0,0,0,0,0,0,0,0,0,2,0,0,0,0,0,1.8139,32.907,0,0,0,0,0,0,0,0,0,0,0,0,0,0,0,0,0,0,0,0,0,0,0,0,0,2,0,0,0,0,0,0,0,0,0,0,0,0,0,0,0,0,0,0,2,0,0,0,0,0,0,0,0,0,0,0,0,0,0,0,0,0,0,0,0,0,0,0,0,0,0,0,0,0,0,0,0,0,0,0,0,0,0,0,0,1.333333333,1.333333333,1.333333333,0,0
G,2.6,DIM,PM6:BTP-eC9,1,液体添加剂,ITO/PEDOT:PSS/active layer/PNDIT-F3N/Ag,ICI,0.85,26.6,78.5,17.83,1.39399887,2.275,2.275,1.19,1.19,0.463980271,6,267.835,265.819,267.8245961,20,0,0.051622523,-0.074763172,0.074763172,0.051622523,126.9224047,11.99359529,1.40453216,-1.426672808,1.857229905,-1.174029905,14.19578266,2.578217339,0.918295834,1.632993162,2.754887502,2.707106781,1.463035727,5.77803231,1.414213562,0.534522484,3.585685828,0.101015254,4.54568645,0,0,0,0,1.46,2.754887502,4.46,3.46,3.46,47.26292727,0,0,0,0,0,0,0,0,0,0,45.18174125,0,0,2.434283182,0,45.18174125,0,0,0,0,2.434283182,0,0,0,0,0,0,45.18174125,2.434283182,0,0,0,0,0,0,0,0,0,0,0,0,0,0,2.434283182,0,0,45.18174125,0,1.19,4.55,0,0,0,0,0,0,0,0,1,3,0,0,0,0,0,0,0,0,0,0,2,0,0,0,0,0,1.8139,32.907,0,0,0,0,0,0,0,0,0,0,0,0,0,0,0,0,0,0,0,0,0,0,0,0,0,2,0,0,0,0,0,0,0,0,0,0,0,0,0,0,0,0,0,0,2,0,0,0,0,0,0,0,0,0,0,0,0,0,0,0,0,0,0,0,0,0,0,0,0,0,0,0,0,0,0,0,0,0,0,0,0,0,0,0,0,1.333333333,1.333333333,1.333333333,0,0
G,3.1,CN(对照组),PM6:Y6/CN,1,固体添加剂,ITO/PEDOT:PSS/active layer/PNDIT-F3N/Ag,ClC1=CC=CC2=C1C=CC=C2,0.845,25.8,75.6,16.48,0.83984927,5.957037037,5.957037037,0.822314815,0.822314815,0.55644797,10.27272727,162.619,155.563,162.0236279,54,0,0.048389036,-0.083664219,0.083664219,0.048389036,35.49569104,10.12844457,1.934419766,-1.966428521,2.214722752,-1.704476637,6.349799888,1.748124801,2.05595014,2.913161164,374.0344904,7.681798276,5.919416357,6.675345303,5.377010098,3.510349442,3.888313915,2.460971502,2.868171629,1.736428508,2.066016729,1.185882541,1.430724861,-1.01,505.7637346,6.684816447,2.554171088,1.099229702,70.41633388,0,0,0,0,0,0,0,0,0,0,47.9991423,11.45259128,10.40885753,0,0,22.37338832,0,0,0,0,0,47.48720279,0,0,0,0,0,11.60093989,0,0,0,0,42.46456948,5.022633314,10.77244843,0,0,0,0,0,0,0,10.40885753,5.386224214,0,30.33183534,12.13273414,11.60093989,0,5.957037037,0,3.13867284,0,0,14.01540123,0,0,0,0,11,0,0,0,0,0,2,0,2,0,0,1,0,0,0,0,2,3.4932,48.958,0,0,0,0,0,0,0,0,0,0,0,0,0,0,0,0,0,0,0,0,0,0,0,0,0,0,0,0,0,0,0,0,0,0,2,0,1,0,0,0,0,0,0,0,1,0,0,0,0,0,0,0,0,0,0,0,0,0,0,0,0,0,0,0,0,0,0,0,0,0,0,0,0,0,0,0,0,0,0,0,0,0,0,0,0,0.818181818,1.545454545,2.363636364,0,0
G,3.2,BBT-Cl,PM6:Y6/CN+BBT-Cl,1,固体添加剂,ITO/PEDOT:PSS/active layer/PNDIT-F3N/Ag,IC1=CC2=C(S1)C(C3=CC(Cl)=C(S3)CC(CCCC)CC)=C(C=C(S4)I)C4=C2C5=CC(Cl)=C(CC(CC)CCCC)S5,0.851,26.95,77.3,17.73,2.16E-06,6.975557145,6.975557145,0.702034498,0.702034498,0.097449362,13.52380952,899.66,861.356,897.9322866,226,0,0.066600849,-0.138629669,0.138629669,0.066600849,126.9137227,9.949058446,2.249615728,-2.132619479,2.531170202,-2.017749726,14.11339708,0.451748142,3.722927283,1.624088754,1482.196415,29.96552637,24.68002048,33.77286128,20.26912051,15.18334683,21.36276039,11.34140282,20.32207601,8.439010386,15.5133542,5.94743982,13.14697759,0.58,2977462322,33.92935929,15.44617634,7.417016917,304.4396562,0,0,0,0,0,0,0,0,0,45.34714351,102.2634016,94.12466487,50.80778002,15.81302257,0,133.9030528,0,0,11.83581209,91.90316503,0,49.83278523,0,20.88119737,0,0,0,113.7307645,0,12.84164325,17.60356804,88.81581617,24.26546827,10.04526663,41.05348563,0,0,0,0,0,0,11.83581209,22.88690987,107.9421089,0,45.34714351,97.14215833,23.20187978,5.38606013,26.61266343,5.306231487,4.588575035,2.729773749,1.404068996,9.284135196,12.26285884,9.221188694,0,0.470588235,42,0,0,0,0,0,1,4,5,4,0,8,14,0,0,0,5,15.6068,213.308,0,0,0,0,0,0,0,0,0,0,0,0,0,0,0,0,0,0,0,0,0,0,0,0,0,0,0,0,0,0,0,0,0,0,1,0,2,0,0,0,0,0,0,0,4,0,0,0,0,0,0,0,0,0,0,0,0,0,0,0,0,0,0,0,0,0,0,0,0,0,0,0,0,0,0,0,0,0,0,0,0,0,4,2,0,0.619047619,1.023809524,1.380952381,0,0
G,3.3,DIO(对照组),PM6:BTP-eC9/DIO ,1,液体添加剂,ITO/PEDOT:PSS/active layer/PNDIT-F3N/Ag,ICCCCCCCCI,0.843,26.68,77.9,17.52,9.64E-07,2.454655993,2.454655993,1.337345679,1.337345679,0.360140031,10.2,366.024,349.896,365.9341465,62,0,-0.000472812,-0.086375917,0.086375917,0.000472812,126.9137216,10.13204741,1.878618147,-1.964807038,2.067504511,-1.799735234,14.10995232,0.63270578,1.967154472,2.647604849,47.21928095,7.656854249,6.412783196,10.72777978,4.914213562,4.034522484,7.085685828,2.499284817,4.656783108,1.517261242,3.042842914,0.896089018,1.974838163,1.46,175.076748,11.46,10.46,9.46,91.81752207,0,0,0,0,0,0,0,0,0,0,70.86502775,21.69674805,0,0,0,45.18174125,0,0,0,38.52492974,8.855104805,0,0,0,0,0,0,45.18174125,8.855104805,0,0,38.52492974,0,0,0,0,0,0,0,0,0,0,0,47.38003454,0,0,45.18174125,0,2.674691358,4.909311987,0,0,0,0,0,8.655996655,0,0,1,10,0,0,0,0,0,0,0,0,0,0,2,7,0,0,0,0,4.197,65.476,0,0,0,0,0,0,0,0,0,0,0,0,0,0,0,0,0,0,0,0,0,0,0,0,0,2,0,0,0,0,0,0,0,0,0,0,0,0,0,0,0,0,0,0,2,0,0,0,0,0,0,0,0,0,0,0,0,0,0,0,0,0,0,0,0,0,0,0,0,0,0,0,0,0,0,0,0,0,0,0,0,0,0,5,0,0.5,0.8,1.1,0,0
G,3.4,BBT-Cl,PM6:BTP-eC9/DIO +BBT-Cl,1,固体添加剂,ITO/PEDOT:PSS/active layer/PNDIT-F3N/Ag,IC1=CC2=C(S1)C(C3=CC(Cl)=C(S3)CC(CCCC)CC)=C(C=C(S4)I)C4=C2C5=CC(Cl)=C(CC(CC)CCCC)S5,0.845,26.69,79.8,18.01,2.16E-06,6.975557145,6.975557145,0.702034498,0.702034498,0.097449362,13.52380952,899.66,861.356,897.9322866,226,0,0.066600849,-0.138629669,0.138629669,0.066600849,126.9137227,9.949058446,2.249615728,-2.132619479,2.531170202,-2.017749726,14.11339708,0.451748142,3.722927283,1.624088754,1482.196415,29.96552637,24.68002048,33.77286128,20.26912051,15.18334683,21.36276039,11.34140282,20.32207601,8.439010386,15.5133542,5.94743982,13.14697759,0.58,2977462322,33.92935929,15.44617634,7.417016917,304.4396562,0,0,0,0,0,0,0,0,0,45.34714351,102.2634016,94.12466487,50.80778002,15.81302257,0,133.9030528,0,0,11.83581209,91.90316503,0,49.83278523,0,20.88119737,0,0,0,113.7307645,0,12.84164325,17.60356804,88.81581617,24.26546827,10.04526663,41.05348563,0,0,0,0,0,0,11.83581209,22.88690987,107.9421089,0,45.34714351,97.14215833,23.20187978,5.38606013,26.61266343,5.306231487,4.588575035,2.729773749,1.404068996,9.284135196,12.26285884,9.221188694,0,0.470588235,42,0,0,0,0,0,1,4,5,4,0,8,14,0,0,0,5,15.6068,213.308,0,0,0,0,0,0,0,0,0,0,0,0,0,0,0,0,0,0,0,0,0,0,0,0,0,0,0,0,0,0,0,0,0,0,1,0,2,0,0,0,0,0,0,0,4,0,0,0,0,0,0,0,0,0,0,0,0,0,0,0,0,0,0,0,0,0,0,0,0,0,0,0,0,0,0,0,0,0,0,0,0,0,4,2,0,0.619047619,1.023809524,1.380952381,0,0
G,3.5,DIO(对照组),PM6:IT-4F/DIO,1,液体添加剂,ITO/PEDOT:PSS/active layer/PNDIT-F3N/Ag,ICCCCCCCCI,0.83,20.25,78.8,13.24,9.64E-07,2.454655993,2.454655993,1.337345679,1.337345679,0.360140031,10.2,366.024,349.896,365.9341465,62,0,-0.000472812,-0.086375917,0.086375917,0.000472812,126.9137216,10.13204741,1.878618147,-1.964807038,2.067504511,-1.799735234,14.10995232,0.63270578,1.967154472,2.647604849,47.21928095,7.656854249,6.412783196,10.72777978,4.914213562,4.034522484,7.085685828,2.499284817,4.656783108,1.517261242,3.042842914,0.896089018,1.974838163,1.46,175.076748,11.46,10.46,9.46,91.81752207,0,0,0,0,0,0,0,0,0,0,70.86502775,21.69674805,0,0,0,45.18174125,0,0,0,38.52492974,8.855104805,0,0,0,0,0,0,45.18174125,8.855104805,0,0,38.52492974,0,0,0,0,0,0,0,0,0,0,0,47.38003454,0,0,45.18174125,0,2.674691358,4.909311987,0,0,0,0,0,8.655996655,0,0,1,10,0,0,0,0,0,0,0,0,0,0,2,7,0,0,0,0,4.197,65.476,0,0,0,0,0,0,0,0,0,0,0,0,0,0,0,0,0,0,0,0,0,0,0,0,0,2,0,0,0,0,0,0,0,0,0,0,0,0,0,0,0,0,0,0,2,0,0,0,0,0,0,0,0,0,0,0,0,0,0,0,0,0,0,0,0,0,0,0,0,0,0,0,0,0,0,0,0,0,0,0,0,0,0,5,0,0.5,0.8,1.1,0,0
G,3.6,BBT-Cl,PM6:IT-4F/DIO+BBT-Cl,1,固体添加剂,ITO/PEDOT:PSS/active layer/PNDIT-F3N/Ag,IC1=CC2=C(S1)C(C3=CC(Cl)=C(S3)CC(CCCC)CC)=C(C=C(S4)I)C4=C2C5=CC(Cl)=C(CC(CC)CCCC)S5,0.855,20.25,79.3,13.73,2.16E-06,6.975557145,6.975557145,0.702034498,0.702034498,0.097449362,13.52380952,899.66,861.356,897.9322866,226,0,0.066600849,-0.138629669,0.138629669,0.066600849,126.9137227,9.949058446,2.249615728,-2.132619479,2.531170202,-2.017749726,14.11339708,0.451748142,3.722927283,1.624088754,1482.196415,29.96552637,24.68002048,33.77286128,20.26912051,15.18334683,21.36276039,11.34140282,20.32207601,8.439010386,15.5133542,5.94743982,13.14697759,0.58,2977462322,33.92935929,15.44617634,7.417016917,304.4396562,0,0,0,0,0,0,0,0,0,45.34714351,102.2634016,94.12466487,50.80778002,15.81302257,0,133.9030528,0,0,11.83581209,91.90316503,0,49.83278523,0,20.88119737,0,0,0,113.7307645,0,12.84164325,17.60356804,88.81581617,24.26546827,10.04526663,41.05348563,0,0,0,0,0,0,11.83581209,22.88690987,107.9421089,0,45.34714351,97.14215833,23.20187978,5.38606013,26.61266343,5.306231487,4.588575035,2.729773749,1.404068996,9.284135196,12.26285884,9.221188694,0,0.470588235,42,0,0,0,0,0,1,4,5,4,0,8,14,0,0,0,5,15.6068,213.308,0,0,0,0,0,0,0,0,0,0,0,0,0,0,0,0,0,0,0,0,0,0,0,0,0,0,0,0,0,0,0,0,0,0,1,0,2,0,0,0,0,0,0,0,4,0,0,0,0,0,0,0,0,0,0,0,0,0,0,0,0,0,0,0,0,0,0,0,0,0,0,0,0,0,0,0,0,0,0,0,0,0,4,2,0,0.619047619,1.023809524,1.380952381,0,0
G,4.1,OFP,PM6:Y6,1,固体添加剂,Glass/ITO/PEDOT:PSS/BHJ active layer/PDINO/Al,FC1=C(F)C(C2=C(F)C(F)=C(OC)C(F)=C2F)=C(F)C(F)=C1OC,0.851,25.07,72.4,15.43,0.97660779,13.91039753,13.91039753,0.674534628,-2.298595522,0.594940914,10.91666667,358.184,352.136,358.0240052,130,0,0.204047971,-0.490714372,0.490714372,0.204047971,19.17085051,10.00526962,2.343067146,-2.142890564,2.408395746,-2.08926647,5.689558416,0.328503461,2.552517523,2.990393035,706.9899839,18.34241679,11.84021237,11.84021237,11.18284563,5.986602763,5.986602763,4.328354473,4.328354473,3.104444111,3.104444111,2.020507642,2.020507642,-2.52,151747.1668,17.82795659,6.173630532,2.326002028,128.7697552,9.473725908,0,34.76790703,23.26888336,0,0,0,17.56166019,17.56166019,0,0,0,0,25.34649807,44.59704629,0,0,0,0,0,14.21959508,46.53776673,0,22.62592665,9.473725908,35.12332038,11.49902367,0,14.21959508,0,46.53776673,0,0,0,11.12690298,0,18.46,69.16369338,35.12332038,0,0,14.21959508,0,0,0,0,9.473725908,0,118.3565282,0,0,0,-3.942123961,-20.76347348,0,0,0,1.349069255,0.142857143,24,0,2,0,0,0,2,0,2,2,0,10,3,0,0,0,2,4.4836,64.646,0,0,0,0,0,0,0,0,0,0,0,0,0,0,0,0,0,0,0,0,0,0,0,0,0,0,0,0,0,0,0,0,0,0,2,0,0,0,0,0,0,2,0,0,8,0,0,0,0,0,0,0,0,0,0,2,0,0,0,0,0,0,0,0,0,0,0,0,0,0,0,0,0,0,0,0,0,0,0,0,0,0,0,0,0,0.416666667,0.625,0.791666667,0,0
G,4.3,OFP+CN,PM6:Y6,2,双添加剂,Glass/ITO/PEDOT:PSS/BHJ active layer/PDINO/Al,FC1=C(F)C(C2=C(F)C(F)=C(OC)C(F)=C2F)=C(F)C(F)=C1OC,0.841,25.91,77,16.78,0.97660779,13.91039753,13.91039753,0.674534628,-2.298595522,0.594940914,10.91666667,358.184,352.136,358.0240052,130,0,0.204047971,-0.490714372,0.490714372,0.204047971,19.17085051,10.00526962,2.343067146,-2.142890564,2.408395746,-2.08926647,5.689558416,0.328503461,2.552517523,2.990393035,706.9899839,18.34241679,11.84021237,11.84021237,11.18284563,5.986602763,5.986602763,4.328354473,4.328354473,3.104444111,3.104444111,2.020507642,2.020507642,-2.52,151747.1668,17.82795659,6.173630532,2.326002028,128.7697552,9.473725908,0,34.76790703,23.26888336,0,0,0,17.56166019,17.56166019,0,0,0,0,25.34649807,44.59704629,0,0,0,0,0,14.21959508,46.53776673,0,22.62592665,9.473725908,35.12332038,11.49902367,0,14.21959508,0,46.53776673,0,0,0,11.12690298,0,18.46,69.16369338,35.12332038,0,0,14.21959508,0,0,0,0,9.473725908,0,118.3565282,0,0,0,-3.942123961,-20.76347348,0,0,0,1.349069255,0.142857143,24,0,2,0,0,0,2,0,2,2,0,10,3,0,0,0,2,4.4836,64.646,0,0,0,0,0,0,0,0,0,0,0,0,0,0,0,0,0,0,0,0,0,0,0,0,0,0,0,0,0,0,0,0,0,0,2,0,0,0,0,0,0,2,0,0,8,0,0,0,0,0,0,0,0,0,0,2,0,0,0,0,0,0,0,0,0,0,0,0,0,0,0,0,0,0,0,0,0,0,0,0,0,0,0,0,0,0.416666667,0.625,0.791666667,0,0
G,4.3,OFP+CN,PM6:Y6,2,双添加剂,Glass/ITO/PEDOT:PSS/BHJ active layer/PDINO/Al,ClC1=CC=CC2=C1C=CC=C2,0.841,25.91,77,16.78,0.83984902,5.957037037,5.957037037,0.822314815,0.822314815,0.55644797,10.27272727,162.619,155.563,162.0236279,54,0,0.048389036,-0.083664219,0.083664219,0.048389036,35.49569104,10.12844457,1.934419766,-1.966428521,2.214722752,-1.704476637,6.349799888,1.748124801,2.05595014,2.913161164,374.0344904,7.681798276,5.919416357,6.675345303,5.377010098,3.510349442,3.888313915,2.460971502,2.868171629,1.736428508,2.066016729,1.185882541,1.430724861,-1.01,505.7637346,6.684816447,2.554171088,1.099229702,70.41633388,0,0,0,0,0,0,0,0,0,0,47.9991423,11.45259128,10.40885753,0,0,22.37338832,0,0,0,0,0,47.48720279,0,0,0,0,0,11.60093989,0,0,0,0,42.46456948,5.022633314,10.77244843,0,0,0,0,0,0,0,10.40885753,5.386224214,0,30.33183534,12.13273414,11.60093989,0,5.957037037,0,3.13867284,0,0,14.01540123,0,0,0,0,11,0,0,0,0,0,2,0,2,0,0,1,0,0,0,0,2,3.4932,48.958,0,0,0,0,0,0,0,0,0,0,0,0,0,0,0,0,0,0,0,0,0,0,0,0,0,0,0,0,0,0,0,0,0,0,2,0,1,0,0,0,0,0,0,0,1,0,0,0,0,0,0,0,0,0,0,0,0,0,0,0,0,0,0,0,0,0,0,0,0,0,0,0,0,0,0,0,0,0,0,0,0,0,0,0,0,0.818181818,1.545454545,2.363636364,0,0
G,4.4,CN,PTQ10:Y6,1,液体添加剂,Glass/ITO/PEDOT:PSS/BHJ active layer/PDINO/Al,ClC1=CC=CC2=C1C=CC=C2,0.846,26,75,16.49,0.83984921,5.957037037,5.957037037,0.822314815,0.822314815,0.55644797,10.27272727,162.619,155.563,162.0236279,54,0,0.048389036,-0.083664219,0.083664219,0.048389036,35.49569104,10.12844457,1.934419766,-1.966428521,2.214722752,-1.704476637,6.349799888,1.748124801,2.05595014,2.913161164,374.0344904,7.681798276,5.919416357,6.675345303,5.377010098,3.510349442,3.888313915,2.460971502,2.868171629,1.736428508,2.066016729,1.185882541,1.430724861,-1.01,505.7637346,6.684816447,2.554171088,1.099229702,70.41633388,0,0,0,0,0,0,0,0,0,0,47.9991423,11.45259128,10.40885753,0,0,22.37338832,0,0,0,0,0,47.48720279,0,0,0,0,0,11.60093989,0,0,0,0,42.46456948,5.022633314,10.77244843,0,0,0,0,0,0,0,10.40885753,5.386224214,0,30.33183534,12.13273414,11.60093989,0,5.957037037,0,3.13867284,0,0,14.01540123,0,0,0,0,11,0,0,0,0,0,2,0,2,0,0,1,0,0,0,0,2,3.4932,48.958,0,0,0,0,0,0,0,0,0,0,0,0,0,0,0,0,0,0,0,0,0,0,0,0,0,0,0,0,0,0,0,0,0,0,2,0,1,0,0,0,0,0,0,0,1,0,0,0,0,0,0,0,0,0,0,0,0,0,0,0,0,0,0,0,0,0,0,0,0,0,0,0,0,0,0,0,0,0,0,0,0,0,0,0,0,0.818181818,1.545454545,2.363636364,0,0
G,4.5,OFP+CN,PTQ10:Y6,2,双添加剂,Glass/ITO/PEDOT:PSS/BHJ active layer/PDINO/Al,ClC1=CC=CC2=C1C=CC=C2,0.831,26.28,78.4,17.13,0.83984927,5.957037037,5.957037037,0.822314815,0.822314815,0.55644797,10.27272727,162.619,155.563,162.0236279,54,0,0.048389036,-0.083664219,0.083664219,0.048389036,35.49569104,10.12844457,1.934419766,-1.966428521,2.214722752,-1.704476637,6.349799888,1.748124801,2.05595014,2.913161164,374.0344904,7.681798276,5.919416357,6.675345303,5.377010098,3.510349442,3.888313915,2.460971502,2.868171629,1.736428508,2.066016729,1.185882541,1.430724861,-1.01,505.7637346,6.684816447,2.554171088,1.099229702,70.41633388,0,0,0,0,0,0,0,0,0,0,47.9991423,11.45259128,10.40885753,0,0,22.37338832,0,0,0,0,0,47.48720279,0,0,0,0,0,11.60093989,0,0,0,0,42.46456948,5.022633314,10.77244843,0,0,0,0,0,0,0,10.40885753,5.386224214,0,30.33183534,12.13273414,11.60093989,0,5.957037037,0,3.13867284,0,0,14.01540123,0,0,0,0,11,0,0,0,0,0,2,0,2,0,0,1,0,0,0,0,2,3.4932,48.958,0,0,0,0,0,0,0,0,0,0,0,0,0,0,0,0,0,0,0,0,0,0,0,0,0,0,0,0,0,0,0,0,0,0,2,0,1,0,0,0,0,0,0,0,1,0,0,0,0,0,0,0,0,0,0,0,0,0,0,0,0,0,0,0,0,0,0,0,0,0,0,0,0,0,0,0,0,0,0,0,0,0,0,0,0,0.818181818,1.545454545,2.363636364,0,0
G,4.5,OFP+CN,PTQ10:Y6,2,双添加剂,Glass/ITO/PEDOT:PSS/BHJ active layer/PDINO/Al,FC1=C(F)C(C2=C(F)C(F)=C(OC)C(F)=C2F)=C(F)C(F)=C1OC,0.831,26.28,78.4,17.13,0.97662711,13.91039753,13.91039753,0.674534628,-2.298595522,0.594940914,10.91666667,358.184,352.136,358.0240052,130,0,0.204047971,-0.490714372,0.490714372,0.204047971,19.17085051,10.00526962,2.343067146,-2.142890564,2.408395746,-2.08926647,5.689558416,0.328503461,2.552517523,2.990393035,706.9899839,18.34241679,11.84021237,11.84021237,11.18284563,5.986602763,5.986602763,4.328354473,4.328354473,3.104444111,3.104444111,2.020507642,2.020507642,-2.52,151747.1668,17.82795659,6.173630532,2.326002028,128.7697552,9.473725908,0,34.76790703,23.26888336,0,0,0,17.56166019,17.56166019,0,0,0,0,25.34649807,44.59704629,0,0,0,0,0,14.21959508,46.53776673,0,22.62592665,9.473725908,35.12332038,11.49902367,0,14.21959508,0,46.53776673,0,0,0,11.12690298,0,18.46,69.16369338,35.12332038,0,0,14.21959508,0,0,0,0,9.473725908,0,118.3565282,0,0,0,-3.942123961,-20.76347348,0,0,0,1.349069255,0.142857143,24,0,2,0,0,0,2,0,2,2,0,10,3,0,0,0,2,4.4836,64.646,0,0,0,0,0,0,0,0,0,0,0,0,0,0,0,0,0,0,0,0,0,0,0,0,0,0,0,0,0,0,0,0,0,0,2,0,0,0,0,0,0,2,0,0,8,0,0,0,0,0,0,0,0,0,0,2,0,0,0,0,0,0,0,0,0,0,0,0,0,0,0,0,0,0,0,0,0,0,0,0,0,0,0,0,0,0.416666667,0.625,0.791666667,0,0
G,4.6,CN,PTQ10:m-BTP-C6Ph,1,液体添加剂,Glass/ITO/PEDOT:PSS/BHJ active layer/PDINO/Al,ClC1=CC=CC2=C1C=CC=C2,0.856,25.66,74.9,16.45,0.83984902,5.957037037,5.957037037,0.822314815,0.822314815,0.55644797,10.27272727,162.619,155.563,162.0236279,54,0,0.048389036,-0.083664219,0.083664219,0.048389036,35.49569104,10.12844457,1.934419766,-1.966428521,2.214722752,-1.704476637,6.349799888,1.748124801,2.05595014,2.913161164,374.0344904,7.681798276,5.919416357,6.675345303,5.377010098,3.510349442,3.888313915,2.460971502,2.868171629,1.736428508,2.066016729,1.185882541,1.430724861,-1.01,505.7637346,6.684816447,2.554171088,1.099229702,70.41633388,0,0,0,0,0,0,0,0,0,0,47.9991423,11.45259128,10.40885753,0,0,22.37338832,0,0,0,0,0,47.48720279,0,0,0,0,0,11.60093989,0,0,0,0,42.46456948,5.022633314,10.77244843,0,0,0,0,0,0,0,10.40885753,5.386224214,0,30.33183534,12.13273414,11.60093989,0,5.957037037,0,3.13867284,0,0,14.01540123,0,0,0,0,11,0,0,0,0,0,2,0,2,0,0,1,0,0,0,0,2,3.4932,48.958,0,0,0,0,0,0,0,0,0,0,0,0,0,0,0,0,0,0,0,0,0,0,0,0,0,0,0,0,0,0,0,0,0,0,2,0,1,0,0,0,0,0,0,0,1,0,0,0,0,0,0,0,0,0,0,0,0,0,0,0,0,0,0,0,0,0,0,0,0,0,0,0,0,0,0,0,0,0,0,0,0,0,0,0,0,0.818181818,1.545454545,2.363636364,0,0
G,4.7,OFP+CN,PTQ10:m-BTP-C6Ph,2,双添加剂,Glass/ITO/PEDOT:PSS/BHJ active layer/PDINO/Al,ClC1=CC=CC2=C1C=CC=C2,0.841,26.95,78.3,17.74,0.83984927,5.957037037,5.957037037,0.822314815,0.822314815,0.55644797,10.27272727,162.619,155.563,162.0236279,54,0,0.048389036,-0.083664219,0.083664219,0.048389036,35.49569104,10.12844457,1.934419766,-1.966428521,2.214722752,-1.704476637,6.349799888,1.748124801,2.05595014,2.913161164,374.0344904,7.681798276,5.919416357,6.675345303,5.377010098,3.510349442,3.888313915,2.460971502,2.868171629,1.736428508,2.066016729,1.185882541,1.430724861,-1.01,505.7637346,6.684816447,2.554171088,1.099229702,70.41633388,0,0,0,0,0,0,0,0,0,0,47.9991423,11.45259128,10.40885753,0,0,22.37338832,0,0,0,0,0,47.48720279,0,0,0,0,0,11.60093989,0,0,0,0,42.46456948,5.022633314,10.77244843,0,0,0,0,0,0,0,10.40885753,5.386224214,0,30.33183534,12.13273414,11.60093989,0,5.957037037,0,3.13867284,0,0,14.01540123,0,0,0,0,11,0,0,0,0,0,2,0,2,0,0,1,0,0,0,0,2,3.4932,48.958,0,0,0,0,0,0,0,0,0,0,0,0,0,0,0,0,0,0,0,0,0,0,0,0,0,0,0,0,0,0,0,0,0,0,2,0,1,0,0,0,0,0,0,0,1,0,0,0,0,0,0,0,0,0,0,0,0,0,0,0,0,0,0,0,0,0,0,0,0,0,0,0,0,0,0,0,0,0,0,0,0,0,0,0,0,0.818181818,1.545454545,2.363636364,0,0
G,4.7,OFP+CN,PTQ10:m-BTP-C6Ph,2,双添加剂,Glass/ITO/PEDOT:PSS/BHJ active layer/PDINO/Al,FC1=C(F)C(C2=C(F)C(F)=C(OC)C(F)=C2F)=C(F)C(F)=C1OC,0.841,26.95,78.3,17.74,0.97662648,13.91039753,13.91039753,0.674534628,-2.298595522,0.594940914,10.91666667,358.184,352.136,358.0240052,130,0,0.204047971,-0.490714372,0.490714372,0.204047971,19.17085051,10.00526962,2.343067146,-2.142890564,2.408395746,-2.08926647,5.689558416,0.328503461,2.552517523,2.990393035,706.9899839,18.34241679,11.84021237,11.84021237,11.18284563,5.986602763,5.986602763,4.328354473,4.328354473,3.104444111,3.104444111,2.020507642,2.020507642,-2.52,151747.1668,17.82795659,6.173630532,2.326002028,128.7697552,9.473725908,0,34.76790703,23.26888336,0,0,0,17.56166019,17.56166019,0,0,0,0,25.34649807,44.59704629,0,0,0,0,0,14.21959508,46.53776673,0,22.62592665,9.473725908,35.12332038,11.49902367,0,14.21959508,0,46.53776673,0,0,0,11.12690298,0,18.46,69.16369338,35.12332038,0,0,14.21959508,0,0,0,0,9.473725908,0,118.3565282,0,0,0,-3.942123961,-20.76347348,0,0,0,1.349069255,0.142857143,24,0,2,0,0,0,2,0,2,2,0,10,3,0,0,0,2,4.4836,64.646,0,0,0,0,0,0,0,0,0,0,0,0,0,0,0,0,0,0,0,0,0,0,0,0,0,0,0,0,0,0,0,0,0,0,2,0,0,0,0,0,0,2,0,0,8,0,0,0,0,0,0,0,0,0,0,2,0,0,0,0,0,0,0,0,0,0,0,0,0,0,0,0,0,0,0,0,0,0,0,0,0,0,0,0,0,0.416666667,0.625,0.791666667,0,0
G,5.1a,CN,PM6:Y6,1,液体添加剂,ITO/PEDOT:PSS/active layer/PNDIT-F3N/Ag,ClC1=CC=CC2=C1C=CC=C2,0.833,26.3,76,17.02,0.83984902,5.957037037,5.957037037,0.822314815,0.822314815,0.55644797,10.27272727,162.619,155.563,162.0236279,54,0,0.048389036,-0.083664219,0.083664219,0.048389036,35.49569104,10.12844457,1.934419766,-1.966428521,2.214722752,-1.704476637,6.349799888,1.748124801,2.05595014,2.913161164,374.0344904,7.681798276,5.919416357,6.675345303,5.377010098,3.510349442,3.888313915,2.460971502,2.868171629,1.736428508,2.066016729,1.185882541,1.430724861,-1.01,505.7637346,6.684816447,2.554171088,1.099229702,70.41633388,0,0,0,0,0,0,0,0,0,0,47.9991423,11.45259128,10.40885753,0,0,22.37338832,0,0,0,0,0,47.48720279,0,0,0,0,0,11.60093989,0,0,0,0,42.46456948,5.022633314,10.77244843,0,0,0,0,0,0,0,10.40885753,5.386224214,0,30.33183534,12.13273414,11.60093989,0,5.957037037,0,3.13867284,0,0,14.01540123,0,0,0,0,11,0,0,0,0,0,2,0,2,0,0,1,0,0,0,0,2,3.4932,48.958,0,0,0,0,0,0,0,0,0,0,0,0,0,0,0,0,0,0,0,0,0,0,0,0,0,0,0,0,0,0,0,0,0,0,2,0,1,0,0,0,0,0,0,0,1,0,0,0,0,0,0,0,0,0,0,0,0,0,0,0,0,0,0,0,0,0,0,0,0,0,0,0,0,0,0,0,0,0,0,0,0,0,0,0,0,0.818181818,1.545454545,2.363636364,0,0
G,5.1b,DIB,PM6:Y6,1,固体添加剂,ITO/PEDOT:PSS/active layer/PNDIT-F3N/Ag,IC1=CC=C(I)C=C1,0.832,26.3,78.9,17.47,0.83750645,2.293133333,2.293133333,1.294459259,1.294459259,0.642051393,9.25,329.906,325.874,329.8402461,42,0,0.013054724,-0.047792868,0.047792868,0.013054724,126.913722,10.37614531,1.823583796,-1.865196704,2.071859743,-1.684989424,14.11320949,1.599140599,1.769973094,3.032455532,145.3883389,5.983127663,4.065330023,8.380326605,3.7876937,2.199331678,4.356829969,1.43643578,3.927700219,0.803543161,2.241875356,0.429549359,1.148715456,0.68,70.79892376,6.795207373,3.004496065,1.889429225,75.95507936,0,0,0,0,0,0,0,0,0,0,0,69.44720953,7.140364542,0,0,45.18174125,0,0,0,0,0,31.40583282,0,0,0,0,0,45.18174125,0,0,7.140364542,0,24.26546827,0,0,0,0,0,0,0,0,0,0,7.140364542,0,0,69.44720953,0,2.588918519,4.586266667,0,0,0,0,8.398148148,0,0,0,0,8,0,0,0,0,0,1,0,1,0,0,2,0,0,0,0,1,2.8958,51.876,0,0,0,0,0,0,0,0,0,0,0,0,0,0,0,0,0,0,0,0,0,0,0,0,0,0,0,0,0,0,0,0,0,0,1,0,0,0,0,0,0,0,0,0,2,0,0,0,0,0,0,0,0,0,0,0,0,0,0,0,0,0,0,0,0,0,0,0,0,0,0,0,0,0,0,0,0,0,0,0,0,0,0,0,0,0.75,1,1.25,0,0
G,5.2a,CN,PM6:N3,1,液体添加剂,ITO/PEDOT:PSS/active layer/PNDIT-F3N/Ag,ClC1=CC=CC2=C1C=CC=C2,0.818,26.42,75.9,16.63,0.83984921,5.957037037,5.957037037,0.822314815,0.822314815,0.55644797,10.27272727,162.619,155.563,162.0236279,54,0,0.048389036,-0.083664219,0.083664219,0.048389036,35.49569104,10.12844457,1.934419766,-1.966428521,2.214722752,-1.704476637,6.349799888,1.748124801,2.05595014,2.913161164,374.0344904,7.681798276,5.919416357,6.675345303,5.377010098,3.510349442,3.888313915,2.460971502,2.868171629,1.736428508,2.066016729,1.185882541,1.430724861,-1.01,505.7637346,6.684816447,2.554171088,1.099229702,70.41633388,0,0,0,0,0,0,0,0,0,0,47.9991423,11.45259128,10.40885753,0,0,22.37338832,0,0,0,0,0,47.48720279,0,0,0,0,0,11.60093989,0,0,0,0,42.46456948,5.022633314,10.77244843,0,0,0,0,0,0,0,10.40885753,5.386224214,0,30.33183534,12.13273414,11.60093989,0,5.957037037,0,3.13867284,0,0,14.01540123,0,0,0,0,11,0,0,0,0,0,2,0,2,0,0,1,0,0,0,0,2,3.4932,48.958,0,0,0,0,0,0,0,0,0,0,0,0,0,0,0,0,0,0,0,0,0,0,0,0,0,0,0,0,0,0,0,0,0,0,2,0,1,0,0,0,0,0,0,0,1,0,0,0,0,0,0,0,0,0,0,0,0,0,0,0,0,0,0,0,0,0,0,0,0,0,0,0,0,0,0,0,0,0,0,0,0,0,0,0,0,0.818181818,1.545454545,2.363636364,0,0
G,5.2b,DIB,PM6:N3,1,固体添加剂,ITO/PEDOT:PSS/active layer/PNDIT-F3N/Ag,IC1=CC=C(I)C=C1,0.827,26.34,78.5,17.25,0.83750645,2.293133333,2.293133333,1.294459259,1.294459259,0.642051393,9.25,329.906,325.874,329.8402461,42,0,0.013054724,-0.047792868,0.047792868,0.013054724,126.913722,10.37614531,1.823583796,-1.865196704,2.071859743,-1.684989424,14.11320949,1.599140599,1.769973094,3.032455532,145.3883389,5.983127663,4.065330023,8.380326605,3.7876937,2.199331678,4.356829969,1.43643578,3.927700219,0.803543161,2.241875356,0.429549359,1.148715456,0.68,70.79892376,6.795207373,3.004496065,1.889429225,75.95507936,0,0,0,0,0,0,0,0,0,0,0,69.44720953,7.140364542,0,0,45.18174125,0,0,0,0,0,31.40583282,0,0,0,0,0,45.18174125,0,0,7.140364542,0,24.26546827,0,0,0,0,0,0,0,0,0,0,7.140364542,0,0,69.44720953,0,2.588918519,4.586266667,0,0,0,0,8.398148148,0,0,0,0,8,0,0,0,0,0,1,0,1,0,0,2,0,0,0,0,1,2.8958,51.876,0,0,0,0,0,0,0,0,0,0,0,0,0,0,0,0,0,0,0,0,0,0,0,0,0,0,0,0,0,0,0,0,0,0,1,0,0,0,0,0,0,0,0,0,2,0,0,0,0,0,0,0,0,0,0,0,0,0,0,0,0,0,0,0,0,0,0,0,0,0,0,0,0,0,0,0,0,0,0,0,0,0,0,0,0,0.75,1,1.25,0,0
G,5.3a,DIO,PM6:BTP-eC9,1,液体添加剂,ITO/PEDOT:PSS/active layer/PNDIT-F3N/Ag,ICCCCCCCCI,0.833,26.84,78.3,17.82,9.64E-07,2.454655993,2.454655993,1.337345679,1.337345679,0.360140031,10.2,366.024,349.896,365.9341465,62,0,-0.000472812,-0.086375917,0.086375917,0.000472812,126.9137216,10.13204741,1.878618147,-1.964807038,2.067504511,-1.799735234,14.10995232,0.63270578,1.967154472,2.647604849,47.21928095,7.656854249,6.412783196,10.72777978,4.914213562,4.034522484,7.085685828,2.499284817,4.656783108,1.517261242,3.042842914,0.896089018,1.974838163,1.46,175.076748,11.46,10.46,9.46,91.81752207,0,0,0,0,0,0,0,0,0,0,70.86502775,21.69674805,0,0,0,45.18174125,0,0,0,38.52492974,8.855104805,0,0,0,0,0,0,45.18174125,8.855104805,0,0,38.52492974,0,0,0,0,0,0,0,0,0,0,0,47.38003454,0,0,45.18174125,0,2.674691358,4.909311987,0,0,0,0,0,8.655996655,0,0,1,10,0,0,0,0,0,0,0,0,0,0,2,7,0,0,0,0,4.197,65.476,0,0,0,0,0,0,0,0,0,0,0,0,0,0,0,0,0,0,0,0,0,0,0,0,0,2,0,0,0,0,0,0,0,0,0,0,0,0,0,0,0,0,0,0,2,0,0,0,0,0,0,0,0,0,0,0,0,0,0,0,0,0,0,0,0,0,0,0,0,0,0,0,0,0,0,0,0,0,0,0,0,0,0,5,0,0.5,0.8,1.1,0,0
G,5.3b,DIB,PM6:BTP-eC9,1,固体添加剂,ITO/PEDOT:PSS/active layer/PNDIT-F3N/Ag,IC1=CC=C(I)C=C1,0.856,26.44,79.5,18.13,0.83750645,2.293133333,2.293133333,1.294459259,1.294459259,0.642051393,9.25,329.906,325.874,329.8402461,42,0,0.013054724,-0.047792868,0.047792868,0.013054724,126.913722,10.37614531,1.823583796,-1.865196704,2.071859743,-1.684989424,14.11320949,1.599140599,1.769973094,3.032455532,145.3883389,5.983127663,4.065330023,8.380326605,3.7876937,2.199331678,4.356829969,1.43643578,3.927700219,0.803543161,2.241875356,0.429549359,1.148715456,0.68,70.79892376,6.795207373,3.004496065,1.889429225,75.95507936,0,0,0,0,0,0,0,0,0,0,0,69.44720953,7.140364542,0,0,45.18174125,0,0,0,0,0,31.40583282,0,0,0,0,0,45.18174125,0,0,7.140364542,0,24.26546827,0,0,0,0,0,0,0,0,0,0,7.140364542,0,0,69.44720953,0,2.588918519,4.586266667,0,0,0,0,8.398148148,0,0,0,0,8,0,0,0,0,0,1,0,1,0,0,2,0,0,0,0,1,2.8958,51.876,0,0,0,0,0,0,0,0,0,0,0,0,0,0,0,0,0,0,0,0,0,0,0,0,0,0,0,0,0,0,0,0,0,0,1,0,0,0,0,0,0,0,0,0,2,0,0,0,0,0,0,0,0,0,0,0,0,0,0,0,0,0,0,0,0,0,0,0,0,0,0,0,0,0,0,0,0,0,0,0,0,0,0,0,0,0.75,1,1.25,0,0
G,5.4a,CN,PTB7-Th:IEICO-4F,1,液体添加剂,ITO/PEDOT:PSS/active layer/PNDIT-F3N/Ag,ClC1=CC=CC2=C1C=CC=C2,0.703,23.7,65.8,11.1,0.83984889,5.957037037,5.957037037,0.822314815,0.822314815,0.55644797,10.27272727,162.619,155.563,162.0236279,54,0,0.048389036,-0.083664219,0.083664219,0.048389036,35.49569104,10.12844457,1.934419766,-1.966428521,2.214722752,-1.704476637,6.349799888,1.748124801,2.05595014,2.913161164,374.0344904,7.681798276,5.919416357,6.675345303,5.377010098,3.510349442,3.888313915,2.460971502,2.868171629,1.736428508,2.066016729,1.185882541,1.430724861,-1.01,505.7637346,6.684816447,2.554171088,1.099229702,70.41633388,0,0,0,0,0,0,0,0,0,0,47.9991423,11.45259128,10.40885753,0,0,22.37338832,0,0,0,0,0,47.48720279,0,0,0,0,0,11.60093989,0,0,0,0,42.46456948,5.022633314,10.77244843,0,0,0,0,0,0,0,10.40885753,5.386224214,0,30.33183534,12.13273414,11.60093989,0,5.957037037,0,3.13867284,0,0,14.01540123,0,0,0,0,11,0,0,0,0,0,2,0,2,0,0,1,0,0,0,0,2,3.4932,48.958,0,0,0,0,0,0,0,0,0,0,0,0,0,0,0,0,0,0,0,0,0,0,0,0,0,0,0,0,0,0,0,0,0,0,2,0,1,0,0,0,0,0,0,0,1,0,0,0,0,0,0,0,0,0,0,0,0,0,0,0,0,0,0,0,0,0,0,0,0,0,0,0,0,0,0,0,0,0,0,0,0,0,0,0,0,0.818181818,1.545454545,2.363636364,0,0
G,5.4b,DIB,PTB7-Th:IEICO-4F,1,固体添加剂,ITO/PEDOT:PSS/active layer/PNDIT-F3N/Ag,IC1=CC=C(I)C=C1,0.725,23.75,66.2,11.81,0.83750645,2.293133333,2.293133333,1.294459259,1.294459259,0.642051393,9.25,329.906,325.874,329.8402461,42,0,0.013054724,-0.047792868,0.047792868,0.013054724,126.913722,10.37614531,1.823583796,-1.865196704,2.071859743,-1.684989424,14.11320949,1.599140599,1.769973094,3.032455532,145.3883389,5.983127663,4.065330023,8.380326605,3.7876937,2.199331678,4.356829969,1.43643578,3.927700219,0.803543161,2.241875356,0.429549359,1.148715456,0.68,70.79892376,6.795207373,3.004496065,1.889429225,75.95507936,0,0,0,0,0,0,0,0,0,0,0,69.44720953,7.140364542,0,0,45.18174125,0,0,0,0,0,31.40583282,0,0,0,0,0,45.18174125,0,0,7.140364542,0,24.26546827,0,0,0,0,0,0,0,0,0,0,7.140364542,0,0,69.44720953,0,2.588918519,4.586266667,0,0,0,0,8.398148148,0,0,0,0,8,0,0,0,0,0,1,0,1,0,0,2,0,0,0,0,1,2.8958,51.876,0,0,0,0,0,0,0,0,0,0,0,0,0,0,0,0,0,0,0,0,0,0,0,0,0,0,0,0,0,0,0,0,0,0,1,0,0,0,0,0,0,0,0,0,2,0,0,0,0,0,0,0,0,0,0,0,0,0,0,0,0,0,0,0,0,0,0,0,0,0,0,0,0,0,0,0,0,0,0,0,0,0,0,0,0,0.75,1,1.25,0,0
G,5.5a,DIO,P3:Y6,1,液体添加剂,ITO/PEDOT:PSS/active layer/PNDIT-F3N/Ag,ICCCCCCCCI,0.804,25.45,68.1,14.38,9.64E-07,2.454655993,2.454655993,1.337345679,1.337345679,0.360140031,10.2,366.024,349.896,365.9341465,62,0,-0.000472812,-0.086375917,0.086375917,0.000472812,126.9137216,10.13204741,1.878618147,-1.964807038,2.067504511,-1.799735234,14.10995232,0.63270578,1.967154472,2.647604849,47.21928095,7.656854249,6.412783196,10.72777978,4.914213562,4.034522484,7.085685828,2.499284817,4.656783108,1.517261242,3.042842914,0.896089018,1.974838163,1.46,175.076748,11.46,10.46,9.46,91.81752207,0,0,0,0,0,0,0,0,0,0,70.86502775,21.69674805,0,0,0,45.18174125,0,0,0,38.52492974,8.855104805,0,0,0,0,0,0,45.18174125,8.855104805,0,0,38.52492974,0,0,0,0,0,0,0,0,0,0,0,47.38003454,0,0,45.18174125,0,2.674691358,4.909311987,0,0,0,0,0,8.655996655,0,0,1,10,0,0,0,0,0,0,0,0,0,0,2,7,0,0,0,0,4.197,65.476,0,0,0,0,0,0,0,0,0,0,0,0,0,0,0,0,0,0,0,0,0,0,0,0,0,2,0,0,0,0,0,0,0,0,0,0,0,0,0,0,0,0,0,0,2,0,0,0,0,0,0,0,0,0,0,0,0,0,0,0,0,0,0,0,0,0,0,0,0,0,0,0,0,0,0,0,0,0,0,0,0,0,0,5,0,0.5,0.8,1.1,0,0
G,5.5b,DIB,P3:Y6,1,固体添加剂,ITO/PEDOT:PSS/active layer/PNDIT-F3N/Ag,IC1=CC=C(I)C=C1,0.805,25.79,70.7,15.12,0.83750645,2.293133333,2.293133333,1.294459259,1.294459259,0.642051393,9.25,329.906,325.874,329.8402461,42,0,0.013054724,-0.047792868,0.047792868,0.013054724,126.913722,10.37614531,1.823583796,-1.865196704,2.071859743,-1.684989424,14.11320949,1.599140599,1.769973094,3.032455532,145.3883389,5.983127663,4.065330023,8.380326605,3.7876937,2.199331678,4.356829969,1.43643578,3.927700219,0.803543161,2.241875356,0.429549359,1.148715456,0.68,70.79892376,6.795207373,3.004496065,1.889429225,75.95507936,0,0,0,0,0,0,0,0,0,0,0,69.44720953,7.140364542,0,0,45.18174125,0,0,0,0,0,31.40583282,0,0,0,0,0,45.18174125,0,0,7.140364542,0,24.26546827,0,0,0,0,0,0,0,0,0,0,7.140364542,0,0,69.44720953,0,2.588918519,4.586266667,0,0,0,0,8.398148148,0,0,0,0,8,0,0,0,0,0,1,0,1,0,0,2,0,0,0,0,1,2.8958,51.876,0,0,0,0,0,0,0,0,0,0,0,0,0,0,0,0,0,0,0,0,0,0,0,0,0,0,0,0,0,0,0,0,0,0,1,0,0,0,0,0,0,0,0,0,2,0,0,0,0,0,0,0,0,0,0,0,0,0,0,0,0,0,0,0,0,0,0,0,0,0,0,0,0,0,0,0,0,0,0,0,0,0,0,0,0,0.75,1,1.25,0,0
G,6.2,CS2,PM6:BTP-eC9,1,液体添加剂,ITO/PEDOT:PSS/active layer/PDINO/Ag,S=C=S,0.936,22.46,73.61,15.48,3.13E-04,3.958333333,3.958333333,1.916666667,1.916666667,0.394954067,2.666666667,76.145,76.145,75.944142,16,0,0.029653019,-0.01482651,0.029653019,0.01482651,32.11773458,11.96126542,1.008149536,-0.992323026,1.287749443,-0.916849443,7.933683665,4.665316335,0.918295834,3.265986324,23.77443751,2.707106781,1.316496581,2.949489743,1.414213562,0.40824829,1.224744871,0.083333333,0.75,0,0,0,0,0.22,2.754887502,3.22,2.22,2.22,29.45681152,0,0,0,0,0,0,0,0,0,0,0,24.43574689,4.314144168,0,0,28.74989105,0,0,0,0,0,0,0,0,0,0,0,24.43574689,4.314144168,0,0,0,0,0,0,0,0,0,0,0,0,0,0,0,0,4.314144168,24.43574689,0,1.916666667,7.916666667,0,0,0,0,0,0,0,0,0,3,0,0,0,0,0,0,0,0,2,0,2,0,0,0,0,0,1.0181,20.189,0,0,0,0,0,0,0,0,0,0,0,0,2,0,0,0,0,0,0,0,0,0,0,0,0,0,0,0,0,0,0,0,0,0,0,0,0,0,0,0,0,0,0,0,0,0,0,0,0,0,0,0,0,0,0,0,0,0,0,0,0,0,0,0,0,0,0,0,0,0,0,0,0,0,0,0,0,0,0,0,0,0,0,0,0,1.333333333,1.333333333,1.333333333,0,0
G,7.1,FTCNQ,HD-1:BTP-eC9,1,掺杂剂,ITO/PEDOT:PSS/active layer/PDINO/Ag,FC(/C(C=C/1)=C(C#N)\C#N)=CC1=C(C#N)/C#N,0.843,25.6,79.45,17.15,2.53281512,13.55200302,13.55200302,0.117110733,-0.816111111,0.626868401,8.058823529,222.182,219.158,222.0341743,78,0,0.139314384,-0.206247112,0.206247112,0.139314384,19.14216715,10.1145845,2.022995151,-1.916554904,1.925847998,-2.164212358,5.738657248,0.617197073,2.343506358,3.776413219,716.1465345,12.83649881,8.398869663,8.398869663,8.171763718,4.321443299,4.321443299,2.891839063,2.891839063,1.974312197,1.974312197,1.172911659,1.172911659,-3.15,6224.352886,11.92220217,5.078285572,2.263818002,95.97770387,0,41.24031515,0,0,0,0,0,4.390415048,21.04756622,0,6.066367068,12.13273414,10.43729995,0,4.390415048,11.14620906,21.04756622,0,0,0,0,34.453622,0,24.27688525,10.43729995,4.390415048,0,0,0,0,51.14167231,0,18.19910121,0,11.14620906,0,95.16,5.817220841,4.390415048,0,21.58350901,0,6.066367068,12.13273414,24.27688525,0,0,21.04756622,13.55200302,0,0,34.3484908,-0.587564248,-0.816111111,9.836514865,0,0,0,0,17,0,4,0,0,0,1,0,1,4,0,5,0,0,0,0,1,0.22142,54.918,0,0,0,0,0,0,0,0,0,0,0,0,0,0,0,4,0,0,0,0,0,0,0,0,0,0,0,0,0,0,0,0,0,0,1,0,0,0,0,0,0,0,0,0,1,0,0,0,0,0,0,0,0,0,0,0,0,4,0,0,0,0,0,0,0,0,0,0,0,0,0,0,0,0,0,0,0,0,0,0,0,0,0,0,0,0.882352941,1.411764706,1.823529412,0,0
G,7.2,IN,HD-1:BTP-eC9,1,液体添加剂,ITO/PEDOT:PSS/active layer/PDINO/Ag,IC1=CC2=C(S1)C(C3=CC(Cl)=C(S3)CC(CCCC)CC)=C(C=C(S4)I)C4=C2C5=CC(Cl)=C(CC(CC)CCCC)S5,0.838,26.28,77.5,17.07,2.16E-06,6.975557145,6.975557145,0.702034498,0.702034498,0.097449362,13.52380952,899.66,861.356,897.9322866,226,0,0.066600849,-0.138629669,0.138629669,0.066600849,126.9137227,9.949058446,2.249615728,-2.132619479,2.531170202,-2.017749726,14.11339708,0.451748142,3.722927283,1.624088754,1482.196415,29.96552637,24.68002048,33.77286128,20.26912051,15.18334683,21.36276039,11.34140282,20.32207601,8.439010386,15.5133542,5.94743982,13.14697759,0.58,2977462322,33.92935929,15.44617634,7.417016917,304.4396562,0,0,0,0,0,0,0,0,0,45.34714351,102.2634016,94.12466487,50.80778002,15.81302257,0,133.9030528,0,0,11.83581209,91.90316503,0,49.83278523,0,20.88119737,0,0,0,113.7307645,0,12.84164325,17.60356804,88.81581617,24.26546827,10.04526663,41.05348563,0,0,0,0,0,0,11.83581209,22.88690987,107.9421089,0,45.34714351,97.14215833,23.20187978,5.38606013,26.61266343,5.306231487,4.588575035,2.729773749,1.404068996,9.284135196,12.26285884,9.221188694,0,0.470588235,42,0,0,0,0,0,1,4,5,4,0,8,14,0,0,0,5,15.6068,213.308,0,0,0,0,0,0,0,0,0,0,0,0,0,0,0,0,0,0,0,0,0,0,0,0,0,0,0,0,0,0,0,0,0,0,1,0,2,0,0,0,0,0,0,0,4,0,0,0,0,0,0,0,0,0,0,0,0,0,0,0,0,0,0,0,0,0,0,0,0,0,0,0,0,0,0,0,0,0,0,0,0,0,4,2,0,0.619047619,1.023809524,1.380952381,0,0
G,7.3,FTCNQ+IN,HD-1:BTP-eC9,2,,ITO/PEDOT:PSS/active layer/PDINO/Ag,IC1=CC2=C(S1)C(C3=CC(Cl)=C(S3)CC(CCCC)CC)=C(C=C(S4)I)C4=C2C5=CC(Cl)=C(CC(CC)CCCC)S5,0.844,26.2,80.19,17.73,2.16E-06,6.975557145,6.975557145,0.702034498,0.702034498,0.097449362,13.52380952,899.66,861.356,897.9322866,226,0,0.066600849,-0.138629669,0.138629669,0.066600849,126.9137227,9.949058446,2.249615728,-2.132619479,2.531170202,-2.017749726,14.11339708,0.451748142,3.722927283,1.624088754,1482.196415,29.96552637,24.68002048,33.77286128,20.26912051,15.18334683,21.36276039,11.34140282,20.32207601,8.439010386,15.5133542,5.94743982,13.14697759,0.58,2977462322,33.92935929,15.44617634,7.417016917,304.4396562,0,0,0,0,0,0,0,0,0,45.34714351,102.2634016,94.12466487,50.80778002,15.81302257,0,133.9030528,0,0,11.83581209,91.90316503,0,49.83278523,0,20.88119737,0,0,0,113.7307645,0,12.84164325,17.60356804,88.81581617,24.26546827,10.04526663,41.05348563,0,0,0,0,0,0,11.83581209,22.88690987,107.9421089,0,45.34714351,97.14215833,23.20187978,5.38606013,26.61266343,5.306231487,4.588575035,2.729773749,1.404068996,9.284135196,12.26285884,9.221188694,0,0.470588235,42,0,0,0,0,0,1,4,5,4,0,8,14,0,0,0,5,15.6068,213.308,0,0,0,0,0,0,0,0,0,0,0,0,0,0,0,0,0,0,0,0,0,0,0,0,0,0,0,0,0,0,0,0,0,0,1,0,2,0,0,0,0,0,0,0,4,0,0,0,0,0,0,0,0,0,0,0,0,0,0,0,0,0,0,0,0,0,0,0,0,0,0,0,0,0,0,0,0,0,0,0,0,0,4,2,0,0.619047619,1.023809524,1.380952381,0,0
G,7.3,FTCNQ+IN,HD-1:BTP-eC9,2,,ITO/PEDOT:PSS/active layer/PDINO/Ag,FC(/C(C=C/1)=C(C#N)\C#N)=CC1=C(C#N)/C#N,0.844,26.2,80.19,17.73,2.53281512,13.55200302,13.55200302,0.117110733,-0.816111111,0.626868401,8.058823529,222.182,219.158,222.0341743,78,0,0.139314384,-0.206247112,0.206247112,0.139314384,19.14216715,10.1145845,2.022995151,-1.916554904,1.925847998,-2.164212358,5.738657248,0.617197073,2.343506358,3.776413219,716.1465345,12.83649881,8.398869663,8.398869663,8.171763718,4.321443299,4.321443299,2.891839063,2.891839063,1.974312197,1.974312197,1.172911659,1.172911659,-3.15,6224.352886,11.92220217,5.078285572,2.263818002,95.97770387,0,41.24031515,0,0,0,0,0,4.390415048,21.04756622,0,6.066367068,12.13273414,10.43729995,0,4.390415048,11.14620906,21.04756622,0,0,0,0,34.453622,0,24.27688525,10.43729995,4.390415048,0,0,0,0,51.14167231,0,18.19910121,0,11.14620906,0,95.16,5.817220841,4.390415048,0,21.58350901,0,6.066367068,12.13273414,24.27688525,0,0,21.04756622,13.55200302,0,0,34.3484908,-0.587564248,-0.816111111,9.836514865,0,0,0,0,17,0,4,0,0,0,1,0,1,4,0,5,0,0,0,0,1,0.22142,54.918,0,0,0,0,0,0,0,0,0,0,0,0,0,0,0,4,0,0,0,0,0,0,0,0,0,0,0,0,0,0,0,0,0,0,1,0,0,0,0,0,0,0,0,0,1,0,0,0,0,0,0,0,0,0,0,0,0,4,0,0,0,0,0,0,0,0,0,0,0,0,0,0,0,0,0,0,0,0,0,0,0,0,0,0,0,0.882352941,1.411764706,1.823529412,0,0
G,8.1,FA-C9,PM6:Y6,1,固体添加剂,Glass/ITO/ PEDOT:PSS/Active Layer/PDINN/Ag,OCC(CCCCCCCCC)=O,0.85,27.12,75.3,17.4,2.3482587,10.69698928,10.69698928,0.019853526,-0.281910009,0.562046059,10.30769231,186.295,164.119,186.1619799,78,0,0.157681777,-0.388592198,0.388592198,0.157681777,16.26464338,10.07343218,1.975427212,-1.991467294,2.077046402,-2.019676086,5.787235661,-0.121360208,2.158981722,2.951096443,121.2586864,9.9413113,8.719422917,8.719422917,6.308060412,5.434565474,5.434565474,3.568109361,3.568109361,2.235521975,2.235521975,1.358332506,1.358332506,-0.37,740.5307308,12.63,9.715984523,9.544776423,81.34442802,5.106527395,6.606881965,5.783244946,0,0,0,4.794537184,0,0,0,45.44866694,6.420821623,6.420821623,0,9.901064579,5.783244946,0,0,0,58.29031018,6.606881965,0,0,0,0,0,0,0,17.49665431,4.794537184,0,58.29031018,0,0,0,0,37.3,0,4.794537184,0,12.39012691,6.420821623,12.84164325,32.10410811,0,0,6.9237372,5.106527395,0,0,10.69698928,8.457904132,0,-0.019853526,0,9.105287452,1.926339329,0,0.909090909,13,1,2,0,0,0,0,0,0,2,1,2,9,0,0,0,0,2.6885,54.7028,0,1,1,0,0,0,0,0,0,0,1,1,0,0,0,0,0,0,0,0,0,0,0,0,0,0,0,0,0,0,0,0,0,0,0,0,0,0,0,0,0,0,0,0,0,0,0,0,0,0,0,1,1,0,0,0,0,0,0,0,0,0,0,0,0,0,0,0,0,0,0,0,0,0,0,0,0,0,0,0,0,0,0,6,0,1,1.538461538,2.076923077,0,0
G,8.2,FA-C12,PM6:Y6,1,固体添加剂,Glass/ITO/ PEDOT:PSS/Active Layer/PDINN/Ag,OCC(CCCCCCCCCCCC)=O,0.85,27.74,76.7,18.16,2.34825231,10.79737054,10.79737054,0.014291095,-0.280328798,0.514971743,10.625,228.376,200.152,228.2089301,96,0,0.157681777,-0.388592198,0.388592198,0.157681777,16.2646469,10.05209207,1.979683442,-2.011943798,2.106625516,-2.019760471,5.787243655,-0.121360738,2.308840502,2.957653371,154.8143311,12.06263164,10.84074326,10.84074326,7.808060412,6.934565474,6.934565474,4.628769533,4.628769533,2.985521975,2.985521975,1.888662592,1.888662592,-0.37,3354.745249,15.63,12.6983527,11.70336757,100.4392544,5.106527395,6.606881965,5.783244946,0,0,0,4.794537184,0,0,0,64.71113181,6.420821623,6.420821623,0,9.901064579,5.783244946,0,0,0,77.55277505,6.606881965,0,0,0,0,0,0,0,17.49665431,4.794537184,0,77.55277505,0,0,0,0,37.3,0,4.794537184,0,12.39012691,6.420821623,12.84164325,51.36657298,0,0,6.9237372,5.106527395,0,0,10.79737054,8.528740535,0,-0.014291095,0,13.39145174,1.963394946,0,0.928571429,16,1,2,0,0,0,0,0,0,2,1,2,12,0,0,0,0,3.8588,68.5538,0,1,1,0,0,0,0,0,0,0,1,1,0,0,0,0,0,0,0,0,0,0,0,0,0,0,0,0,0,0,0,0,0,0,0,0,0,0,0,0,0,0,0,0,0,0,0,0,0,0,0,1,1,0,0,0,0,0,0,0,0,0,0,0,0,0,0,0,0,0,0,0,0,0,0,0,0,0,0,0,0,0,0,9,0,0.8125,1.25,1.6875,0,0
G,8.3,FA-C16,PM6:Y6,1,固体添加剂,Glass/ITO/ PEDOT:PSS/Active Layer/PDINN/Ag,OCC(CCCCCCCCCCCCCCCC)=O,0.84,27.17,77,17.57,2.34824758,10.88031362,10.88031362,0.010243795,-0.279320988,0.384229792,10.9,284.484,248.196,284.2715304,120,0,0.157681777,-0.388592198,0.388592198,0.157681777,16.26465161,10.03743044,1.982710867,-2.026522289,2.127840925,-2.019768253,5.787254207,-0.121361358,2.469106205,2.973387433,201.5949031,14.89105877,13.66917038,13.66917038,9.808060412,8.934565474,8.934565474,6.042983095,6.042983095,3.985521975,3.985521975,2.595769373,2.595769373,-0.37,24589.82869,19.63,16.68367687,15.6867215,125.8990228,5.106527395,6.606881965,5.783244946,0,0,0,4.794537184,0,0,0,90.3944183,6.420821623,6.420821623,0,9.901064579,5.783244946,0,0,0,103.2360615,6.606881965,0,0,0,0,0,0,0,17.49665431,4.794537184,0,103.2360615,0,0,0,0,37.3,0,4.794537184,0,12.39012691,6.420821623,12.84164325,77.04985948,0,0,6.9237372,5.106527395,0,0,10.88031362,8.589081038,0,-0.010243795,0,19.21847934,1.98903646,0,0.944444444,20,1,2,0,0,0,0,0,0,2,1,2,16,0,0,0,0,5.4192,87.0218,0,1,1,0,0,0,0,0,0,0,1,1,0,0,0,0,0,0,0,0,0,0,0,0,0,0,0,0,0,0,0,0,0,0,0,0,0,0,0,0,0,0,0,0,0,0,0,0,0,0,0,1,1,0,0,0,0,0,0,0,0,0,0,0,0,0,0,0,0,0,0,0,0,0,0,0,0,0,0,0,0,0,0,13,0,0.65,1,1.35,0,0
G,8.4,FA-C16,PM6:L8-BO,1,固体添加剂,Glass/ITO/ PEDOT:PSS/Active Layer/PDINN/Ag,OCC(CCCCCCCCCCCCCCCC)=O,0.88,26.88,80.5,19.02,2.34824788,10.88031362,10.88031362,0.010243795,-0.279320988,0.384229792,10.9,284.484,248.196,284.2715304,120,0,0.157681777,-0.388592198,0.388592198,0.157681777,16.26465161,10.03743044,1.982710867,-2.026522289,2.127840925,-2.019768253,5.787254207,-0.121361358,2.469106205,2.973387433,201.5949031,14.89105877,13.66917038,13.66917038,9.808060412,8.934565474,8.934565474,6.042983095,6.042983095,3.985521975,3.985521975,2.595769373,2.595769373,-0.37,24589.82869,19.63,16.68367687,15.6867215,125.8990228,5.106527395,6.606881965,5.783244946,0,0,0,4.794537184,0,0,0,90.3944183,6.420821623,6.420821623,0,9.901064579,5.783244946,0,0,0,103.2360615,6.606881965,0,0,0,0,0,0,0,17.49665431,4.794537184,0,103.2360615,0,0,0,0,37.3,0,4.794537184,0,12.39012691,6.420821623,12.84164325,77.04985948,0,0,6.9237372,5.106527395,0,0,10.88031362,8.589081038,0,-0.010243795,0,19.21847934,1.98903646,0,0.944444444,20,1,2,0,0,0,0,0,0,2,1,2,16,0,0,0,0,5.4192,87.0218,0,1,1,0,0,0,0,0,0,0,1,1,0,0,0,0,0,0,0,0,0,0,0,0,0,0,0,0,0,0,0,0,0,0,0,0,0,0,0,0,0,0,0,0,0,0,0,0,0,0,0,1,1,0,0,0,0,0,0,0,0,0,0,0,0,0,0,0,0,0,0,0,0,0,0,0,0,0,0,0,0,0,0,13,0,0.65,1,1.35,0,0
G,9.1,ODBC,PM6:PYF-T-o,1,液体添加剂,ITO/PEDOT:PSS/Active Layer/ PNDIT-F3N/Ag,BrC1=C(Cl)C=CC=C1,0.91,26.18,72.95,17.38,1.35425213,5.66179784,5.66179784,0.756944444,0.756944444,0.591074528,9.25,191.455,187.423,189.9184899,42,0,0.054756264,-0.083108458,0.083108458,0.054756264,79.91873095,10.36978668,1.882138773,-1.88448054,2.195407059,-1.622953911,9.103378354,1.651947436,1.768177215,3.134861511,164.6383389,5.983127663,4.065330023,6.407255508,3.804530453,2.205314742,3.376277485,1.414108774,2.6756458,0.824372589,2.073737662,0.439294576,0.859806918,-0.01,72.49526583,6.115156446,2.513042562,1.234902099,61.60221695,0,0,0,0,0,0,0,0,0,0,23.73367403,28.06267803,4.472719516,5.022633314,0,27.53088379,0,0,0,0,0,33.7608211,0,0,0,0,0,27.53088379,0,0,0,0,28.73818779,5.022633314,0,0,0,0,0,0,0,0,9.49535283,0,0,24.26546827,15.9299439,11.60093989,0.945987654,8.925015432,0,0.756944444,0,0,7.566496914,0,0,0,0,8,0,0,0,0,0,1,0,1,0,0,2,0,0,0,0,1,3.1025,39.152,0,0,0,0,0,0,0,0,0,0,0,0,0,0,0,0,0,0,0,0,0,0,0,0,0,0,0,0,0,0,0,0,0,0,1,0,0,0,0,0,0,0,0,0,2,0,0,0,0,0,0,0,0,0,0,0,0,0,0,0,0,0,0,0,0,0,0,0,0,0,0,0,0,0,0,0,0,0,0,0,0,0,0,0,0,1.25,1.875,2.25,0,0
G,9.2,PDBC,PM6:PYF-T-o,1,固体添加剂,ITO/PEDOT:PSS/PM6/PYF-T-o/ PNDIT-F3N/Ag,BrC1=CC=C(Cl)C=C1,0.909,25.91,72.25,17.01,0.09507654,5.590833333,5.590833333,0.771481481,0.771481481,0.591074528,9.25,191.455,187.423,189.9184899,42,0,0.040627298,-0.084343133,0.084343133,0.040627298,79.91873094,10.36986531,1.829030109,-1.860170215,2.127830418,-1.605367972,9.10299084,1.652965551,1.769973094,3.032455532,147.3883389,5.983127663,4.065330023,6.407255508,3.7876937,2.199331678,3.370294421,1.43643578,2.78854709,0.803543161,1.58418499,0.429549359,0.819870273,-0.01,70.79892376,6.115156446,2.513042562,1.494503503,61.60221695,0,0,0,0,0,0,0,0,0,0,27.53088379,24.26546827,9.49535283,0,0,27.53088379,0,0,0,0,0,33.7608211,0,0,0,0,0,27.53088379,0,0,0,0,28.73818779,5.022633314,0,0,0,0,0,0,0,0,9.49535283,0,0,24.26546827,15.9299439,11.60093989,1.057314815,8.877608025,0,0.771481481,0,0,7.488040123,0,0,0,0,8,0,0,0,0,0,1,0,1,0,0,2,0,0,0,0,1,3.1025,39.152,0,0,0,0,0,0,0,0,0,0,0,0,0,0,0,0,0,0,0,0,0,0,0,0,0,0,0,0,0,0,0,0,0,0,1,0,0,0,0,0,0,0,0,0,2,0,0,0,0,0,0,0,0,0,0,0,0,0,0,0,0,0,0,0,0,0,0,0,0,0,0,0,0,0,0,0,0,0,0,0,0,0,0,0,0,1.125,1.625,2,0,0
G,9.3,ODBC,PM6:L8-BO,1,液体添加剂,ITO/PEDOT:PSS/Active Layer/ PNDIT-F3N/Ag,BrC1=C(Cl)C=CC=C1,0.862,26.91,78.59,18.16,1.35425213,5.66179784,5.66179784,0.756944444,0.756944444,0.591074528,9.25,191.455,187.423,189.9184899,42,0,0.054756264,-0.083108458,0.083108458,0.054756264,79.91873095,10.36978668,1.882138773,-1.88448054,2.195407059,-1.622953911,9.103378354,1.651947436,1.768177215,3.134861511,164.6383389,5.983127663,4.065330023,6.407255508,3.804530453,2.205314742,3.376277485,1.414108774,2.6756458,0.824372589,2.073737662,0.439294576,0.859806918,-0.01,72.49526583,6.115156446,2.513042562,1.234902099,61.60221695,0,0,0,0,0,0,0,0,0,0,23.73367403,28.06267803,4.472719516,5.022633314,0,27.53088379,0,0,0,0,0,33.7608211,0,0,0,0,0,27.53088379,0,0,0,0,28.73818779,5.022633314,0,0,0,0,0,0,0,0,9.49535283,0,0,24.26546827,15.9299439,11.60093989,0.945987654,8.925015432,0,0.756944444,0,0,7.566496914,0,0,0,0,8,0,0,0,0,0,1,0,1,0,0,2,0,0,0,0,1,3.1025,39.152,0,0,0,0,0,0,0,0,0,0,0,0,0,0,0,0,0,0,0,0,0,0,0,0,0,0,0,0,0,0,0,0,0,0,1,0,0,0,0,0,0,0,0,0,2,0,0,0,0,0,0,0,0,0,0,0,0,0,0,0,0,0,0,0,0,0,0,0,0,0,0,0,0,0,0,0,0,0,0,0,0,0,0,0,0,1.25,1.875,2.25,0,0
G,9.4,ODBC,PM6:BTP-eC9,1,液体添加剂,ITO/PEDOT:PSS/Active Layer/ PNDIT-F3N/Ag,BrC1=C(Cl)C=CC=C1,0.861,28.89,80.41,20,1.35425213,5.66179784,5.66179784,0.756944444,0.756944444,0.591074528,9.25,191.455,187.423,189.9184899,42,0,0.054756264,-0.083108458,0.083108458,0.054756264,79.91873095,10.36978668,1.882138773,-1.88448054,2.195407059,-1.622953911,9.103378354,1.651947436,1.768177215,3.134861511,164.6383389,5.983127663,4.065330023,6.407255508,3.804530453,2.205314742,3.376277485,1.414108774,2.6756458,0.824372589,2.073737662,0.439294576,0.859806918,-0.01,72.49526583,6.115156446,2.513042562,1.234902099,61.60221695,0,0,0,0,0,0,0,0,0,0,23.73367403,28.06267803,4.472719516,5.022633314,0,27.53088379,0,0,0,0,0,33.7608211,0,0,0,0,0,27.53088379,0,0,0,0,28.73818779,5.022633314,0,0,0,0,0,0,0,0,9.49535283,0,0,24.26546827,15.9299439,11.60093989,0.945987654,8.925015432,0,0.756944444,0,0,7.566496914,0,0,0,0,8,0,0,0,0,0,1,0,1,0,0,2,0,0,0,0,1,3.1025,39.152,0,0,0,0,0,0,0,0,0,0,0,0,0,0,0,0,0,0,0,0,0,0,0,0,0,0,0,0,0,0,0,0,0,0,1,0,0,0,0,0,0,0,0,0,2,0,0,0,0,0,0,0,0,0,0,0,0,0,0,0,0,0,0,0,0,0,0,0,0,0,0,0,0,0,0,0,0,0,0,0,0,0,0,0,0,1.25,1.875,2.25,0,0
G,10.2,BTOR,PBDB-T：ITIC,1,固体添加剂,ITO/PEDOT:PSS/active layer/PDINO/Ag,CCC(CCCC)CN(C1=C2SC=C1)C3=C2SC(C4=C(OCC(CCCCCCCCCC)CCCCCCCC)C(OCC(CCCCCCCC)CCCCCCCCCC)=C(C5=CC6=C(C(SC=C7)=C7N6CC(CCCC)CC)S5)C8=NSN=C48)=C3,0.87,17.97,68.11,10.67,2.11883286,7.923464694,7.923464694,0.471551823,0.471551823,0.035662973,13.61797753,1308.195,1185.219,1306.817134,496,0,0.172377494,-0.488607396,0.488607396,0.172377494,32.14218478,9.939467223,2.323944247,-2.245912193,2.560346437,-2.162850428,7.28841712,0.193562709,1.627772458,1.280759568,2972.596291,62.42100601,57.53279348,61.61527638,43.90430296,37.47554385,41.59813938,27.33790222,31.80297975,20.16330057,25.11097693,14.38567417,19.47692344,-2.96,2.62E+22,71.87990613,40.32653812,20.52196603,561.3793192,18.6079252,11.03340144,11.49902367,0,0,0,0,0,8.747079963,45.34714351,273.6978328,97.22214774,22.8438072,76.93533679,9.473725908,108.9752148,0,17.88127926,23.67162418,325.3122753,13.21376393,35.02559381,0,32.38022104,9.473725908,0,11.49902367,57.07533086,31.09504319,13.08951281,23.67162418,312.2227625,35.02559381,0,72.78108134,0,54.1,0,0,0,0,36.88538811,46.7488409,319.1818292,0,45.34714351,99.54969071,18.22080587,37.73884179,9.132902871,2.478949968,4.644327306,9.682801228,4.075893831,9.850876089,52.22811979,22.3339538,0,0.717948718,89,0,6,0,0,0,1,7,8,11,0,11,52,0,0,0,8,28.4727,400.821,0,0,0,0,0,4,0,0,0,0,0,0,0,0,0,4,0,0,0,0,0,0,0,0,0,0,0,0,0,0,0,0,0,0,1,0,7,0,0,0,0,2,0,0,0,0,0,0,0,0,0,0,0,0,0,0,0,0,0,0,0,0,0,0,0,0,0,0,0,0,0,0,0,0,0,0,0,0,0,0,0,0,4,26,0,0.359550562,0.674157303,1,0,0
G,10.3, BT2F,PBDB-T：ITIC,1,固体添加剂,ITO/PEDOT:PSS/active layer/PDINO/Ag,CCC(CCCC)CN(C1=C2SC=C1)C3=C2SC(C4=C(F)C(F)=C(C5=CC6=C(C(SC=C7)=C7N6CC(CCCC)CC)S5)C8=NSN=C48)=C3,0.89,17.31,69.81,10.79,0.92081823,16.60031372,16.60031372,0.230054808,-0.837687145,0.110928838,13.75510204,751.097,710.777,750.1824587,256,0,0.17001762,-0.338753474,0.338753474,0.17001762,32.14217531,9.989782144,2.292115113,-2.164006086,2.49066279,-2.092699534,7.287787687,0.400800702,3.948728115,1.241955219,2247.891605,33.81046135,28.27589475,32.35837765,23.96459005,17.5899929,21.71258842,13.31357722,17.77865474,10.3441857,15.29186205,7.503182743,12.58825036,-2.7,2.35928E+11,33.44436673,13.78715201,5.586603402,304.8856149,9.134199296,11.03340144,11.63444168,0,0,0,0,8.780830095,8.747079963,45.34714351,66.21987854,59.70304915,22.8438072,63.72157286,8.780830095,108.9752148,0,17.88127926,11.83581209,92.15103459,0,46.6600355,0,20.88119737,0,8.780830095,0,57.07533086,17.88127926,13.08951281,23.47025377,79.06152178,35.02559381,0,72.78108134,0,35.64,11.63444168,0,8.780830095,11.12690298,32.62350791,58.09258467,58.95817101,45.34714351,0,80.60182187,0,51.95284814,7.557135203,1.411240519,4.271540388,6.018245176,-0.53146646,8.521707824,9.421575762,10.87717345,0,0.421052632,49,0,4,0,0,0,1,7,8,9,0,11,14,0,0,0,8,14.1981,212.327,0,0,0,0,0,4,0,0,0,0,0,0,0,0,0,4,0,0,0,0,0,0,0,0,0,0,0,0,0,0,0,0,0,0,1,0,7,0,0,0,0,0,0,0,2,0,0,0,0,0,0,0,0,0,0,0,0,0,0,0,0,0,0,0,0,0,0,0,0,0,0,0,0,0,0,0,0,0,0,0,0,0,4,2,0,0.632653061,1.081632653,1.489795918,0,0
G,10.4,BTNO2(6),PBDB-T：ITIC,1,固体添加剂,ITO/PEDOT:PSS/active layer/PDINO/Ag,CCCCCCN(C1=C2SC=C1)C3=C2SC(C4=C(N=O)C(N=O)=C(C5=CC6=C(C(SC=C7)=C7N6CCCCCC)S5)C8=NSN=C48)=C3,0.88,18.13,64.22,10.25,2.63879153,12.72037187,12.72037187,0.03964458,0.03964458,0.082649772,12.21276596,717.005,684.749,716.1190293,240,0,0.148371323,-0.339034859,0.339034859,0.148371323,32.14217472,10.00456585,2.295742763,-2.096973286,2.547619856,-1.963344749,7.288451449,0.602402425,3.925653737,1.288592549,2248.774233,32.06997438,26.07618903,30.15867194,23.17689635,16.16068709,20.28328261,11.93578166,16.40085918,9.095432238,14.0431086,6.862495119,11.96169815,-3.36,1.0997E+11,30.94081435,12.92217438,5.003366524,290.4842396,9.134199296,22.40817398,0,0,0,0,0,0,8.747079963,55.161274,52.37240414,58.22100092,22.8438072,63.72157286,0,120.3499874,0,17.88127926,10.35376386,78.30356019,0,44.8397243,0,20.88119737,0,11.37477255,0,57.07533086,17.88127926,13.08951281,9.814130488,65.21404738,45.37935767,0,72.78108134,0,94.5,0,9.814130488,0,11.37477255,22.16030442,58.44703923,68.35801084,45.34714351,0,68.36103137,8.747079963,19.06701486,7.803354404,27.14725112,11.2554089,7.138889602,0,8.663221865,9.433583203,6.324609376,0,0.352941176,47,0,8,0,0,0,1,7,8,13,0,13,14,0,0,0,8,13.4435,204.993,0,0,0,0,0,4,0,0,0,0,0,0,0,0,0,6,0,0,0,0,0,0,0,0,0,0,0,0,0,0,2,0,0,0,1,0,7,0,0,0,0,0,0,0,0,0,0,0,0,0,0,0,0,0,0,0,0,0,0,0,0,2,0,0,0,0,0,0,0,0,0,0,0,0,0,0,0,0,0,0,0,0,4,6,0,0.617021277,1.085106383,1.510638298,0,0
G,10.5,BTNO2(6+2),PBDB-T：ITIC,1,固体添加剂,ITO/PEDOT:PSS/active layer/PDINO/Ag,CCCCC(CC)CN(C1=C2SC=C1)C3=C2SC(C4=C(N=O)C(N=O)=C(C5=CC6=C(C(SC=C7)=C7N6CC(CC)CCCC)S5)C8=NSN=C48)=C3,0.89,18.91,66.2,11.15,2.53909417,12.87137296,12.87137296,0.041942485,0.041942485,0.09137913,13.49019608,773.113,732.793,772.1816295,264,0,0.148371323,-0.338753477,0.338753477,0.148371323,32.14217568,9.987909359,2.300738974,-2.164358075,2.549272631,-2.092293055,7.288479229,0.40080356,3.995669385,1.288219979,2350.905718,35.22467491,29.23088957,33.31337248,25.04059966,18.02439039,22.14698592,13.56540053,18.03047805,10.59298244,15.5406588,7.731711879,12.83091491,-3.36,6.67135E+11,34.71102633,14.5761833,5.795155715,315.9440081,9.134199296,22.40817398,0,0,0,0,0,0,8.747079963,55.161274,66.21987854,70.05681301,22.8438072,63.72157286,0,120.3499874,0,17.88127926,22.18957595,92.15103459,0,44.8397243,0,20.88119737,0,11.37477255,0,57.07533086,17.88127926,13.08951281,21.64994258,79.06152178,45.37935767,0,72.78108134,0,94.5,0,9.814130488,0,11.37477255,33.99611651,58.44703923,68.35801084,45.34714351,0,82.20850576,8.747079963,19.28461918,7.852686454,27.45602347,11.38249838,7.18580351,1.160367375,8.758438353,9.47028532,10.94927795,0,0.421052632,51,0,8,0,0,0,1,7,8,13,0,13,16,0,0,0,8,14.7157,223.321,0,0,0,0,0,4,0,0,0,0,0,0,0,0,0,6,0,0,0,0,0,0,0,0,0,0,0,0,0,0,0,0,0,0,1,0,7,0,0,0,0,0,0,0,0,0,0,0,0,0,0,0,0,0,0,0,0,0,0,0,0,2,0,0,0,0,0,0,0,0,0,0,0,0,0,0,0,0,0,0,0,0,4,2,0,0.647058824,1.098039216,1.490196078,0,0
G,11.1,INB-F,PM6:Y6-BO,1,固体添加剂,ITO/ZnO/active layer/MoO3/ Ag,O=C(C(C=CC=C1)=C1C/2=O)C2=C\C3=CC=C(F)C=C3,0.82,27.3,72.9,16.3,2.32250775,12.81407855,12.81407855,0.132229781,-0.352304527,0.576181932,13.63157895,252.244,243.172,252.0586577,92,0,0.197240346,-0.288432847,0.288432847,0.197240346,19.14214161,10.07232317,2.317774001,-1.95586523,2.270466742,-1.996406862,6.408108265,0.099032382,2.670236043,2.066098689,674.7837217,13.40541292,9.890613477,9.890613477,9.164703798,5.82329827,5.82329827,4.313395998,4.313395998,3.086576303,3.086576303,2.129171334,2.129171334,-2.55,32779.81766,11.5353328,4.281337653,1.89051603,108.7414112,0,5.817220841,11.56648989,0,0,0,9.589074368,4.390415048,0,0,36.39820241,23.77220574,11.12690298,5.57310453,13.97948942,17.64251,0,0,0,0,0,76.61161639,0,0,0,4.390415048,0,0,11.56648989,0,5.817220841,26.27942884,54.10404108,0,6.076020107,0,34.14,0,13.97948942,0,22.95681526,16.69035448,0,30.34148838,24.26546827,0,0,0,12.81407855,0,24.23050894,0,1.625405224,-0.898739712,12.39133959,1.504074074,0,0,0,19,0,2,1,0,1,2,0,2,2,0,3,1,0,0,0,3,3.2883,69.48,0,0,0,0,0,0,0,0,0,0,2,2,0,0,0,0,0,0,0,0,0,0,0,0,0,0,1,0,0,0,0,0,0,0,2,0,1,0,0,0,0,0,0,0,1,0,0,0,0,0,0,2,2,0,0,0,0,0,0,0,0,0,0,0,0,0,0,0,0,0,0,0,0,0,0,0,0,0,0,0,0,0,0,0,0,0.789473684,1.315789474,1.842105263,0,0
G,11.2,INB-Cl,PM6:Y6-BO,1,固体添加剂,ITO/ZnO/active layer/MoO3/ Ag,O=C(C(C=CC=C1)=C1C/2=O)C2=C\C3=CC=C(Cl)C=C3,0.82,27.2,75.6,16.8,2.31824033,12.16326545,12.16326545,0.21159486,-0.212453704,0.582229894,13.63157895,268.699,259.627,268.0291072,92,0,0.197240346,-0.288432847,0.288432847,0.197240346,35.49569129,10.07359286,2.317693751,-1.960183153,2.272839798,-1.995663728,6.408681084,0.099033308,2.670236043,2.066098689,674.7837217,13.40541292,9.890613477,10.64654242,9.164703798,5.82329827,6.201262743,4.313395998,4.749831778,3.086576303,3.338552618,2.129171334,2.255159492,-2.19,32779.81766,11.87555355,4.483735748,2.001851886,114.879142,0,0,11.56648989,0,0,0,9.589074368,0,0,0,47.9991423,23.77220574,16.1495363,5.57310453,9.589074368,29.24344989,0,0,0,0,0,75.81702887,0,0,0,0,0,11.60093989,11.56648989,0,0,26.27942884,54.10404108,5.022633314,6.076020107,0,34.14,0,9.589074368,0,17.13959442,16.1495363,5.563451492,0,54.60695665,0,0,11.60093989,0,5.804084861,24.32653089,0.619917695,1.956347807,-0.424907407,13.88370516,1.612098765,0,0,0,19,0,2,1,0,1,2,0,2,2,0,3,1,0,0,0,3,3.8026,74.532,0,0,0,0,0,0,0,0,0,0,2,2,0,0,0,0,0,0,0,0,0,0,0,0,0,0,1,0,0,0,0,0,0,0,2,0,1,0,0,0,0,0,0,0,1,0,0,0,0,0,0,2,2,0,0,0,0,0,0,0,0,0,0,0,0,0,0,0,0,0,0,0,0,0,0,0,0,0,0,0,0,0,0,0,0,0.789473684,1.315789474,1.842105263,0,0
G,11.3,DIO,PM6:Y6-BO,1,液体添加剂,ITO/ZnO/active layer/MoO3/ Ag,ICCCCCCCCI,0.85,25.8,75.3,16.5,1.74E-06,2.454655993,2.454655993,1.337345679,1.337345679,0.360140031,10.2,366.024,349.896,365.9341465,62,0,-0.000472812,-0.086375917,0.086375917,0.000472812,126.9137216,10.13204741,1.878618147,-1.964807038,2.067504511,-1.799735234,14.10995232,0.63270578,1.967154472,2.647604849,47.21928095,7.656854249,6.412783196,10.72777978,4.914213562,4.034522484,7.085685828,2.499284817,4.656783108,1.517261242,3.042842914,0.896089018,1.974838163,1.46,175.076748,11.46,10.46,9.46,91.81752207,0,0,0,0,0,0,0,0,0,0,70.86502775,21.69674805,0,0,0,45.18174125,0,0,0,38.52492974,8.855104805,0,0,0,0,0,0,45.18174125,8.855104805,0,0,38.52492974,0,0,0,0,0,0,0,0,0,0,0,47.38003454,0,0,45.18174125,0,2.674691358,4.909311987,0,0,0,0,0,8.655996655,0,0,1,10,0,0,0,0,0,0,0,0,0,0,2,7,0,0,0,0,4.197,65.476,0,0,0,0,0,0,0,0,0,0,0,0,0,0,0,0,0,0,0,0,0,0,0,0,0,2,0,0,0,0,0,0,0,0,0,0,0,0,0,0,0,0,0,0,2,0,0,0,0,0,0,0,0,0,0,0,0,0,0,0,0,0,0,0,0,0,0,0,0,0,0,0,0,0,0,0,0,0,0,0,0,0,0,5,0,0.5,0.8,1.1,0,0
G,12.1,DIO,PM6:Y6,1,液体添加剂,ITO/ZnO/organic layer/ PDINO/Ag,ICCCCCCCCI,0.781,21.57,62.38,10.51,1.74E-06,2.454655993,2.454655993,1.337345679,1.337345679,0.360140031,10.2,366.024,349.896,365.9341465,62,0,-0.000472812,-0.086375917,0.086375917,0.000472812,126.9137216,10.13204741,1.878618147,-1.964807038,2.067504511,-1.799735234,14.10995232,0.63270578,1.967154472,2.647604849,47.21928095,7.656854249,6.412783196,10.72777978,4.914213562,4.034522484,7.085685828,2.499284817,4.656783108,1.517261242,3.042842914,0.896089018,1.974838163,1.46,175.076748,11.46,10.46,9.46,91.81752207,0,0,0,0,0,0,0,0,0,0,70.86502775,21.69674805,0,0,0,45.18174125,0,0,0,38.52492974,8.855104805,0,0,0,0,0,0,45.18174125,8.855104805,0,0,38.52492974,0,0,0,0,0,0,0,0,0,0,0,47.38003454,0,0,45.18174125,0,2.674691358,4.909311987,0,0,0,0,0,8.655996655,0,0,1,10,0,0,0,0,0,0,0,0,0,0,2,7,0,0,0,0,4.197,65.476,0,0,0,0,0,0,0,0,0,0,0,0,0,0,0,0,0,0,0,0,0,0,0,0,0,2,0,0,0,0,0,0,0,0,0,0,0,0,0,0,0,0,0,0,2,0,0,0,0,0,0,0,0,0,0,0,0,0,0,0,0,0,0,0,0,0,0,0,0,0,0,0,0,0,0,0,0,0,0,0,0,0,0,5,0,0.5,0.8,1.1,0,0
G,12.2,DIO,PTB7-Th: ITIC,1,液体添加剂,ITO/ZnO/organic layer/ PDINO/Ag,ICCCCCCCCI,0.871,13.41,49.73,5.81,1.74E-06,2.454655993,2.454655993,1.337345679,1.337345679,0.360140031,10.2,366.024,349.896,365.9341465,62,0,-0.000472812,-0.086375917,0.086375917,0.000472812,126.9137216,10.13204741,1.878618147,-1.964807038,2.067504511,-1.799735234,14.10995232,0.63270578,1.967154472,2.647604849,47.21928095,7.656854249,6.412783196,10.72777978,4.914213562,4.034522484,7.085685828,2.499284817,4.656783108,1.517261242,3.042842914,0.896089018,1.974838163,1.46,175.076748,11.46,10.46,9.46,91.81752207,0,0,0,0,0,0,0,0,0,0,70.86502775,21.69674805,0,0,0,45.18174125,0,0,0,38.52492974,8.855104805,0,0,0,0,0,0,45.18174125,8.855104805,0,0,38.52492974,0,0,0,0,0,0,0,0,0,0,0,47.38003454,0,0,45.18174125,0,2.674691358,4.909311987,0,0,0,0,0,8.655996655,0,0,1,10,0,0,0,0,0,0,0,0,0,0,2,7,0,0,0,0,4.197,65.476,0,0,0,0,0,0,0,0,0,0,0,0,0,0,0,0,0,0,0,0,0,0,0,0,0,2,0,0,0,0,0,0,0,0,0,0,0,0,0,0,0,0,0,0,2,0,0,0,0,0,0,0,0,0,0,0,0,0,0,0,0,0,0,0,0,0,0,0,0,0,0,0,0,0,0,0,0,0,0,0,0,0,0,5,0,0.5,0.8,1.1,0,0
G,13,CFIB,D18-Cl:N3,1,液体添加剂,ITO/PEDOT:PSS/D18-Cl:N3/ H75/Ag,ClC1=CC=C(I)C(F)=C1,0.848,27.53,79.4,18.54,1.04949834,12.48759259,12.48759259,0.261018519,-0.261018519,0.494190715,9.666666667,256.445,253.421,255.895204,48,0,0.137498402,-0.205782427,0.205782427,0.137498402,126.9127043,10.3505339,1.957639459,-1.912748553,2.148923343,-1.774557323,14.11191593,0.620238804,1.796567574,3.17167803,224.2978871,6.853371151,4.365944227,7.279371464,4.198377303,2.304980581,3.7616942,1.558430719,3.157057182,0.881647495,1.991600128,0.47049985,0.964783258,0.17,104.2009193,7.279051254,2.835823593,1.7931674,71.16204287,0,5.817220841,0,0,0,0,0,4.390415048,0,0,11.60093989,40.78997183,8.592815585,0,4.390415048,34.19181052,0,0,0,0,0,32.60913763,0,0,0,4.390415048,0,34.19181052,0,0,9.387403112,0,18.19910121,5.022633314,0,0,0,0,4.390415048,0,5.817220841,8.592815585,0,6.066367068,12.13273414,22.59087063,0,11.60093989,13.08203704,7.38097284,0,0.437885185,0,-0.261018519,4.591234568,0,0,0,0,9,0,0,0,0,0,1,0,1,0,0,3,0,0,0,0,1,3.0837,44.127,0,0,0,0,0,0,0,0,0,0,0,0,0,0,0,0,0,0,0,0,0,0,0,0,0,0,0,0,0,0,0,0,0,0,1,0,0,0,0,0,0,0,0,0,3,0,0,0,0,0,0,0,0,0,0,0,0,0,0,0,0,0,0,0,0,0,0,0,0,0,0,0,0,0,0,0,0,0,0,0,0,0,0,0,0,1.444444444,2.111111111,2.555555556,0,0
G,14.3,DIO,PM6:BTP-BO-4FO,1,液体添加剂,ITO/PEDOT:PSS/active layer/PNDIT-F3N/Ag,ICCCCCCCCI,0.913,25.55,77.4,17.59,1.74E-06,2.454655993,2.454655993,1.337345679,1.337345679,0.360140031,10.2,366.024,349.896,365.9341465,62,0,-0.000472812,-0.086375917,0.086375917,0.000472812,126.9137216,10.13204741,1.878618147,-1.964807038,2.067504511,-1.799735234,14.10995232,0.63270578,1.967154472,2.647604849,47.21928095,7.656854249,6.412783196,10.72777978,4.914213562,4.034522484,7.085685828,2.499284817,4.656783108,1.517261242,3.042842914,0.896089018,1.974838163,1.46,175.076748,11.46,10.46,9.46,91.81752207,0,0,0,0,0,0,0,0,0,0,70.86502775,21.69674805,0,0,0,45.18174125,0,0,0,38.52492974,8.855104805,0,0,0,0,0,0,45.18174125,8.855104805,0,0,38.52492974,0,0,0,0,0,0,0,0,0,0,0,47.38003454,0,0,45.18174125,0,2.674691358,4.909311987,0,0,0,0,0,8.655996655,0,0,1,10,0,0,0,0,0,0,0,0,0,0,2,7,0,0,0,0,4.197,65.476,0,0,0,0,0,0,0,0,0,0,0,0,0,0,0,0,0,0,0,0,0,0,0,0,0,2,0,0,0,0,0,0,0,0,0,0,0,0,0,0,0,0,0,0,2,0,0,0,0,0,0,0,0,0,0,0,0,0,0,0,0,0,0,0,0,0,0,0,0,0,0,0,0,0,0,0,0,0,0,0,0,0,0,5,0,0.5,0.8,1.1,0,0
G,14.4,CN,PM6:BTP-BO-4FO,1,液体添加剂,ITO/PEDOT:PSS/active layer/PNDIT-F3N/Ag,ClC1=CC=CC2=C1C=CC=C2,0.933,25.79,75.4,18.62,0.83984927,5.957037037,5.957037037,0.822314815,0.822314815,0.55644797,10.27272727,162.619,155.563,162.0236279,54,0,0.048389036,-0.083664219,0.083664219,0.048389036,35.49569104,10.12844457,1.934419766,-1.966428521,2.214722752,-1.704476637,6.349799888,1.748124801,2.05595014,2.913161164,374.0344904,7.681798276,5.919416357,6.675345303,5.377010098,3.510349442,3.888313915,2.460971502,2.868171629,1.736428508,2.066016729,1.185882541,1.430724861,-1.01,505.7637346,6.684816447,2.554171088,1.099229702,70.41633388,0,0,0,0,0,0,0,0,0,0,47.9991423,11.45259128,10.40885753,0,0,22.37338832,0,0,0,0,0,47.48720279,0,0,0,0,0,11.60093989,0,0,0,0,42.46456948,5.022633314,10.77244843,0,0,0,0,0,0,0,10.40885753,5.386224214,0,30.33183534,12.13273414,11.60093989,0,5.957037037,0,3.13867284,0,0,14.01540123,0,0,0,0,11,0,0,0,0,0,2,0,2,0,0,1,0,0,0,0,2,3.4932,48.958,0,0,0,0,0,0,0,0,0,0,0,0,0,0,0,0,0,0,0,0,0,0,0,0,0,0,0,0,0,0,0,0,0,0,2,0,1,0,0,0,0,0,0,0,1,0,0,0,0,0,0,0,0,0,0,0,0,0,0,0,0,0,0,0,0,0,0,0,0,0,0,0,0,0,0,0,0,0,0,0,0,0,0,0,0,0.818181818,1.545454545,2.363636364,0,0
G,15.1,DPB,PM6:Y6,1,固体添加剂,Glass/ITO/ PEDOT:PSS/Active Layer/PDIN/Ag,C1(OC2=CC=C(OC3=CC=CC=C3)C=C2)=CC=CC=C1,0.836,27.42,76.1,17.45,6.94E-04,5.72799367,5.72799367,0.788529331,0.788529331,0.637198212,10,262.308,248.196,262.0993797,98,0,0.127199894,-0.457379816,0.457379816,0.127199894,16.48595478,10.27751321,1.989035963,-2.076405284,2.258104808,-1.853961412,5.371245051,0.469117696,2.513862497,1.6862844,585.51805,13.62310958,10.89940035,10.89940035,9.898979486,6.459230991,6.459230991,4.301633725,4.301633725,2.781547224,2.781547224,1.824965474,1.824965474,-2.74,65963.75193,12.30181831,5.934210068,3.175525739,117.772682,9.473725908,22.99804733,0,0,0,0,0,0,0,0,36.39820241,48.53093655,0,0,9.473725908,0,0,0,0,0,0,84.92913896,0,22.99804733,9.473725908,0,22.99804733,0,0,0,0,0,84.92913896,0,0,0,18.46,0,0,0,0,0,22.99804733,0,0,84.92913896,0,9.473725908,11.45598734,0,0,0,0,3.223776702,26.98690262,0,0,0,0,20,0,2,0,0,0,3,0,3,2,0,2,4,0,0,0,3,5.2712,79.474,0,0,0,0,0,0,0,0,0,0,0,0,0,0,0,0,0,0,0,0,0,0,0,0,0,0,0,0,0,0,0,0,0,0,3,0,0,0,0,0,0,2,0,0,0,0,0,0,0,0,0,0,0,0,0,0,0,0,0,0,0,0,0,0,2,0,0,0,0,0,0,0,0,0,0,0,0,0,0,0,0,0,0,0,0,0.35,0.65,1,0,0
G,15.2,DPB,PM6:IT-4F,1,固体添加剂,Glass/ITO/ PEDOT:PSS/Active Layer/PDIN/Ag,C1(OC2=CC=C(OC3=CC=CC=C3)C=C2)=CC=CC=C1,0.864,19.06,77,12.68,6.94E-04,5.72799367,5.72799367,0.788529331,0.788529331,0.637198212,10,262.308,248.196,262.0993797,98,0,0.127199894,-0.457379816,0.457379816,0.127199894,16.48595478,10.27751321,1.989035963,-2.076405284,2.258104808,-1.853961412,5.371245051,0.469117696,2.513862497,1.6862844,585.51805,13.62310958,10.89940035,10.89940035,9.898979486,6.459230991,6.459230991,4.301633725,4.301633725,2.781547224,2.781547224,1.824965474,1.824965474,-2.74,65963.75193,12.30181831,5.934210068,3.175525739,117.772682,9.473725908,22.99804733,0,0,0,0,0,0,0,0,36.39820241,48.53093655,0,0,9.473725908,0,0,0,0,0,0,84.92913896,0,22.99804733,9.473725908,0,22.99804733,0,0,0,0,0,84.92913896,0,0,0,18.46,0,0,0,0,0,22.99804733,0,0,84.92913896,0,9.473725908,11.45598734,0,0,0,0,3.223776702,26.98690262,0,0,0,0,20,0,2,0,0,0,3,0,3,2,0,2,4,0,0,0,3,5.2712,79.474,0,0,0,0,0,0,0,0,0,0,0,0,0,0,0,0,0,0,0,0,0,0,0,0,0,0,0,0,0,0,0,0,0,0,3,0,0,0,0,0,0,2,0,0,0,0,0,0,0,0,0,0,0,0,0,0,0,0,0,0,0,0,0,0,2,0,0,0,0,0,0,0,0,0,0,0,0,0,0,0,0,0,0,0,0,0.35,0.65,1,0,0
G,15.3,DPB,D18-Cl:N3,1,固体添加剂,Glass/ITO/ PEDOT:PSS/Active Layer/PDIN/Ag,C1(OC2=CC=C(OC3=CC=CC=C3)C=C2)=CC=CC=C1,0.859,27.52,76.8,18.15,2.79393546,5.72799367,5.72799367,0.788529331,0.788529331,0.637198212,10,262.308,248.196,262.0993797,98,0,0.127199894,-0.457379816,0.457379816,0.127199894,16.48595478,10.27751321,1.989035963,-2.076405284,2.258104808,-1.853961412,5.371245051,0.469117696,2.513862497,1.6862844,585.51805,13.62310958,10.89940035,10.89940035,9.898979486,6.459230991,6.459230991,4.301633725,4.301633725,2.781547224,2.781547224,1.824965474,1.824965474,-2.74,65963.75193,12.30181831,5.934210068,3.175525739,117.772682,9.473725908,22.99804733,0,0,0,0,0,0,0,0,36.39820241,48.53093655,0,0,9.473725908,0,0,0,0,0,0,84.92913896,0,22.99804733,9.473725908,0,22.99804733,0,0,0,0,0,84.92913896,0,0,0,18.46,0,0,0,0,0,22.99804733,0,0,84.92913896,0,9.473725908,11.45598734,0,0,0,0,3.223776702,26.98690262,0,0,0,0,20,0,2,0,0,0,3,0,3,2,0,2,4,0,0,0,3,5.2712,79.474,0,0,0,0,0,0,0,0,0,0,0,0,0,0,0,0,0,0,0,0,0,0,0,0,0,0,0,0,0,0,0,0,0,0,3,0,0,0,0,0,0,2,0,0,0,0,0,0,0,0,0,0,0,0,0,0,0,0,0,0,0,0,0,0,2,0,0,0,0,0,0,0,0,0,0,0,0,0,0,0,0,0,0,0,0,0.35,0.65,1,0,0
G,16.1,FL,PM6:L8-BO,1,挥发性固体添加剂,Glass/ITO/ Br-2PACz/Active Layer/PDINN/Ag,C12=CC=CC=C1CC3=C2C=CC=C3,0.885,26.64,76.8,18.1,0,2.217592593,2.217592593,1.103518519,1.103518519,0.480571992,12.30769231,166.223,156.143,166.0782503,62,0,-0.001345521,-0.061939245,0.061939245,0.001345521,14.19180835,10.06881928,2.152423992,-1.97552608,2.350486736,-1.768197181,5.758653464,1.263177862,2.559015159,2.320727985,411.6004191,8.673362107,7.325908935,7.325908935,6.449489743,4.61180732,4.61180732,3.491070806,3.491070806,2.705801478,2.705801478,2.079608951,2.079608951,-1.56,2395.238189,6.902850765,2.461795458,0.919445958,77.84760829,0,0,0,0,0,0,0,0,0,0,48.53093655,28.67462759,0,0,0,0,0,0,0,6.420821623,0,59.65783953,0,11.12690298,0,0,0,0,0,6.420821623,0,11.12690298,48.53093655,0,11.12690298,0,0,0,0,0,0,0,6.420821623,22.25380597,0,0,48.53093655,0,0,0,0,0,5.753333333,0,17.30981481,1.103518519,0,0,0.076923077,13,0,0,1,0,1,2,0,2,0,0,0,0,0,0,0,3,3.2578,54.684,0,0,0,0,0,0,0,0,0,0,0,0,0,0,0,0,0,0,0,0,0,0,0,0,0,0,0,0,0,0,0,0,0,0,2,0,3,0,0,0,0,0,0,0,0,0,0,0,0,0,0,0,0,0,0,0,0,0,0,0,0,0,0,0,0,0,0,0,0,0,0,0,0,0,0,0,0,0,0,0,0,0,0,0,0,0.615384615,1.076923077,1.615384615,0,0
G,16.3,DBF,PM6:L8-BO,1,挥发性固体添加剂,Glass/ITO/ Br-2PACz/Active Layer/PDINN/Ag,C12=CC=CC=C1OC3=C2C=CC=C3,0.893,27.01,77.36,18.62,0.21367981,5.652407407,5.652407407,0.961759259,0.961759259,0.499634915,11.07692308,168.195,160.131,168.0575149,62,0,0.134920011,-0.456066838,0.456066838,0.134920011,16.3359461,10.15196149,2.024991777,-1.847392354,2.269391813,-1.624745561,6.040704602,0.668731889,2.559015159,2.64243826,512.8841359,8.673362107,7.027050444,7.027050444,6.449489743,4.312948829,4.312948829,3.094380908,3.094380908,2.284206705,2.284206705,1.674766436,1.674766436,-1.76,2395.238189,6.723420195,2.361749128,0.871816321,75.58906145,4.417150937,11.16604028,0,0,0,0,0,0,0,0,36.39820241,12.13273414,10.77244843,0,4.417150937,21.93848871,0,0,0,0,0,48.53093655,0,0,0,0,0,0,0,0,0,0,52.94808748,0,21.93848871,0,13.14,0,0,0,0,0,11.16604028,10.77244843,0,36.39820241,12.13273414,4.417150937,5.652407407,0,0,2.38537037,1.923518519,0,16.20537037,0,0,0,0,13,0,1,0,0,0,2,1,3,1,0,1,0,0,0,0,3,3.586,53.72,0,0,0,0,0,0,0,0,0,0,0,0,0,0,0,0,0,0,0,0,0,0,0,0,0,0,0,0,0,0,0,0,0,0,2,0,3,0,0,0,0,0,1,0,0,0,0,0,0,0,0,0,0,0,0,0,0,0,0,0,0,0,0,0,2,0,0,0,0,0,0,0,0,0,0,0,0,0,0,0,0,0,0,0,0,0.615384615,1.076923077,1.615384615,0,0
G,17.1,MT-I,PM6:Y6,1,挥发性液体添加剂,ITO/PEDOT:PSS/active layer/PNDIT-F3N/Ag,COC1=C(I)SC(I)=C1OC,0.825,28.6,75.95,17.93,2.10004347,5.160940741,5.160940741,0.849537037,0.849537037,0.716572923,9.818181818,395.987,389.939,395.8177964,62,0,0.185745741,-0.491014904,0.491014904,0.185745741,126.9137227,10.53316921,2.150797796,-2.0066416,2.424210796,-1.875616987,14.1142164,0.354582811,2.241159471,3.170085552,234.8301162,8.43072142,5.980673817,11.11216698,5.201907263,2.760957635,5.734952507,1.715968385,6.358081634,1.150728977,4.180911835,0.695768869,4.906048504,0.76,340.6562396,9.845034014,4.126667526,1.91586889,96.55241732,9.473725908,5.767755946,11.49902367,0,0,0,0,0,0,11.33678588,0,45.18174125,0,14.21959508,9.473725908,56.51852713,0,0,0,0,14.21959508,5.767755946,0,11.49902367,9.473725908,0,11.49902367,56.51852713,14.21959508,0,5.767755946,0,0,0,0,0,18.46,0,0,0,0,0,17.26677961,0,25.55638096,0,45.18174125,9.473725908,12.58364074,6.146144444,0,0,0,1.699074074,0,0,0,3.311140741,0.333333333,11,0,2,0,0,0,0,1,1,3,0,5,2,0,0,0,1,2.9745,62.857,0,0,0,0,0,0,0,0,0,0,0,0,0,0,0,0,0,0,0,0,0,0,0,0,0,0,0,0,0,0,0,0,0,0,0,0,0,0,0,0,0,2,0,0,2,0,0,0,0,0,0,0,0,0,0,2,0,0,0,0,0,0,0,0,0,0,0,0,0,0,0,0,0,0,0,0,0,0,0,0,0,0,1,0,0,1,1.363636364,1.636363636,0,0
G,17.2,MT-I,PM6:L8-BO,1,挥发性液体添加剂,ITO/PEDOT:PSS/active layer/PNDIT-F3N/Ag,COC1=C(I)SC(I)=C1OC,0.881,26.74,76.85,18.11,0.55206715,5.160940741,5.160940741,0.849537037,0.849537037,0.716572923,9.818181818,395.987,389.939,395.8177964,62,0,0.185745741,-0.491014904,0.491014904,0.185745741,126.9137227,10.53316921,2.150797796,-2.0066416,2.424210796,-1.875616987,14.1142164,0.354582811,2.241159471,3.170085552,234.8301162,8.43072142,5.980673817,11.11216698,5.201907263,2.760957635,5.734952507,1.715968385,6.358081634,1.150728977,4.180911835,0.695768869,4.906048504,0.76,340.6562396,9.845034014,4.126667526,1.91586889,96.55241732,9.473725908,5.767755946,11.49902367,0,0,0,0,0,0,11.33678588,0,45.18174125,0,14.21959508,9.473725908,56.51852713,0,0,0,0,14.21959508,5.767755946,0,11.49902367,9.473725908,0,11.49902367,56.51852713,14.21959508,0,5.767755946,0,0,0,0,0,18.46,0,0,0,0,0,17.26677961,0,25.55638096,0,45.18174125,9.473725908,12.58364074,6.146144444,0,0,0,1.699074074,0,0,0,3.311140741,0.333333333,11,0,2,0,0,0,0,1,1,3,0,5,2,0,0,0,1,2.9745,62.857,0,0,0,0,0,0,0,0,0,0,0,0,0,0,0,0,0,0,0,0,0,0,0,0,0,0,0,0,0,0,0,0,0,0,0,0,0,0,0,0,0,2,0,0,2,0,0,0,0,0,0,0,0,0,0,2,0,0,0,0,0,0,0,0,0,0,0,0,0,0,0,0,0,0,0,0,0,0,0,0,0,0,1,0,0,1,1.363636364,1.636363636,0,0
G,17.3,MT-I,PM6:BTP-eC9,1,挥发性液体添加剂,ITO/PEDOT:PSS/active layer/PNDIT-F3N/Ag,COC1=C(I)SC(I)=C1OC,0.852,28.58,76.29,18.59,0.55206715,5.160940741,5.160940741,0.849537037,0.849537037,0.716572923,9.818181818,395.987,389.939,395.8177964,62,0,0.185745741,-0.491014904,0.491014904,0.185745741,126.9137227,10.53316921,2.150797796,-2.0066416,2.424210796,-1.875616987,14.1142164,0.354582811,2.241159471,3.170085552,234.8301162,8.43072142,5.980673817,11.11216698,5.201907263,2.760957635,5.734952507,1.715968385,6.358081634,1.150728977,4.180911835,0.695768869,4.906048504,0.76,340.6562396,9.845034014,4.126667526,1.91586889,96.55241732,9.473725908,5.767755946,11.49902367,0,0,0,0,0,0,11.33678588,0,45.18174125,0,14.21959508,9.473725908,56.51852713,0,0,0,0,14.21959508,5.767755946,0,11.49902367,9.473725908,0,11.49902367,56.51852713,14.21959508,0,5.767755946,0,0,0,0,0,18.46,0,0,0,0,0,17.26677961,0,25.55638096,0,45.18174125,9.473725908,12.58364074,6.146144444,0,0,0,1.699074074,0,0,0,3.311140741,0.333333333,11,0,2,0,0,0,0,1,1,3,0,5,2,0,0,0,1,2.9745,62.857,0,0,0,0,0,0,0,0,0,0,0,0,0,0,0,0,0,0,0,0,0,0,0,0,0,0,0,0,0,0,0,0,0,0,0,0,0,0,0,0,0,2,0,0,2,0,0,0,0,0,0,0,0,0,0,2,0,0,0,0,0,0,0,0,0,0,0,0,0,0,0,0,0,0,0,0,0,0,0,0,0,0,1,0,0,1,1.363636364,1.636363636,0,0
G,17.4,MT-I,D18:Y6,1,挥发性液体添加剂,ITO/PEDOT:PSS/active layer/PNDIT-F3N/Ag,COC1=C(I)SC(I)=C1OC,0.84,28.58,76.1,18.28,0.55205359,5.160940741,5.160940741,0.849537037,0.849537037,0.716572923,9.818181818,395.987,389.939,395.8177964,62,0,0.185745741,-0.491014904,0.491014904,0.185745741,126.9137227,10.53316921,2.150797796,-2.0066416,2.424210796,-1.875616987,14.1142164,0.354582811,2.241159471,3.170085552,234.8301162,8.43072142,5.980673817,11.11216698,5.201907263,2.760957635,5.734952507,1.715968385,6.358081634,1.150728977,4.180911835,0.695768869,4.906048504,0.76,340.6562396,9.845034014,4.126667526,1.91586889,96.55241732,9.473725908,5.767755946,11.49902367,0,0,0,0,0,0,11.33678588,0,45.18174125,0,14.21959508,9.473725908,56.51852713,0,0,0,0,14.21959508,5.767755946,0,11.49902367,9.473725908,0,11.49902367,56.51852713,14.21959508,0,5.767755946,0,0,0,0,0,18.46,0,0,0,0,0,17.26677961,0,25.55638096,0,45.18174125,9.473725908,12.58364074,6.146144444,0,0,0,1.699074074,0,0,0,3.311140741,0.333333333,11,0,2,0,0,0,0,1,1,3,0,5,2,0,0,0,1,2.9745,62.857,0,0,0,0,0,0,0,0,0,0,0,0,0,0,0,0,0,0,0,0,0,0,0,0,0,0,0,0,0,0,0,0,0,0,0,0,0,0,0,0,0,2,0,0,2,0,0,0,0,0,0,0,0,0,0,2,0,0,0,0,0,0,0,0,0,0,0,0,0,0,0,0,0,0,0,0,0,0,0,0,0,0,1,0,0,1,1.363636364,1.636363636,0,0
G,18.1,DBDMF,PM6:BTP-BO-4F,1,挥发性固体添加剂,ITO/ZnO/active layer/MoO3/Ag,BrC(C=C1)=CC2=C1C(C=CC(Br)=C3)=C3C2(C)C,0.83,26.92,77.11,17.2,0.96002415,3.566526597,3.566526597,0.081574074,0.081574074,0.58594186,15.52941176,352.069,339.973,349.9305746,86,0,0.017825731,-0.052939691,0.052939691,0.017825731,79.91976144,9.824494916,2.348222661,-2.212151532,2.492932228,-2.144091887,9.1044946,0.65932252,2.48632803,2.372801597,558.8140392,12.2067423,9.720030561,12.89202364,7.998037131,5.604032216,7.190028756,5.004811453,6.836162511,3.600089532,4.58659281,2.681949508,3.404120029,-0.6,9189.4684,11.488138,3.694460641,1.613353871,118.3125877,0,0,0,0,0,0,0,0,0,0,57.84009633,46.51927424,14.3604295,0,0,31.8598878,0,0,0,19.26246487,0,56.47054443,0,11.12690298,0,0,0,31.8598878,0,5.414990469,0,24.97437738,45.34364144,0,11.12690298,0,0,0,0,0,5.414990469,0,8.945439032,22.25380597,0,0,82.10556461,0,2.298512613,7.133053193,0,0,5.610601852,0,13.13135086,0,4.576481481,0,0.2,17,0,0,1,0,1,2,0,2,0,0,2,0,0,0,0,3,5.5179,79.406,0,0,0,0,0,0,0,0,0,0,0,0,0,0,0,0,0,0,0,0,0,0,0,0,0,0,0,0,0,0,0,0,0,0,2,0,3,0,0,0,0,0,0,0,2,0,0,0,0,0,0,0,0,0,0,0,0,0,0,0,0,0,0,0,0,0,0,0,0,0,0,0,0,0,0,0,0,0,0,0,0,0,0,0,0,0.764705882,1.176470588,1.588235294,0,0
G,18.2,DBDMF,PM6:BTP-BO-4Cl,1,挥发性固体添加剂,ITO/ZnO/active layer/MoO3/Ag,BrC(C=C1)=CC2=C1C(C=CC(Br)=C3)=C3C2(C)C,0.81,26.79,74.64,16.25,0.96002415,3.566526597,3.566526597,0.081574074,0.081574074,0.58594186,15.52941176,352.069,339.973,349.9305746,86,0,0.017825731,-0.052939691,0.052939691,0.017825731,79.91976144,9.824494916,2.348222661,-2.212151532,2.492932228,-2.144091887,9.1044946,0.65932252,2.48632803,2.372801597,558.8140392,12.2067423,9.720030561,12.89202364,7.998037131,5.604032216,7.190028756,5.004811453,6.836162511,3.600089532,4.58659281,2.681949508,3.404120029,-0.6,9189.4684,11.488138,3.694460641,1.613353871,118.3125877,0,0,0,0,0,0,0,0,0,0,57.84009633,46.51927424,14.3604295,0,0,31.8598878,0,0,0,19.26246487,0,56.47054443,0,11.12690298,0,0,0,31.8598878,0,5.414990469,0,24.97437738,45.34364144,0,11.12690298,0,0,0,0,0,5.414990469,0,8.945439032,22.25380597,0,0,82.10556461,0,2.298512613,7.133053193,0,0,5.610601852,0,13.13135086,0,4.576481481,0,0.2,17,0,0,1,0,1,2,0,2,0,0,2,0,0,0,0,3,5.5179,79.406,0,0,0,0,0,0,0,0,0,0,0,0,0,0,0,0,0,0,0,0,0,0,0,0,0,0,0,0,0,0,0,0,0,0,2,0,3,0,0,0,0,0,0,0,2,0,0,0,0,0,0,0,0,0,0,0,0,0,0,0,0,0,0,0,0,0,0,0,0,0,0,0,0,0,0,0,0,0,0,0,0,0,0,0,0,0.764705882,1.176470588,1.588235294,0,0
G,18.3,DBDMF,PBDB-T:ITIC,1,挥发性固体添加剂,ITO/ZnO/active layer/MoO3/Ag,BrC(C=C1)=CC2=C1C(C=CC(Br)=C3)=C3C2(C)C,0.87,15.71,72.59,9.92,0.96002415,3.566526597,3.566526597,0.081574074,0.081574074,0.58594186,15.52941176,352.069,339.973,349.9305746,86,0,0.017825731,-0.052939691,0.052939691,0.017825731,79.91976144,9.824494916,2.348222661,-2.212151532,2.492932228,-2.144091887,9.1044946,0.65932252,2.48632803,2.372801597,558.8140392,12.2067423,9.720030561,12.89202364,7.998037131,5.604032216,7.190028756,5.004811453,6.836162511,3.600089532,4.58659281,2.681949508,3.404120029,-0.6,9189.4684,11.488138,3.694460641,1.613353871,118.3125877,0,0,0,0,0,0,0,0,0,0,57.84009633,46.51927424,14.3604295,0,0,31.8598878,0,0,0,19.26246487,0,56.47054443,0,11.12690298,0,0,0,31.8598878,0,5.414990469,0,24.97437738,45.34364144,0,11.12690298,0,0,0,0,0,5.414990469,0,8.945439032,22.25380597,0,0,82.10556461,0,2.298512613,7.133053193,0,0,5.610601852,0,13.13135086,0,4.576481481,0,0.2,17,0,0,1,0,1,2,0,2,0,0,2,0,0,0,0,3,5.5179,79.406,0,0,0,0,0,0,0,0,0,0,0,0,0,0,0,0,0,0,0,0,0,0,0,0,0,0,0,0,0,0,0,0,0,0,2,0,3,0,0,0,0,0,0,0,2,0,0,0,0,0,0,0,0,0,0,0,0,0,0,0,0,0,0,0,0,0,0,0,0,0,0,0,0,0,0,0,0,0,0,0,0,0,0,0,0,0.764705882,1.176470588,1.588235294,0,0
G,19.2,DCT,PM6:Y6,1,挥发性液体添加剂,ITO/PEDOT:PSS/active layer/MoO3/Ag,ClC1=CC=C(Cl)S1,0.851,27.12,74.5,16.8,0.30377662,5.494598765,5.494598765,0.740740741,0.740740741,0.536790693,9.428571429,153.033,151.017,151.9254264,38,0,0.094374053,-0.111500715,0.111500715,0.094374053,35.49748651,10.67918424,1.885824513,-1.663320858,2.244266004,-1.298053022,7.193667759,2.016492547,1.866819311,3.042002767,141.9783335,5.276020882,3.318877775,5.647232248,3.2876937,1.696896366,3.269321893,1.043618907,3.390010153,0.54040706,1.917464562,0.29222137,1.493852457,0.28,46.67048278,5.417362637,2.032972652,1.335830113,55.67829884,0,0,0,0,0,0,0,0,0,11.33678588,23.20187978,12.13273414,0,8.672658031,0,34.53866566,0,0,0,0,0,20.80539217,0,0,0,0,0,34.53866566,0,0,0,0,12.13273414,8.672658031,0,0,0,0,0,0,0,0,8.672658031,11.33678588,12.13273414,0,0,23.20187978,1.481481481,12.36265432,0,0,0,0,3.544753086,0,0,0,0,7,0,0,0,0,0,0,1,1,1,0,3,0,0,0,0,1,3.0549,34.339,0,0,0,0,0,0,0,0,0,0,0,0,0,0,0,0,0,0,0,0,0,0,0,0,0,0,0,0,0,0,0,0,0,0,0,0,0,0,0,0,0,0,0,0,2,0,0,0,0,0,0,0,0,0,0,0,0,0,0,0,0,0,0,0,0,0,0,0,0,0,0,0,0,0,0,0,0,0,0,0,0,0,1,0,0,1.142857143,1.571428571,1.714285714,0,0
G,20.1,[2H]3T,PM6:Y6,1,非挥发性固体添加剂,Glass/ITO/ 2PACz/Active Layer/PDINN/Ag,C1(C2=CC=CS2)=CC=C(C3=CC=CS3)S1,0.85,26.5,75.7,17,0.21189175,2.213842593,2.213842593,1.363709373,1.363709373,0.584088348,10.66666667,248.397,240.333,247.9788133,74,0,0.044898716,-0.142984959,0.142984959,0.044898716,32.13813658,10.32814048,2.051043968,-1.891328243,2.373154212,-1.566801055,7.25312927,1.909580328,3.01550392,2.016215527,480.461682,10.08757567,7.843547025,10.29303677,7.43265299,4.609268307,7.18507051,3.118499787,6.097665129,2.134049244,5.350580886,1.440260387,4.115439361,-0.9,8211.217175,9.334906061,3.926969145,1.781493582,100.4666813,0,0,0,0,0,0,0,0,0,34.01035763,12.13273414,35.02559381,19.50858877,0,0,34.01035763,0,0,0,0,0,47.15832795,0,19.50858877,0,0,0,34.01035763,0,0,0,0,47.15832795,0,19.50858877,0,0,0,0,0,0,0,0,19.50858877,22.67357176,11.33678588,47.15832795,0,0,5.470002834,5.465196523,4.249739701,0,0,12.98172761,0,0,0,0,15,0,0,0,0,0,0,3,3,3,0,3,2,0,0,0,3,5.2051,70.945,0,0,0,0,0,0,0,0,0,0,0,0,0,0,0,0,0,0,0,0,0,0,0,0,0,0,0,0,0,0,0,0,0,0,0,0,0,0,0,0,0,0,0,0,0,0,0,0,0,0,0,0,0,0,0,0,0,0,0,0,0,0,0,0,0,0,0,0,0,0,0,0,0,0,0,0,0,0,0,0,0,0,3,0,0,0.6,1.133333333,1.533333333,0,0
G,20.2,[2F]3T,PM6:Y6,1,非挥发性固体添加剂,Glass/ITO/ 2PACz/Active Layer/PDINN/Ag,FC1=C(C2=CC=CS2)SC(C3=CC=CS3)=C1F,0.85,27,76.6,17.6,1.571768,13.82401833,13.82401833,0.389722222,-0.735324074,0.58398331,10.94117647,284.377,278.329,283.9599696,86,0,0.178457197,-0.202073488,0.202073488,0.178457197,32.13813809,10.29423999,2.210997485,-1.889961563,2.423342454,-1.77893303,7.253835618,0.520617045,3.02291826,2.17653335,566.3174248,11.82806265,8.444775433,10.89426518,8.270856948,4.826549177,7.402351381,3.342877676,6.258886789,2.285469536,5.525106916,1.523460071,4.27700096,-1.04,17245.74867,11.07346174,4.326065133,1.839406308,108.7977521,0,0,11.63444168,0,0,0,0,8.780830095,0,34.01035763,12.13273414,22.89285968,9.754294387,9.754294387,8.780830095,34.01035763,0,0,0,0,0,46.6600355,0,19.50858877,0,8.780830095,0,34.01035763,0,0,11.63444168,0,35.02559381,0,19.50858877,0,0,11.63444168,8.780830095,0,0,9.754294387,9.754294387,34.01035763,12.13273414,22.89285968,0,0,27.64803666,4.005650983,2.324270597,3.716693594,0,-1.470648148,7.275996315,0,0,0,0,17,0,0,0,0,0,0,3,3,3,0,5,2,0,0,0,3,5.4833,70.861,0,0,0,0,0,0,0,0,0,0,0,0,0,0,0,0,0,0,0,0,0,0,0,0,0,0,0,0,0,0,0,0,0,0,0,0,0,0,0,0,0,0,0,0,2,0,0,0,0,0,0,0,0,0,0,0,0,0,0,0,0,0,0,0,0,0,0,0,0,0,0,0,0,0,0,0,0,0,0,0,0,0,3,0,0,0.764705882,1.235294118,1.588235294,0,0
G,21.1,T-2OEH,PM6：L8-BO,1,液体添加剂,ITO/2PACz/active layer/PDINN/Ag,CCC(CCCC)CCOC1=CSC=C1OCCC(CCCC)CC,0.904,26.8,79.9,19.3,2.05591513,6.023615121,6.023615121,0.797992709,0.797992709,0.297175396,13.6,368.627,328.307,368.2749015,146,0,0.171351346,-0.488805437,0.488805437,0.171351346,32.13338788,9.962444879,2.110062461,-2.162071426,2.323483511,-2.083571777,7.080221936,0.232180896,3.077051253,2.30528338,379.4146479,18.33021636,17.01942732,17.8359239,12.24424336,10.56227022,11.50507926,7.207564697,7.951134745,5.24688948,5.947207357,3.245939754,3.929565582,-0.7,433338.0509,22.34115226,14.46747618,9.532935638,159.8678149,9.473725908,0,11.49902367,0,0,0,0,0,0,11.33678588,79.06152178,24.67745534,10.76012554,13.21376393,9.473725908,11.33678588,0,0,11.83581209,91.90316503,13.21376393,10.76012554,0,11.49902367,9.473725908,0,11.49902367,11.33678588,13.21376393,0,11.83581209,91.90316503,10.76012554,0,0,0,18.46,0,0,0,0,0,49.39024293,51.36657298,11.33678588,0,38.45507434,9.473725908,12.04723024,1.673157458,0,4.160149124,0,3.479228467,0,12.73330351,10.74026453,0,0.818181818,25,0,2,0,0,0,0,1,1,3,0,3,16,0,0,0,1,7.7187,111.155,0,0,0,0,0,0,0,0,0,0,0,0,0,0,0,0,0,0,0,0,0,0,0,0,0,0,0,0,0,0,0,0,0,0,0,0,0,0,0,0,0,2,0,0,0,0,0,0,0,0,0,0,0,0,0,0,0,0,0,0,0,0,0,0,0,0,0,0,0,0,0,0,0,0,0,0,0,0,0,0,0,0,1,2,0,0.72,1.16,1.52,0,0
G,21.2,T-2OBD,PM6：L8-BO,1,液体添加剂,ITO/2PACz/active layer/PDINN/Ag,CCCCC(CCCCCC)CCOC1=CSC=C1OCCC(CCCC)CCCCCC,0.902,27.2,79.6,19.4,0.09076085,6.214728089,6.214728089,0.81652064,0.81652064,0.136921655,13.21212121,480.843,424.395,480.400102,194,0,0.171351346,-0.488805435,0.488805435,0.171351346,32.1333884,9.924338926,2.128603069,-2.181563216,2.328114397,-2.094654785,7.080229987,0.227937882,3.271316946,2.381709888,482.6212043,23.98707061,22.67628157,23.49277815,16.24424336,14.56227022,15.50507926,10.08973873,10.83330878,7.024040594,7.724358472,4.726372237,5.409998065,-0.7,21144677.22,30.33095975,21.80802541,15.7535877,210.7873518,9.473725908,0,11.49902367,0,0,0,0,0,0,11.33678588,130.4280948,24.67745534,10.76012554,13.21376393,9.473725908,11.33678588,0,0,11.83581209,143.269738,13.21376393,10.76012554,0,11.49902367,9.473725908,0,11.49902367,11.33678588,13.21376393,0,11.83581209,143.269738,10.76012554,0,0,0,18.46,0,0,0,0,0,36.54859969,115.5747892,11.33678588,0,38.45507434,9.473725908,12.42945618,1.700336688,0,4.243938853,0,3.565038496,0,24.0506848,10.84387832,0,0.866666667,33,0,2,0,0,0,0,1,1,3,0,3,24,0,0,0,1,10.8395,148.091,0,0,0,0,0,0,0,0,0,0,0,0,0,0,0,0,0,0,0,0,0,0,0,0,0,0,0,0,0,0,0,0,0,0,0,0,0,0,0,0,0,2,0,0,0,0,0,0,0,0,0,0,0,0,0,0,0,0,0,0,0,0,0,0,0,0,0,0,0,0,0,0,0,0,0,0,0,0,0,0,0,0,1,8,0,0.515151515,0.909090909,1.303030303,0,0
G,21.3,T-2OHD,PM6：L8-BO,1,液体添加剂,ITO/2PACz/active layer/PDINN/Ag,CCCCCCC(CCCCCCCC)CCOC1=CSC=C1OCCC(CCCCCCCC)CCCCCC,0.901,27.6,79.7,19.6,2.05471647,6.340903727,6.340903727,0.816179954,0.816179954,0.077460221,12.97560976,593.059,520.483,592.5253025,242,0,0.171351346,-0.488805435,0.488805435,0.171351346,32.13338892,9.916271803,2.134212186,-2.185563962,2.330274347,-2.096163479,7.080238049,0.227405289,3.427955478,2.43370823,589.4761424,29.64392486,28.33313582,29.1496324,20.24424336,18.56227022,19.50507926,12.91816585,13.6617359,9.024040594,9.724358472,6.167459253,6.851085081,-0.7,1037294847,38.3248139,29.37532268,22.49657353,261.7068887,9.473725908,0,11.49902367,0,0,0,0,0,0,11.33678588,181.7946677,24.67745534,10.76012554,13.21376393,9.473725908,11.33678588,0,0,11.83581209,194.636311,13.21376393,10.76012554,0,11.49902367,9.473725908,0,11.49902367,11.33678588,13.21376393,0,11.83581209,194.636311,10.76012554,0,0,0,18.46,0,0,0,0,0,36.54859969,166.9413622,11.33678588,0,38.45507434,9.473725908,12.68180745,1.719095433,0,4.301293027,0,3.594801661,0,35.63789404,10.89844172,0,0.894736842,41,0,2,0,0,0,0,1,1,3,0,3,32,0,0,0,1,13.9603,185.027,0,0,0,0,0,0,0,0,0,0,0,0,0,0,0,0,0,0,0,0,0,0,0,0,0,0,0,0,0,0,0,0,0,0,0,0,0,0,0,0,0,2,0,0,0,0,0,0,0,0,0,0,0,0,0,0,0,0,0,0,0,0,0,0,0,0,0,0,0,0,0,0,0,0,0,0,0,0,0,0,0,0,1,16,0,0.414634146,0.707317073,1.048780488,0,0
G,21.4,T-2OOD,PM6：L8-BO,1,液体添加剂,ITO/2PACz/active layer/PDINN/Ag,CCCCCCCCC(CCCCCCCCCC)CCOC1=CSC=C1OCCC(CCCCCCCC)CCCCCCCCCC,0.902,27.8,80.2,19.8,2.06094026,6.430863284,6.430863284,0.813279621,0.813279621,0.063323987,12.81632653,705.275,616.571,704.6505031,290,0,0.171351346,-0.488805435,0.488805435,0.171351346,32.13338944,9.914220467,2.136866947,-2.186448336,2.331675517,-2.096375872,7.08024616,0.22733895,3.558701252,2.468838955,699.5113181,35.30077911,33.98999007,34.80648665,24.24424336,22.56227022,23.50507926,15.74659298,16.49016303,11.02404059,11.72435847,7.581672815,8.265298643,-0.7,50563628968,46.32070393,37.0697575,29.56298621,312.6264257,9.473725908,0,11.49902367,0,0,0,0,0,0,11.33678588,233.1612407,24.67745534,10.76012554,13.21376393,9.473725908,11.33678588,0,0,11.83581209,246.002884,13.21376393,10.76012554,0,11.49902367,9.473725908,0,11.49902367,11.33678588,13.21376393,0,11.83581209,246.002884,10.76012554,0,0,0,18.46,0,0,0,0,0,36.54859969,218.3079352,11.33678588,0,38.45507434,9.473725908,12.86172657,1.73282768,0,4.343071012,0,3.609785202,0,47.35594167,10.9299812,0,0.913043478,49,0,2,0,0,0,0,1,1,3,0,3,40,0,0,0,1,17.0811,221.963,0,0,0,0,0,0,0,0,0,0,0,0,0,0,0,0,0,0,0,0,0,0,0,0,0,0,0,0,0,0,0,0,0,0,0,0,0,0,0,0,0,2,0,0,0,0,0,0,0,0,0,0,0,0,0,0,0,0,0,0,0,0,0,0,0,0,0,0,0,0,0,0,0,0,0,0,0,0,0,0,0,0,1,24,0,0.346938776,0.591836735,0.857142857,0,0
